title,type,release_year,rating,duration,country,duration_num,type_encoded,rating_encoded,country_encoded,cluster
Dick Johnson Is Dead,Movie,2020,PG-13,90 min,United States,90,0,4,603,1
Blood & Water,TV Show,2021,TV-MA,2 Seasons,South Africa,2,1,8,426,0
Kota Factory,TV Show,2021,TV-MA,2 Seasons,India,2,1,8,251,0
Sankofa,Movie,1993,TV-MA,125 min,"United States, Ghana, Burkina Faso, United Kingdom, Germany, Ethiopia",125,0,8,663,2
The Great British Baking Show,TV Show,2021,TV-14,9 Seasons,United Kingdom,9,1,6,506,0
The Starling,Movie,2021,PG-13,104 min,United States,104,0,4,603,1
Je Suis Karl,Movie,2021,TV-MA,127 min,"Germany, Czech Republic",127,0,8,218,2
Dear White People,TV Show,2021,TV-MA,4 Seasons,United States,4,1,8,603,0
Falsa identidad,TV Show,2020,TV-MA,2 Seasons,Mexico,2,1,8,342,0
Resurrection: Ertugrul,TV Show,2018,TV-14,5 Seasons,Turkey,5,1,6,492,0
Jeans,Movie,1998,TV-14,166 min,India,166,0,6,251,2
Love on the Spectrum,TV Show,2021,TV-14,2 Seasons,Australia,2,1,6,15,0
Grown Ups,Movie,2010,PG-13,103 min,United States,103,0,4,603,1
Dark Skies,Movie,2013,PG-13,97 min,United States,97,0,4,603,1
Paranoia,Movie,2013,PG-13,106 min,"United States, India, France",106,0,4,673,1
Sex Education,TV Show,2020,TV-MA,3 Seasons,United Kingdom,3,1,8,506,0
Angry Birds,TV Show,2018,TV-Y7,1 Season,Finland,1,1,11,156,0
Birth of the Dragon,Movie,2017,PG-13,96 min,"China, Canada, United States",96,0,4,106,1
Chhota Bheem,TV Show,2021,TV-Y7,3 Seasons,India,3,1,11,251,0
He-Man and the Masters of the Universe,TV Show,2021,TV-Y7,1 Season,United States,1,1,11,603,0
Jaws,Movie,1975,PG,124 min,United States,124,0,3,603,2
Jaws 2,Movie,1978,PG,116 min,United States,116,0,3,603,2
Jaws 3,Movie,1983,PG,98 min,United States,98,0,3,603,1
Jaws: The Revenge,Movie,1987,PG-13,91 min,United States,91,0,4,603,1
Safe House,Movie,2012,R,115 min,"South Africa, United States, Japan",115,0,5,433,1
Training Day,Movie,2001,R,122 min,United States,122,0,5,603,2
Castle and Castle,TV Show,2021,TV-MA,2 Seasons,Nigeria,2,1,8,368,0
Dharmakshetra,TV Show,2014,TV-PG,1 Season,India,1,1,9,251,0
InuYasha the Movie 2: The Castle Beyond the Looking Glass,Movie,2002,TV-14,99 min,Japan,99,0,6,319,1
InuYasha the Movie 3: Swords of an Honorable Ruler,Movie,2003,TV-14,99 min,Japan,99,0,6,319,1
InuYasha the Movie 4: Fire on the Mystic Island,Movie,2004,TV-PG,88 min,Japan,88,0,9,319,1
InuYasha the Movie: Affections Touching Across Time,Movie,2001,TV-PG,100 min,Japan,100,0,9,319,1
Nailed It,TV Show,2021,TV-PG,6 Seasons,United States,6,1,9,603,0
Naruto Shippuden the Movie: Blood Prison,Movie,2011,TV-14,102 min,Japan,102,0,6,319,1
Naruto Shippûden the Movie: Bonds,Movie,2008,TV-PG,93 min,Japan,93,0,9,319,1
Naruto Shippûden the Movie: The Will of Fire,Movie,2009,TV-PG,96 min,Japan,96,0,9,319,1
Naruto Shippuden: The Movie,Movie,2007,TV-PG,95 min,Japan,95,0,9,319,1
Naruto Shippuden: The Movie: The Lost Tower,Movie,2010,TV-14,85 min,Japan,85,0,6,319,1
Naruto the Movie 2: Legend of the Stone of Gelel,Movie,2005,TV-PG,97 min,Japan,97,0,9,319,1
Naruto the Movie 3: Guardians of the Crescent Moon Kingdom,Movie,2006,TV-PG,95 min,Japan,95,0,9,319,1
Naruto the Movie: Ninja Clash in the Land of Snow,Movie,2004,TV-PG,83 min,Japan,83,0,9,319,3
Numberblocks,TV Show,2021,TV-Y,6 Seasons,United Kingdom,6,1,10,506,0
Raja Rasoi Aur Anya Kahaniyan,TV Show,2014,TV-G,1 Season,India,1,1,7,251,0
Saved by the Bell,TV Show,1994,TV-PG,9 Seasons,United States,9,1,9,603,0
Stories by Rabindranath Tagore,TV Show,2015,TV-PG,1 Season,India,1,1,9,251,0
Jack Whitehall: Travels with My Father,TV Show,2021,TV-MA,5 Seasons,United Kingdom,5,1,8,506,0
King of Boys,Movie,2018,TV-MA,182 min,Nigeria,182,0,8,368,2
Yowamushi Pedal,TV Show,2013,TV-14,1 Season,Japan,1,1,6,319,0
Kate,Movie,2021,R,106 min,United States,106,0,5,603,1
Lucifer,TV Show,2021,TV-14,6 Seasons,United States,6,1,6,603,0
Omo Ghetto: the Saga,Movie,2020,TV-MA,147 min,Nigeria,147,0,8,368,2
Paradise Hills,Movie,2019,TV-MA,95 min,"Spain, United States",95,0,8,469,1
The Women and the Murderer,Movie,2021,TV-14,92 min,France,92,0,6,162,1
Into the Night,TV Show,2021,TV-MA,2 Seasons,Belgium,2,1,8,38,0
Show Dogs,Movie,2018,PG,90 min,"United Kingdom, United States",90,0,3,589,1
The Circle,TV Show,2021,TV-MA,3 Seasons,"United States, United Kingdom",3,1,8,718,0
If I Leave Here Tomorrow: A Film About Lynyrd Skynyrd,Movie,2018,TV-MA,97 min,United States,97,0,8,603,1
Kid Cosmic,TV Show,2021,TV-Y7,2 Seasons,United States,2,1,11,603,0
Octonauts: Above & Beyond,TV Show,2021,TV-Y,1 Season,United Kingdom,1,1,10,506,0
On the Verge,TV Show,2021,TV-MA,1 Season,"France, United States",1,1,8,206,0
Untold: Breaking Point,Movie,2021,TV-MA,80 min,United States,80,0,8,603,3
Tayo the Little Bus,TV Show,2016,TV-Y,2 Seasons,South Korea,2,1,10,435,0
Angamaly Diaries,Movie,2017,TV-14,128 min,India,128,0,6,251,2
Bunk'd,TV Show,2021,TV-G,5 Seasons,United States,5,1,7,603,0
A Champion Heart,Movie,2018,G,90 min,United States,90,0,0,603,1
Dive Club,TV Show,2021,TV-G,1 Season,Australia,1,1,7,15,0
La casa de papel,TV Show,2021,TV-MA,5 Seasons,Spain,5,1,8,444,0
Sharkdog,TV Show,2021,TV-Y,1 Season,"United States, Singapore",1,1,10,705,0
Anjaam,Movie,1994,TV-14,143 min,India,143,0,6,251,2
Bright Star,Movie,2009,PG,119 min,"United Kingdom, Australia, France",119,0,3,510,2
Dhanak,Movie,2015,TV-PG,114 min,India,114,0,9,251,1
Final Account,Movie,2021,PG-13,94 min,"United Kingdom, United States",94,0,4,589,1
Gurgaon,Movie,2017,TV-14,106 min,India,106,0,6,251,1
Heroes of Goo Jit Zu,TV Show,2021,TV-Y7,1 Season,Australia,1,1,11,15,0
In the Cut,Movie,2003,R,118 min,"United Kingdom, Australia, France, United States",118,0,5,511,1
Pororo - The Little Penguin,TV Show,2013,TV-Y7,3 Seasons,South Korea,3,1,11,435,0
Q-Force,TV Show,2021,TV-MA,1 Season,United States,1,1,8,603,0
Shikara,Movie,2020,TV-14,115 min,India,115,0,6,251,1
A Cinderella Story,Movie,2004,PG,95 min,"United States, Canada",95,0,3,621,1
An Unfinished Life,Movie,2005,PG-13,108 min,"Germany, United States",108,0,4,228,1
Blade Runner: The Final Cut,Movie,1982,R,117 min,United States,117,0,5,603,2
Chappie,Movie,2015,R,121 min,"South Africa, United States",121,0,5,431,2
Clear and Present Danger,Movie,1994,PG-13,142 min,"United States, Mexico",142,0,4,690,2
Cliffhanger,Movie,1993,R,113 min,"United States, Italy, France, Japan",113,0,5,683,1
Cold Mountain,Movie,2003,R,154 min,"United States, Italy, Romania, United Kingdom",154,0,5,684,2
Crocodile Dundee in Los Angeles,Movie,2001,PG,95 min,"Australia, United States",95,0,3,30,1
Dear John,Movie,2010,PG-13,108 min,United States,108,0,4,603,1
Do the Right Thing,Movie,1989,R,120 min,United States,120,0,5,603,2
"El patrón, radiografía de un crimen",Movie,2014,TV-MA,100 min,"Argentina, Venezuela",100,0,8,14,1
Extraction,Movie,2015,R,82 min,"United States, United Kingdom, Canada",82,0,5,720,3
Freedom Writers,Movie,2007,PG-13,124 min,"Germany, United States",124,0,4,228,2
Green Lantern,Movie,2011,PG-13,114 min,United States,114,0,4,603,1
House Party,Movie,1990,R,104 min,United States,104,0,5,603,1
House Party 2,Movie,1991,R,94 min,United States,94,0,5,603,1
House Party 3,Movie,1994,R,94 min,United States,94,0,5,603,1
I Got the Hook Up,Movie,1998,R,93 min,United States,93,0,5,603,1
In Too Deep,Movie,1999,R,97 min,United States,97,0,5,603,1
Initial D,Movie,2005,TV-14,109 min,"China, Hong Kong",109,0,6,108,1
Janoskians: Untold and Untrue,Movie,2016,TV-MA,88 min,United States,88,0,8,603,1
Kid-E-Cats,TV Show,2016,TV-Y,2 Seasons,Russia,2,1,10,407,0
Kuroko's Basketball,TV Show,2015,TV-MA,3 Seasons,Japan,3,1,8,319,0
Labyrinth,Movie,1986,PG,101 min,"United Kingdom, United States",101,0,3,589,1
Letters to Juliet,Movie,2010,PG,105 min,United States,105,0,3,603,1
Level 16,Movie,2018,TV-14,102 min,Canada,102,0,6,58,1
Love Don't Cost a Thing,Movie,2003,PG-13,101 min,United States,101,0,4,603,1
Love in a Puff,Movie,2010,TV-MA,103 min,Hong Kong,103,0,8,239,1
Major Dad,TV Show,1992,TV-PG,4 Seasons,United States,4,1,9,603,0
Mars Attacks!,Movie,1996,PG-13,106 min,United States,106,0,4,603,1
Marshall,Movie,2017,PG-13,118 min,"United States, China, Hong Kong",118,0,4,635,1
My Boss's Daughter,Movie,2003,R,86 min,United States,86,0,5,603,1
Mystery Men,Movie,1999,PG-13,121 min,United States,121,0,4,603,2
Once Upon a Time in America,Movie,1984,R,229 min,"Italy, United States",229,0,5,316,2
Open Season 2,Movie,2008,PG,76 min,"United States, Canada",76,0,3,621,3
Osmosis Jones,Movie,2001,PG,95 min,United States,95,0,3,603,1
Poseidon,Movie,2006,PG-13,98 min,United States,98,0,4,603,1
Rhyme & Reason,Movie,1997,R,89 min,United States,89,0,5,603,1
Same Kind of Different as Me,Movie,2017,PG-13,120 min,United States,120,0,4,603,1
School of Rock,Movie,2003,PG-13,110 min,"United States, Germany",110,0,4,656,1
Snervous Tyler Oakley,Movie,2015,PG-13,83 min,United States,83,0,4,603,3
Tears of the Sun,Movie,2003,R,121 min,United States,121,0,5,603,2
The Blue Lagoon,Movie,1980,R,105 min,United States,105,0,5,603,1
The Golden Child,Movie,1986,PG-13,94 min,United States,94,0,4,603,1
The Guns of Navarone,Movie,1961,TV-14,156 min,"United Kingdom, United States",156,0,6,589,2
The Interview,Movie,2014,R,112 min,United States,112,0,5,603,1
The Nutty Professor,Movie,1996,PG-13,95 min,United States,95,0,4,603,1
Welcome Home Roscoe Jenkins,Movie,2008,PG-13,114 min,United States,114,0,4,603,1
In the Line of Fire,Movie,1993,R,129 min,United States,129,0,5,603,2
Sparking Joy,TV Show,2021,TV-PG,1 Season,United States,1,1,9,603,0
2 Alone in Paris,Movie,2008,TV-MA,97 min,France,97,0,8,162,1
Thimmarusu,Movie,2021,TV-14,125 min,India,125,0,6,251,2
Wind River,Movie,2017,R,107 min,"United Kingdom, Canada, United States",107,0,5,520,1
C Kkompany,Movie,2008,TV-14,127 min,India,127,0,6,251,2
D.P.,TV Show,2021,TV-MA,1 Season,", South Korea",1,1,8,1,0
EMI: Liya Hai To Chukana Padega,Movie,2008,TV-14,128 min,India,128,0,6,251,2
King of Boys: The Return of the King,TV Show,2021,TV-MA,1 Season,Nigeria,1,1,8,368,0
Koi Aap Sa,Movie,2006,TV-14,135 min,India,135,0,6,251,2
Krishna Cottage,Movie,2004,TV-14,124 min,India,124,0,6,251,2
Kucch To Hai,Movie,2003,TV-14,136 min,India,136,0,6,251,2
Kyaa Kool Hai Hum,Movie,2005,TV-MA,165 min,India,165,0,8,251,2
Kyaa Kool Hain Hum 3,Movie,2016,TV-MA,124 min,India,124,0,8,251,2
Kyaa Super Kool Hain Hum,Movie,2012,TV-MA,136 min,India,136,0,8,251,2
Kyo Kii... Main Jhuth Nahin Bolta,Movie,2001,TV-14,150 min,India,150,0,6,251,2
"LSD: Love, Sex Aur Dhokha",Movie,2010,TV-MA,112 min,India,112,0,8,251,1
Mission Istaanbul: Darr Ke Aagey Jeet Hai,Movie,2008,TV-14,119 min,India,119,0,6,251,2
Once Upon a Time in Mumbaai,Movie,2010,TV-14,133 min,India,133,0,6,251,2
Once Upon a Time in Mumbai Dobaara!,Movie,2013,TV-14,142 min,India,142,0,6,251,2
Ragini MMS,Movie,2011,TV-MA,93 min,India,93,0,8,251,1
Ragini MMS 2,Movie,2014,TV-MA,113 min,India,113,0,8,251,1
Rebellion,TV Show,2016,TV-MA,2 Seasons,Ireland,2,1,8,279,0
Shootout at Lokhandwala,Movie,2007,TV-MA,116 min,India,116,0,8,251,1
Shor In the City,Movie,2011,TV-14,106 min,India,106,0,6,251,1
The Dirty Picture,Movie,2011,TV-14,145 min,India,145,0,6,251,2
EDENS ZERO,TV Show,2021,TV-14,1 Season,Japan,1,1,6,319,0
Family Reunion,TV Show,2021,TV-PG,4 Seasons,United States,4,1,9,603,0
Really Love,Movie,2020,TV-MA,95 min,United States,95,0,8,603,1
The November Man,Movie,2014,R,108 min,"United States, United Kingdom",108,0,5,718,1
The Old Ways,Movie,2020,TV-MA,90 min,United States,90,0,8,603,1
The Water Man,Movie,2021,PG,92 min,United States,92,0,3,603,1
Wheel of Fortune,TV Show,2019,TV-G,3 Seasons,United States,3,1,7,603,0
Count Me In,Movie,2021,TV-MA,82 min,United Kingdom,82,0,8,506,3
Manifest,TV Show,2021,TV-14,3 Seasons,United States,3,1,6,603,0
Sweet Girl,Movie,2021,R,110 min,United States,110,0,5,603,1
Like Crazy,Movie,2011,PG-13,91 min,United States,91,0,4,603,1
Bombay,Movie,1995,TV-14,135 min,India,135,0,6,251,2
Go! Go! Cory Carson,TV Show,2021,TV-Y,5 Seasons,United States,5,1,10,603,0
Pahuna,Movie,2018,TV-PG,82 min,"India, Nepal",82,0,9,262,3
Mother Goose Club,TV Show,2016,TV-Y,2 Seasons,United States,2,1,10,603,0
Walk of Shame,Movie,2014,R,94 min,United States,94,0,5,603,1
Rascal Does Not Dream of Bunny Girl Senpai,TV Show,2018,TV-14,1 Season,Japan,1,1,6,319,0
The Creative Indians,TV Show,2020,TV-MA,1 Season,India,1,1,8,251,0
The Piano,Movie,1993,R,121 min,"New Zealand, Australia, France, United States",121,0,5,364,2
Winx Club,TV Show,2015,TV-Y7,2 Seasons,Italy,2,1,11,302,0
Beckett,Movie,2021,TV-MA,110 min,"Italy, Brazil, Greece",110,0,8,304,1
Brand New Cherry Flavor,TV Show,2021,TV-MA,1 Season,United States,1,1,8,603,0
Fast & Furious Spy Racers,TV Show,2021,TV-Y7,5 Seasons,United States,5,1,11,603,0
Gone for Good,TV Show,2021,TV-MA,1 Season,France,1,1,8,162,0
Grace and Frankie,TV Show,2021,TV-MA,7 Seasons,United States,7,1,8,603,0
The Kingdom,TV Show,2021,TV-MA,1 Season,Argentina,1,1,8,2,0
Valeria,TV Show,2021,TV-MA,2 Seasons,Spain,2,1,8,444,0
AlRawabi School for Girls,TV Show,2021,TV-14,1 Season,Jordan,1,1,6,323,0
Lokillo: Nothing's the Same,Movie,2021,TV-MA,64 min,Colombia,64,0,8,121,3
Monster Hunter: Legends of the Guild,Movie,2021,TV-PG,59 min,"United States, Japan",59,0,9,686,3
Bake Squad,TV Show,2021,TV-PG,1 Season,United States,1,1,9,603,0
Brother Jekwu,Movie,2016,TV-14,101 min,Nigeria,101,0,6,368,1
La diosa del asfalto,Movie,2020,TV-MA,127 min,Mexico,127,0,8,342,2
Misha and the Wolves,Movie,2021,PG-13,90 min,"Belgium, United Kingdom",90,0,4,43,1
The Kissing Booth 3,Movie,2021,TV-14,114 min,"United Kingdom, United States",114,0,6,589,1
The Railway Man,Movie,2013,R,108 min,"Switzerland, United Kingdom, Australia",108,0,5,478,1
Gabby's Dollhouse,TV Show,2021,TV-Y,2 Seasons,United States,2,1,10,603,0
Las muñecas de la mafia,TV Show,2018,TV-MA,1 Season,Colombia,1,1,8,121,0
The Crowned Clown,TV Show,2019,TV-14,1 Season,South Korea,1,1,6,435,0
Untold: Malice at the Palace,Movie,2021,TV-MA,70 min,United States,70,0,8,603,3
SHAMAN KING,TV Show,2021,TV-14,1 Season,Japan,1,1,6,319,0
Quartet,Movie,2012,PG-13,98 min,United Kingdom,98,0,4,506,1
Slay,Movie,2021,TV-MA,86 min,South Africa,86,0,8,426,1
The Paper Tigers,Movie,2021,PG-13,111 min,United States,111,0,4,603,1
Hit & Run,TV Show,2021,TV-MA,1 Season,"Israel, United States",1,1,8,301,0
Navarasa,TV Show,2021,TV-MA,1 Season,India,1,1,8,251,0
Quam's Money,Movie,2020,TV-MA,115 min,Nigeria,115,0,8,368,1
The Swarm,Movie,2021,TV-14,102 min,France,102,0,6,162,1
Vivo,Movie,2021,PG,100 min,"Canada, United States",100,0,3,86,1
Chennai Express,Movie,2013,TV-14,135 min,India,135,0,6,251,2
City of God: 10 Years Later,Movie,2013,TV-MA,69 min,Brazil,69,0,8,45,3
Esperando la carroza,Movie,1985,TV-MA,95 min,Argentina,95,0,8,2,1
Lady Boss: The Jackie Collins Story,Movie,2021,TV-14,97 min,United Kingdom,97,0,6,506,1
Tango Feroz,Movie,1993,TV-MA,124 min,"Argentina, Spain",124,0,8,9,2
'76,Movie,2016,TV-PG,118 min,Nigeria,118,0,9,368,1
Aftermath,Movie,2021,TV-MA,115 min,United States,115,0,8,603,1
American Masters: Inventing David Geffen,Movie,2012,TV-MA,115 min,United States,115,0,8,603,1
Cocaine Cowboys: The Kings of Miami,TV Show,2021,TV-MA,1 Season,United States,1,1,8,603,0
Control Z,TV Show,2021,TV-MA,2 Seasons,Mexico,2,1,8,342,0
Cooking With Paris,TV Show,2021,TV-MA,1 Season,United States,1,1,8,603,0
Autumn's Concerto,TV Show,2009,TV-14,1 Season,Taiwan,1,1,6,483,0
Heavy,Movie,1995,R,104 min,United States,104,0,5,603,1
Ije: The Journey,Movie,2010,TV-MA,106 min,"United States, Nigeria",106,0,8,699,1
Office Girls,TV Show,2011,TV-14,1 Season,Taiwan,1,1,6,483,0
Pray Away,Movie,2021,PG-13,102 min,United States,102,0,4,603,1
The Prince Who Turns into a Frog,TV Show,2005,TV-14,1 Season,Taiwan,1,1,6,483,0
Two Fathers,TV Show,2013,TV-14,1 Season,Taiwan,1,1,6,483,0
You're My Destiny,TV Show,2008,TV-MA,1 Season,Taiwan,1,1,8,483,0
30 Rock,TV Show,2012,TV-14,7 Seasons,United States,7,1,6,603,0
44 Cats,TV Show,2020,TV-Y7,3 Seasons,Italy,3,1,11,302,0
Beethoven,Movie,1992,PG,87 min,United States,87,0,3,603,1
Beethoven's 2nd,Movie,1993,PG,88 min,United States,88,0,3,603,1
Beowulf,Movie,2007,PG-13,114 min,"United States, United Kingdom",114,0,4,718,1
Boyka: Undisputed,Movie,2016,R,90 min,"Bulgaria, United States",90,0,5,53,1
Catch Me If You Can,Movie,2002,PG-13,142 min,"United States, Canada",142,0,4,621,2
Cloudy with a Chance of Meatballs,Movie,2009,PG,90 min,"United States, Canada",90,0,3,621,1
Deep Blue Sea,Movie,1999,R,105 min,"United States, Mexico",105,0,5,690,1
Ferris Bueller's Day Off,Movie,1986,PG-13,103 min,United States,103,0,4,603,1
Five Feet Apart,Movie,2019,PG-13,116 min,United States,116,0,4,603,1
Freedomland,Movie,2006,R,113 min,United States,113,0,5,603,1
Good Luck Chuck,Movie,2007,R,99 min,"United States, Canada",99,0,5,621,1
Hunter X Hunter (2011),TV Show,2014,TV-14,6 Seasons,Japan,6,1,6,319,0
Inception,Movie,2010,PG-13,148 min,"United States, United Kingdom",148,0,4,718,2
Magnolia,Movie,1999,R,189 min,United States,189,0,5,603,2
Major Payne,Movie,1995,PG-13,97 min,United States,97,0,4,603,1
My Girl,Movie,1991,PG-13,102 min,United States,102,0,4,603,1
My Girl 2,Movie,1994,PG,99 min,United States,99,0,3,603,1
Open Season: Scared Silly,Movie,2015,PG,85 min,"United States, Canada",85,0,3,621,1
Pineapple Express,Movie,2008,R,112 min,United States,112,0,5,603,1
Planet 51,Movie,2009,PG,91 min,"Spain, United Kingdom, United States",91,0,3,468,1
Poms,Movie,2019,PG-13,91 min,"United Kingdom, United States",91,0,4,589,1
Seabiscuit,Movie,2003,PG-13,141 min,United States,141,0,4,603,2
Space Cowboys,Movie,2000,PG-13,130 min,United States,130,0,4,603,2
Team America: World Police,Movie,2004,R,98 min,"United States, Germany",98,0,5,656,1
The Edge of Seventeen,Movie,2016,R,105 min,"United States, China",105,0,5,632,1
The Haunting in Connecticut 2: Ghosts of Georgia,Movie,2013,R,101 min,United States,101,0,5,603,1
The Last Boy Scout,Movie,1991,R,105 min,United States,105,0,5,603,1
The Lincoln Lawyer,Movie,2011,R,118 min,United States,118,0,5,603,1
The Losers,Movie,2010,PG-13,97 min,"United States, France",97,0,4,643,1
The Machinist,Movie,2004,R,102 min,"Spain, France, United Kingdom, United States",102,0,5,455,1
The Net,Movie,1995,PG-13,114 min,United States,114,0,4,603,1
The Original Kings of Comedy,Movie,2000,R,111 min,United States,111,0,5,603,1
Valentine's Day,Movie,2010,PG-13,125 min,United States,125,0,4,603,2
Charmed,TV Show,2021,TV-14,3 Seasons,United States,3,1,6,603,0
Eyes of a Thief,Movie,2014,TV-14,103 min,", France, Algeria",103,0,6,0,1
Glow Up,TV Show,2021,TV-14,3 Seasons,United Kingdom,3,1,6,506,0
Outer Banks,TV Show,2021,TV-MA,2 Seasons,United States,2,1,8,603,0
Flower Girl,Movie,2013,TV-PG,94 min,Nigeria,94,0,9,368,1
Bartkowiak,Movie,2021,TV-MA,92 min,Poland,92,0,8,394,1
Fantastic Fungi,Movie,2019,TV-14,81 min,United States,81,0,6,603,3
The Flash,TV Show,2021,TV-14,7 Seasons,United States,7,1,6,603,0
All American,TV Show,2021,TV-14,3 Seasons,United States,3,1,6,603,0
Department,Movie,2012,TV-MA,143 min,India,143,0,8,251,2
How to Sell Drugs Online (Fast),TV Show,2021,TV-MA,3 Seasons,Germany,3,1,8,212,0
Mighty Express,TV Show,2021,TV-Y,4 Seasons,"United States, Canada",4,1,10,621,0
The Operative,Movie,2019,TV-MA,117 min,"France, Israel, Germany, United States, United Kingdom",117,0,8,185,1
The Walking Dead,TV Show,2019,TV-MA,10 Seasons,United States,10,1,8,603,0
Wynonna Earp,TV Show,2020,TV-MA,4 Seasons,"Canada, United States",4,1,8,86,0
Django Unchained,Movie,2012,R,165 min,United States,165,0,5,603,2
A Second Chance:  Rivals!,Movie,2021,PG,91 min,Australia,91,0,3,15,1
Sky Rojo,TV Show,2021,TV-MA,2 Seasons,Spain,2,1,8,444,0
The Last Letter From Your Lover,Movie,2021,TV-MA,111 min,United Kingdom,111,0,8,506,1
The Movies That Made Us,TV Show,2021,TV-MA,2 Seasons,United States,2,1,8,603,0
Chhota Bheem And The Broken Amulet,Movie,2013,TV-Y7,64 min,India,64,0,11,251,3
Chhota Bheem aur Krishna,Movie,2009,TV-Y7,68 min,India,68,0,11,251,3
Chicago Med,TV Show,2019,TV-14,5 Seasons,United States,5,1,6,603,0
Cousins,Movie,2021,TV-MA,99 min,New Zealand,99,0,8,363,1
Sanitation Day,Movie,2020,TV-14,105 min,Nigeria,105,0,6,368,1
Milkwater,Movie,2020,TV-MA,102 min,United States,102,0,8,603,1
Okupas,TV Show,2020,TV-MA,1 Season,Argentina,1,1,8,2,0
The Tambour of Retribution,Movie,2021,TV-14,91 min,Saudi Arabia,91,0,6,412,1
Cosmic Sin,Movie,2021,R,88 min,United States,88,0,5,603,1
Deep,Movie,2021,TV-MA,101 min,Thailand,101,0,8,488,1
Explained,TV Show,2021,TV-MA,3 Seasons,United States,3,1,8,603,0
Johnny Test,TV Show,2021,TV-Y7,1 Season,"United States, Canada",1,1,11,621,0
The Beguiled,Movie,2017,R,94 min,United States,94,0,5,603,1
The Book of Henry,Movie,2017,PG-13,105 min,United States,105,0,4,603,1
The Twilight Saga: Breaking Dawn: Part 1,Movie,2011,PG-13,117 min,United States,117,0,4,603,1
The Twilight Saga: Breaking Dawn: Part 2,Movie,2012,PG-13,115 min,United States,115,0,4,603,1
The Twilight Saga: Eclipse,Movie,2010,PG-13,124 min,United States,124,0,4,603,2
The Twilight Saga: New Moon,Movie,2009,PG-13,131 min,United States,131,0,4,603,2
Twilight,Movie,2008,PG-13,122 min,United States,122,0,4,603,2
A Perfect Fit,Movie,2021,TV-PG,113 min,Indonesia,113,0,9,272,1
BEASTARS,TV Show,2021,TV-MA,2 Seasons,Japan,2,1,8,319,0
Her Private Life,TV Show,2019,TV-14,1 Season,South Korea,1,1,6,435,0
Lift Like a Girl,Movie,2021,TV-PG,93 min,"Egypt, Denmark, Germany",93,0,9,153,1
Never Have I Ever,TV Show,2021,TV-14,2 Seasons,United States,2,1,6,603,0
Surf's Up,Movie,2007,PG,86 min,"United States, Canada",86,0,3,621,1
This Changes Everything,Movie,2019,TV-MA,96 min,United States,96,0,8,603,1
A Classic Horror Story,Movie,2021,TV-MA,95 min,Italy,95,0,8,302,1
American Woman,Movie,2019,TV-MA,87 min,"United States, Canada",87,0,8,621,1
Ridley Jones,TV Show,2021,TV-Y,1 Season,United States,1,1,10,603,0
Born to Play,Movie,2020,TV-MA,93 min,United States,93,0,8,603,1
American Ultra,Movie,2015,R,96 min,"United States, Switzerland",96,0,5,714,1
Atypical,TV Show,2021,TV-14,4 Seasons,United States,4,1,6,603,0
Biohackers,TV Show,2021,TV-MA,2 Seasons,Germany,2,1,8,212,0
Ratchet and Clank,Movie,2016,PG,94 min,"Hong Kong, Canada, United States",94,0,3,240,1
Virgin River,TV Show,2021,TV-14,3 Seasons,United States,3,1,6,603,0
Back to Q82,Movie,2017,TV-14,104 min,"Kuwait, United States",104,0,6,327,1
Home Again,Movie,2017,PG-13,97 min,United States,97,0,4,603,1
Midnight Sun,Movie,2018,PG-13,91 min,United States,91,0,4,603,1
RESIDENT EVIL: Infinite Darkness,TV Show,2021,TV-MA,1 Season,"United States, Japan",1,1,8,686,0
Rock the Kasbah,Movie,2015,R,106 min,United States,106,0,5,603,1
Brick Mansions,Movie,2014,PG-13,90 min,"France, Canada, United States, Spain",90,0,4,178,1
Dogs,TV Show,2021,TV-PG,2 Seasons,United States,2,1,9,603,0
Tango With Me,Movie,2010,TV-14,104 min,Nigeria,104,0,6,368,1
The Mire,TV Show,2021,TV-MA,2 Seasons,Poland,2,1,8,394,0
This Little Love Of Mine,Movie,2021,TV-G,92 min,Australia,92,0,7,15,1
A Land Imagined,Movie,2019,TV-MA,95 min,"France, Netherlands, Singapore",95,0,8,194,1
Ask the StoryBots,TV Show,2019,TV-Y,3 Seasons,United States,3,1,10,603,0
Between,TV Show,2016,TV-14,2 Seasons,Canada,2,1,6,58,0
Chelsea,TV Show,2017,TV-MA,2 Seasons,United States,2,1,8,603,0
Code Lyoko,TV Show,2007,TV-Y7,4 Seasons,"France, Belgium",4,1,11,165,0
Colony,TV Show,2018,TV-14,3 Seasons,United States,3,1,6,603,0
Cuckoo,TV Show,2019,TV-MA,5 Seasons,United Kingdom,5,1,8,506,0
Derry Girls,TV Show,2019,TV-MA,2 Seasons,United Kingdom,2,1,8,506,0
Girl from Nowhere,TV Show,2021,TV-MA,2 Seasons,Thailand,2,1,8,488,0
Good Morning Call,TV Show,2017,TV-14,2 Seasons,Japan,2,1,6,319,0
Har Kisse Ke Hisse: Kaamyaab,Movie,2020,TV-14,105 min,India,105,0,6,251,1
I AM A KILLER,TV Show,2020,TV-MA,2 Seasons,United Kingdom,2,1,8,506,0
I Think You Should Leave with Tim Robinson,TV Show,2021,TV-MA,2 Seasons,United States,2,1,8,603,0
Kim's Convenience,TV Show,2021,TV-MA,5 Seasons,Canada,5,1,8,58,0
Larva,TV Show,2015,TV-Y7,3 Seasons,Russia,3,1,11,407,0
Marcella,TV Show,2019,TV-MA,3 Seasons,United Kingdom,3,1,8,506,0
Midnight Diner: Tokyo Stories,TV Show,2019,TV-MA,2 Seasons,Japan,2,1,8,319,0
My Little Pony: Friendship Is Magic,TV Show,2018,TV-Y,8 Seasons,"United States, Canada",8,1,10,621,0
Orange Is the New Black,TV Show,2019,TV-MA,7 Seasons,United States,7,1,8,603,0
Puffin Rock,TV Show,2016,TV-Y,2 Seasons,"Ireland, United States, United Kingdom",2,1,10,295,0
Rehmataan,Movie,2012,TV-14,116 min,India,116,0,6,251,1
Return of the Prodigal Son,Movie,1976,TV-MA,124 min,Egypt,124,0,8,150,2
Richie Rich,TV Show,2015,TV-G,2 Seasons,United States,2,1,7,603,0
Rise: Ini Kalilah,Movie,2018,TV-PG,101 min,Malaysia,101,0,9,338,1
Scream,TV Show,2019,TV-MA,3 Seasons,United States,3,1,8,603,0
Shtisel,TV Show,2021,TV-14,3 Seasons,Israel,3,1,6,296,0
Si Doel the Movie 2,Movie,2019,TV-G,95 min,Indonesia,95,0,7,272,1
Some Assembly Required,TV Show,2015,TV-Y,2 Seasons,Canada,2,1,10,58,0
Tales by Light,TV Show,2018,TV-14,3 Seasons,Australia,3,1,6,15,0
Terrace House: Opening New Doors,TV Show,2018,TV-14,6 Seasons,Japan,6,1,6,319,0
The A List,TV Show,2021,TV-PG,2 Seasons,United Kingdom,2,1,9,506,0
The New Legends of Monkey,TV Show,2020,TV-PG,2 Seasons,"Australia, New Zealand",2,1,9,23,0
The Worst Witch,TV Show,2020,TV-G,4 Seasons,"United Kingdom, Germany",4,1,7,545,0
Truckbhar Swapna,Movie,2018,TV-14,128 min,India,128,0,6,251,2
Ujala,Movie,1959,TV-14,143 min,India,143,0,6,251,2
Undercover,TV Show,2020,TV-MA,2 Seasons,"Belgium, Netherlands",2,1,8,42,0
Workin' Moms,TV Show,2021,TV-MA,5 Seasons,Canada,5,1,8,58,0
YooHoo to the Rescue,TV Show,2020,TV-Y,3 Seasons,South Korea,3,1,10,435,0
We the People,TV Show,2021,TV-Y7,1 Season,United States,1,1,11,603,0
Grey's Anatomy,TV Show,2020,TV-14,17 Seasons,United States,17,1,6,603,0
Haseen Dillruba,Movie,2021,TV-MA,136 min,India,136,0,8,251,2
Mortel,TV Show,2019,TV-MA,2 Seasons,France,2,1,8,162,0
RattleSnake - The Ahanna Story,Movie,2020,TV-MA,136 min,Nigeria,136,0,8,368,2
Snowpiercer,Movie,2013,R,126 min,"South Korea, Czech Republic",126,0,5,439,2
The 8th Night,Movie,2021,TV-14,116 min,South Korea,116,0,6,435,1
Winchester,Movie,2018,PG-13,100 min,"Australia, United States",100,0,4,30,1
6 Bullets,Movie,2012,R,115 min,United States,115,0,5,603,1
Air Force One,Movie,1997,R,125 min,"United States, Germany",125,0,5,656,2
Austin Powers in Goldmember,Movie,2002,PG-13,94 min,United States,94,0,4,603,1
Austin Powers: International Man of Mystery,Movie,1997,PG-13,90 min,United States,90,0,4,603,1
Austin Powers: The Spy Who Shagged Me,Movie,1999,PG-13,95 min,United States,95,0,4,603,1
Boogie Nights,Movie,1997,R,155 min,United States,155,0,5,603,2
Bureau of Magical Things,TV Show,2020,TV-G,1 Season,"Australia, Germany",1,1,7,20,0
Charlie's Angels,Movie,2000,PG-13,98 min,"United States, Germany",98,0,4,656,1
Congo,Movie,1995,PG-13,108 min,United States,108,0,4,603,1
Dennis the Menace,Movie,1993,PG,96 min,United States,96,0,3,603,1
Dreamy Eyes,Movie,2019,TV-14,117 min,Vietnam,117,0,6,745,1
Hampstead,Movie,2019,PG-13,103 min,"United Kingdom, Belgium",103,0,4,513,1
Kung Fu Panda,Movie,2008,PG,94 min,"United States, China",94,0,3,632,1
Kung Fu Panda 2,Movie,2011,PG,93 min,"United States, China",93,0,3,632,1
Life as We Know It,Movie,2010,PG-13,115 min,United States,115,0,4,603,1
Mary Magdalene,Movie,2019,R,120 min,"United Kingdom, Australia, United States",120,0,5,512,1
Memoirs of a Geisha,Movie,2005,PG-13,145 min,"France, Japan, United States",145,0,4,187,2
Midnight Run,Movie,1988,R,126 min,United States,126,0,5,603,2
Mortal Kombat,Movie,1995,PG-13,101 min,United States,101,0,4,603,1
Mother's Day,Movie,2016,PG-13,118 min,United States,118,0,4,603,1
No Strings Attached,Movie,2011,R,109 min,"United States, United Kingdom",109,0,5,718,1
Not Another Teen Movie,Movie,2001,R,89 min,United States,89,0,5,603,1
Ophelia,Movie,2018,PG-13,106 min,"United Kingdom, United States",106,0,4,589,1
Rainbow Rangers,TV Show,2018,TV-Y,1 Season,United States,1,1,10,603,0
Red Joan,Movie,2019,R,101 min,United Kingdom,101,0,5,506,1
Seven Pounds,Movie,2008,PG-13,123 min,United States,123,0,4,603,2
She's Out of My League,Movie,2010,R,106 min,United States,106,0,5,603,1
Snow Day,Movie,2000,PG,89 min,United States,89,0,3,603,1
Star Trek,Movie,2009,PG-13,128 min,"United States, Germany",128,0,4,656,2
Stuart Little,Movie,1999,PG,85 min,"Germany, United States",85,0,3,228,1
Sword of Trust,Movie,2019,R,89 min,United States,89,0,5,603,1
Talladega Nights: The Ballad of Ricky Bobby,Movie,2006,PG-13,108 min,United States,108,0,4,603,1
The American,Movie,2010,R,105 min,"United States, United Kingdom",105,0,5,718,1
The Best of Enemies,Movie,2019,PG-13,133 min,United States,133,0,4,603,2
The Game,Movie,1997,R,129 min,United States,129,0,5,603,2
The Karate Kid,Movie,1984,PG,127 min,United States,127,0,3,603,2
The Karate Kid Part II,Movie,1986,PG,113 min,United States,113,0,3,603,1
The Karate Kid Part III,Movie,1989,PG,112 min,United States,112,0,3,603,1
The Life of David Gale,Movie,2003,R,130 min,"United Kingdom, Germany, Spain, United States",130,0,5,549,2
The Long Riders,Movie,1980,R,100 min,United States,100,0,5,603,1
The Queen,Movie,2006,PG-13,103 min,"United Kingdom, United States, France, Italy",103,0,4,596,1
The Strangers,Movie,2008,R,85 min,United States,85,0,5,603,1
The Sum of All Fears,Movie,2002,PG-13,124 min,"United States, Germany, Canada",124,0,4,658,2
The Tourist,Movie,2010,PG-13,103 min,"United States, France, Italy, United Kingdom",103,0,4,649,1
Underworld,Movie,2003,R,121 min,"United States, United Kingdom, Germany, Hungary",121,0,5,727,2
Underworld: Awakening,Movie,2012,R,89 min,"United States, Canada",89,0,5,621,1
Underworld: Rise of the Lycans,Movie,2009,R,92 min,"United States, New Zealand",92,0,5,695,1
Voiceless,Movie,2020,TV-MA,112 min,Nigeria,112,0,8,368,1
What Dreams May Come,Movie,1998,PG-13,114 min,"United States, New Zealand",114,0,4,695,1
Why Do Fools Fall in Love,Movie,1998,R,116 min,United States,116,0,5,603,1
Young Royals,TV Show,2021,TV-MA,1 Season,Sweden,1,1,8,470,0
America: The Motion Picture,Movie,2021,TV-MA,98 min,United States,98,0,8,603,1
Droppin' Cash: Los Angeles,TV Show,2019,TV-MA,1 Season,United States,1,1,8,603,0
Lying and Stealing,Movie,2019,R,100 min,United States,100,0,5,603,1
Somos.,TV Show,2021,TV-MA,1 Season,Mexico,1,1,8,342,0
The Daily Life of the Immortal King,TV Show,2020,TV-14,1 Season,China,1,1,6,105,0
StarBeam,TV Show,2021,TV-Y,4 Seasons,United States,4,1,10,603,0
Killing Them Softly,Movie,2012,R,97 min,United States,97,0,5,603,1
The Seven Deadly Sins,TV Show,2021,TV-14,5 Seasons,Japan,5,1,6,319,0
Wonder Boy,Movie,2019,TV-14,83 min,France,83,0,6,162,3
Here Comes the Rain,Movie,2010,TV-MA,101 min,Lebanon,101,0,8,328,1
The Ice Road,Movie,2021,PG-13,109 min,"United States, Canada",109,0,4,621,1
Sex/Life,TV Show,2021,TV-MA,1 Season,United States,1,1,8,603,0
The Naked Director,TV Show,2021,TV-MA,2 Seasons,Japan,2,1,8,319,0
The Seventh Day,Movie,2021,R,87 min,United States,87,0,5,603,1
Too Hot to Handle,TV Show,2021,TV-MA,2 Seasons,United States,2,1,8,603,0
O Vendedor de Sonhos,Movie,2016,TV-14,96 min,Brazil,96,0,6,45,1
Osuofia in London,Movie,2003,TV-MA,84 min,Nigeria,84,0,8,368,3
#Selfie,Movie,2014,TV-MA,125 min,Romania,125,0,8,402,2
#Selfie 69,Movie,2016,TV-MA,119 min,Romania,119,0,8,402,1
Love Is a Story,Movie,2015,TV-MA,105 min,Romania,105,0,8,402,1
The Mole,TV Show,2001,TV-14,2 Seasons,United States,2,1,6,603,0
Bangkok Love Stories: Innocence,TV Show,2018,TV-14,1 Season,Thailand,1,1,6,488,0
Black Lightning,TV Show,2021,TV-14,4 Seasons,United States,4,1,6,603,0
Call My Agent!,TV Show,2018,TV-MA,4 Seasons,France,4,1,8,162,0
Champions,TV Show,2018,TV-14,1 Season,United States,1,1,6,603,0
Cleo & Cuquin,TV Show,2020,TV-Y,2 Seasons,Spain,2,1,10,444,0
Deadwind,TV Show,2020,TV-MA,2 Seasons,"Finland, Germany",2,1,8,158,0
Glee,TV Show,2015,TV-14,6 Seasons,United States,6,1,6,603,0
Hap and Leonard,TV Show,2018,TV-MA,3 Seasons,United States,3,1,8,603,0
Locked Up,TV Show,2020,TV-MA,5 Seasons,Spain,5,1,8,444,0
No Time for Shame,TV Show,2019,TV-MA,1 Season,Argentina,1,1,8,2,0
Pose,TV Show,2019,TV-MA,2 Seasons,United States,2,1,8,603,0
REA(L)OVE,TV Show,2018,TV-MA,1 Season,Japan,1,1,8,319,0
Riverdale,TV Show,2019,TV-14,4 Seasons,United States,4,1,6,603,0
Schitt's Creek,TV Show,2020,TV-MA,6 Seasons,"Canada, United States",6,1,8,86,0
The Assassination of Gianni Versace,TV Show,2018,TV-MA,1 Season,United States,1,1,8,603,0
The Judgement,TV Show,2018,TV-MA,1 Season,Thailand,1,1,8,488,0
The Last Dance,TV Show,2020,TV-MA,1 Season,United States,1,1,8,603,0
They've Gotta Have Us,TV Show,2018,TV-MA,1 Season,United Kingdom,1,1,8,506,0
Why Are You Like This,TV Show,2021,TV-MA,1 Season,Australia,1,1,8,15,0
Elite,TV Show,2021,TV-MA,4 Seasons,Spain,4,1,8,444,0
Fatherhood,Movie,2021,PG-13,111 min,United States,111,0,4,603,1
Hospital Playlist,TV Show,2021,TV-14,2 Seasons,South Korea,2,1,6,435,0
Kambili: The Whole 30 Yards,Movie,2020,TV-14,119 min,Nigeria,119,0,6,368,1
Aziza,Movie,2019,TV-PG,13 min,"Lebanon, Syria",13,0,9,333,0
Black Summer,TV Show,2021,TV-MA,2 Seasons,"Canada, United States",2,1,8,86,0
Fan Girl,Movie,2020,TV-MA,101 min,Philippines,101,0,8,388,1
Katla,TV Show,2021,TV-MA,1 Season,Iceland,1,1,8,249,0
Red Snow,Movie,2019,TV-MA,96 min,Canada,96,0,8,58,1
Silver Linings Playbook,Movie,2012,R,122 min,United States,122,0,5,603,2
The Gift,TV Show,2021,TV-MA,3 Seasons,Turkey,3,1,8,492,0
Biking Borders,Movie,2019,TV-14,89 min,Germany,89,0,6,212,1
Lowriders,Movie,2016,PG-13,98 min,United States,98,0,4,603,1
Millennials,TV Show,2020,TV-MA,3 Seasons,Argentina,3,1,8,2,0
Security,Movie,2021,TV-MA,119 min,Italy,119,0,8,302,1
Avengers Climate Conundrum,TV Show,2020,TV-Y7,1 Season,United States,1,1,11,603,0
FTA,Movie,1972,TV-MA,104 min,United States,104,0,8,603,1
Life of Crime,Movie,2013,R,101 min,United States,101,0,5,603,1
Power Rangers Dino Fury,TV Show,2021,TV-G,1 Season,United States,1,1,7,603,0
Rogue Warfare: Death of a Nation,Movie,2020,R,99 min,United States,99,0,5,603,1
Sir! No Sir!,Movie,2005,TV-MA,84 min,United States,84,0,8,603,3
The American Bible Challenge,TV Show,2014,TV-G,1 Season,United States,1,1,7,603,0
The Reason I Jump,Movie,2021,TV-14,82 min,"United States, United Kingdom",82,0,6,718,3
Metallica: Some Kind of Monster,TV Show,2014,TV-MA,1 Season,United States,1,1,8,603,0
Picture a Scientist,Movie,2020,TV-MA,97 min,United States,97,0,8,603,1
The Devil Below,Movie,2021,TV-MA,89 min,United States,89,0,8,603,1
Love (ft. Marriage and Divorce),TV Show,2021,TV-14,2 Seasons,South Korea,2,1,6,435,0
LEGO Friends: The Power of Friendship,TV Show,2016,TV-Y7,2 Seasons,Denmark,2,1,11,134,0
Lupin,TV Show,2021,TV-MA,2 Seasons,"France, United States",2,1,8,206,0
Sarbath,Movie,2021,TV-PG,113 min,India,113,0,9,251,1
Skater Girl,Movie,2021,PG,110 min,"United States, India",110,0,3,671,1
Trese,TV Show,2021,TV-MA,1 Season,"Philippines, Singapore, Indonesia",1,1,8,392,0
Wish Dragon,Movie,2021,PG,102 min,"China, United States, Canada",102,0,3,119,1
A Haunted House 2,Movie,2014,R,86 min,United States,86,0,5,603,1
Blind Intersections,Movie,2012,TV-MA,91 min,"Lebanon, United Arab Emirates",91,0,8,334,1
Camellia Sisters,Movie,2021,TV-MA,117 min,Vietnam,117,0,8,745,1
Copenhagen,Movie,2014,TV-MA,99 min,"Canada, United States, Denmark",99,0,8,88,1
Locombianos,TV Show,2021,TV-MA,1 Season,Colombia,1,1,8,121,0
Until Midnight,Movie,2019,TV-14,77 min,United Arab Emirates,77,0,6,499,3
Awake,Movie,2021,TV-MA,97 min,United States,97,0,8,603,1
Confusion Na Wa,Movie,2013,TV-MA,106 min,Nigeria,106,0,8,368,1
"Fresh, Fried & Crispy",TV Show,2021,TV-PG,1 Season,United States,1,1,9,603,0
L.A.’s Finest,TV Show,2021,TV-MA,2 Seasons,United States,2,1,8,603,0
Tragic Jungle,Movie,2021,TV-MA,97 min,"Mexico, France, Colombia",97,0,8,347,1
Vampire Academy,Movie,2014,PG-13,104 min,"United States, United Kingdom",104,0,4,718,1
"Newly Rich, Newly Poor",TV Show,2007,TV-MA,1 Season,Colombia,1,1,8,121,0
A Private War,Movie,2018,R,110 min,"United Kingdom, United States",110,0,5,589,1
Kitty Love: An Homage to Cats,Movie,2021,TV-G,61 min,Netherlands,61,0,7,354,3
Small Chops,Movie,2020,TV-MA,98 min,Nigeria,98,0,8,368,1
Breaking Boundaries: The Science Of Our Planet,Movie,2021,TV-PG,74 min,United States,74,0,9,603,3
Feel Good,TV Show,2021,TV-MA,2 Seasons,United Kingdom,2,1,8,506,0
Sweet & Sour,Movie,2021,TV-14,103 min,South Korea,103,0,6,435,1
Sweet Tooth,TV Show,2021,TV-14,1 Season,United States,1,1,6,603,0
Trippin' with the Kandasamys,Movie,2021,TV-14,94 min,South Africa,94,0,6,426,1
Xtreme,Movie,2021,TV-MA,112 min,Spain,112,0,8,444,1
Alan Saldaña: Locked Up,Movie,2021,TV-MA,49 min,Mexico,49,0,8,342,3
Creator's File: GOLD,TV Show,2021,TV-14,1 Season,Japan,1,1,6,319,0
Dancing Queens,Movie,2021,TV-MA,111 min,Sweden,111,0,8,470,1
From Stress to Happiness,Movie,2020,TV-G,58 min,Argentina,58,0,7,2,3
Myriam Fares: The Journey,Movie,2021,TV-14,72 min,United Arab Emirates,72,0,6,499,3
Summertime,TV Show,2021,TV-MA,2 Seasons,Italy,2,1,8,302,0
The Girl and the Gun,Movie,2019,TV-MA,78 min,Philippines,78,0,8,388,3
2 Hearts,Movie,2020,PG-13,101 min,United States,101,0,4,603,1
A Perfect Ending,Movie,2012,TV-MA,110 min,United States,110,0,8,603,1
American Outlaws,Movie,2001,PG-13,94 min,United States,94,0,4,603,1
And Then Came Lola,Movie,2009,TV-MA,70 min,United States,70,0,8,603,3
Attack on Titan,TV Show,2013,TV-MA,1 Season,Japan,1,1,8,319,0
Battlefield Earth,Movie,2000,PG-13,118 min,United States,118,0,4,603,2
Ben & Holly's Little Kingdom,TV Show,2019,TV-Y,2 Seasons,United Kingdom,2,1,10,506,0
Bliss,Movie,1997,R,103 min,"Canada, United States",103,0,5,86,1
Carnaval,Movie,2021,TV-MA,95 min,Brazil,95,0,8,45,1
Cloudburst,Movie,2011,TV-MA,93 min,"United States, Canada",93,0,8,621,1
Cocomelon,TV Show,2021,TV-Y,3 Seasons,United States,3,1,10,603,0
Company of Heroes,Movie,2013,R,101 min,United States,101,0,5,603,1
Cradle 2 the Grave,Movie,2003,R,101 min,United States,101,0,5,603,1
Domestic Disturbance,Movie,2001,PG-13,89 min,United States,89,0,4,603,1
Downton Abbey,TV Show,2015,TV-14,6 Seasons,United Kingdom,6,1,6,506,0
Dream/Killer,Movie,2015,TV-MA,109 min,United States,109,0,8,603,1
Felon,Movie,2008,R,104 min,United States,104,0,5,603,1
Flipped,Movie,2010,PG,90 min,United States,90,0,3,603,1
Fools Rush In,Movie,1997,PG-13,109 min,United States,109,0,4,603,1
Gold Statue,Movie,2019,TV-14,145 min,Nigeria,145,0,6,368,2
Happy Endings,TV Show,2012,TV-14,3 Seasons,United States,3,1,6,603,0
Hostel: Part III,Movie,2011,R,88 min,United States,88,0,5,603,1
I Am Sam,Movie,2001,PG-13,132 min,United States,132,0,4,603,2
Love Jones,Movie,1997,R,109 min,United States,109,0,5,603,1
Million Dollar Baby,Movie,2004,PG-13,133 min,United States,133,0,4,603,2
Mosquita y Mari,Movie,2012,TV-14,85 min,United States,85,0,6,603,1
Never Back Down 2: The Beatdown,Movie,2011,R,104 min,United States,104,0,5,603,1
Ninja Assassin,Movie,2009,R,99 min,"Germany, United States, France",99,0,5,230,1
Ouran High School Host Club,TV Show,2006,TV-PG,1 Season,Japan,1,1,9,319,0
Population 436,Movie,2006,R,93 min,"Canada, United States",93,0,5,86,1
Sniper: Legacy,Movie,2014,R,98 min,"United States, Bulgaria",98,0,5,618,1
Starsky & Hutch,Movie,2004,PG-13,101 min,United States,101,0,4,603,1
Streets of Fire,Movie,1984,PG,94 min,United States,94,0,3,603,1
Swordfish,Movie,2001,R,99 min,United States,99,0,5,603,1
The Adventures of Sonic the Hedgehog,TV Show,1993,TV-Y7,1 Season,"United States, Canada",1,1,11,621,0
The Four Seasons,Movie,1981,PG,108 min,United States,108,0,3,603,1
The Interpreter,Movie,2005,PG-13,128 min,"United Kingdom, France, Germany, United States",128,0,4,539,2
The Meddler,Movie,2015,PG-13,104 min,United States,104,0,4,603,1
The Mirror Has Two Faces,Movie,1996,PG-13,127 min,United States,127,0,4,603,2
The Outlaw Josey Wales,Movie,1976,PG,136 min,United States,136,0,3,603,2
The Platform,TV Show,2021,TV-14,3 Seasons,United Arab Emirates,3,1,6,499,0
The Wedding Guest,Movie,2018,R,97 min,United Kingdom,97,0,5,506,1
The Wind,Movie,2019,R,88 min,United States,88,0,5,603,1
Then Came You,Movie,2019,TV-MA,97 min,United States,97,0,8,603,1
Welcome Home,Movie,2018,R,97 min,United States,97,0,5,603,1
Dirty John,TV Show,2020,TV-MA,2 Seasons,United States,2,1,8,603,0
Bo Burnham: Inside,Movie,2021,TV-MA,88 min,United States,88,0,8,603,1
Collateral Beauty,Movie,2016,PG-13,97 min,United States,97,0,4,603,1
The Kominsky Method,TV Show,2021,TV-MA,3 Seasons,United States,3,1,8,603,0
Black Space,TV Show,2021,TV-MA,1 Season,Israel,1,1,8,296,0
Blue Miracle,Movie,2021,TV-PG,97 min,United States,97,0,9,603,1
Ghost Lab,Movie,2021,TV-MA,118 min,Thailand,118,0,8,488,1
Ragnarok,TV Show,2021,TV-MA,2 Seasons,"Norway, Denmark",2,1,8,371,0
Soy Rada: Serendipity,Movie,2021,TV-MA,70 min,Argentina,70,0,8,2,3
The Day I lost My Shadow,Movie,2018,TV-MA,91 min,"Syria, France, Lebanon, Qatar",91,0,8,482,1
Baggio: The Divine Ponytail,Movie,2021,TV-MA,92 min,Italy,92,0,8,302,1
JoJo's Bizarre Adventure,TV Show,2016,TV-MA,3 Seasons,Japan,3,1,8,319,0
Home,Movie,2015,PG,94 min,United States,94,0,3,603,1
Master of None,TV Show,2021,TV-MA,3 Seasons,United States,3,1,8,603,0
99 Songs,Movie,2021,TV-14,131 min,India,131,0,6,251,2
Army of the Dead,Movie,2021,R,148 min,United States,148,0,5,603,2
Jurassic World Camp Cretaceous,TV Show,2021,TV-Y7,3 Seasons,United States,3,1,11,603,0
The Neighbor,TV Show,2021,TV-MA,2 Seasons,Spain,2,1,8,444,0
Asmaa,Movie,2011,TV-14,92 min,Egypt,92,0,6,150,1
Hating Peter Tatchell,Movie,2020,TV-MA,91 min,Australia,91,0,8,15,1
Special,TV Show,2021,TV-MA,2 Seasons,United States,2,1,8,603,0
Spy Kids: All the Time in the World,Movie,2011,PG,88 min,United States,88,0,3,603,1
Sabotage,Movie,2014,R,109 min,United States,109,0,5,603,1
Small Town Crime,Movie,2017,R,92 min,United States,92,0,5,603,1
The Last Days,Movie,1998,PG-13,87 min,United States,87,0,4,603,1
The Magic School Bus,TV Show,1997,TV-Y,1 Season,"Canada, United States",1,1,10,86,0
Who Killed Sara?,TV Show,2021,TV-MA,2 Seasons,Mexico,2,1,8,342,0
Amy Tan: Unintended Memoir,Movie,2021,TV-14,101 min,United States,101,0,6,603,1
Sardar Ka Grandson,Movie,2021,TV-14,140 min,India,140,0,6,251,2
Sleight,Movie,2016,R,89 min,United States,89,0,5,603,1
Ahaan,Movie,2021,TV-MA,81 min,India,81,0,8,251,3
Booba: Food Puzzle,TV Show,2021,TV-Y,1 Season,United Kingdom,1,1,10,506,0
Alma Matters,TV Show,2021,TV-MA,1 Season,India,1,1,8,251,0
Cinema Bandi,Movie,2021,TV-MA,99 min,India,99,0,8,251,1
Ferry,Movie,2021,TV-MA,107 min,"Belgium, Netherlands",107,0,8,42,1
Halston,TV Show,2021,TV-MA,1 Season,United States,1,1,8,603,0
Haunted,TV Show,2021,TV-MA,3 Seasons,"United States, Czech Republic",3,1,8,639,0
I Am All Girls,Movie,2021,TV-MA,107 min,South Africa,107,0,8,426,1
Jungle Beat: The Movie,Movie,2021,TV-Y7,90 min,Mauritius,90,0,11,340,1
"Love, Death & Robots",TV Show,2021,TV-MA,2 Seasons,United States,2,1,8,603,0
Move to Heaven,TV Show,2021,TV-MA,1 Season,South Korea,1,1,8,435,0
Table Manners,Movie,2018,TV-MA,104 min,"Canada, South Africa",104,0,8,79,1
The Strange House,Movie,2020,TV-MA,100 min,Austria,100,0,8,31,1
The Woman in the Window,Movie,2021,R,102 min,United States,102,0,5,603,1
Castlevania,TV Show,2021,TV-MA,4 Seasons,United States,4,1,8,603,0
Layer Cake,Movie,2004,R,105 min,United Kingdom,105,0,5,506,1
Tottaa Pataaka Item Maal,Movie,2018,TV-MA,107 min,India,107,0,8,251,1
Dance of the Forty One,Movie,2021,TV-MA,99 min,"Mexico, Brazil",99,0,8,344,1
Oxygen,Movie,2021,TV-14,102 min,"France, United States",102,0,6,206,1
The Upshaws,TV Show,2021,TV-14,1 Season,United States,1,1,6,603,0
Illegal Woman,Movie,2020,TV-MA,119 min,Spain,119,0,8,444,1
"Money, Explained",TV Show,2021,TV-14,1 Season,United States,1,1,6,603,0
Deadly Switch,Movie,2019,TV-PG,86 min,United States,86,0,9,603,1
Mine,TV Show,2021,TV-14,1 Season,South Korea,1,1,6,435,0
Nayattu,Movie,2021,TV-MA,122 min,India,122,0,8,251,2
Sleepless,Movie,2017,R,95 min,United States,95,0,5,603,1
Super Me,Movie,2021,TV-14,104 min,China,104,0,6,105,1
Have You Ever Seen Fireflies? - Theatre Play,Movie,1999,TV-MA,118 min,Turkey,118,0,8,492,2
In Our Mothers' Gardens,Movie,2020,TV-MA,85 min,United States,85,0,8,603,1
Jupiter's Legacy,TV Show,2021,TV-MA,1 Season,United States,1,1,8,603,0
Milestone,Movie,2021,TV-14,98 min,India,98,0,6,251,1
Monster,Movie,2021,TV-MA,99 min,United States,99,0,8,603,1
Sab Jholmaal Hai,TV Show,2017,TV-Y7,2 Seasons,India,2,1,11,251,0
Time to Dance,Movie,2020,TV-PG,107 min,India,107,0,9,251,1
Unrest,Movie,2017,TV-MA,97 min,"United Kingdom, United States",97,0,8,589,1
And Tomorrow the Entire World,Movie,2020,TV-MA,112 min,"Germany, France",112,0,8,219,1
Dead Man Down,Movie,2013,R,118 min,United States,118,0,5,603,1
Framing John DeLorean,Movie,2019,TV-MA,109 min,United States,109,0,8,603,1
Lava Ka Dhaava,TV Show,2021,TV-PG,1 Season,India,1,1,9,251,0
The Sons of Sam: A Descent into Darkness,TV Show,2021,TV-MA,1 Season,United States,1,1,8,603,0
Selena: The Series,TV Show,2020,TV-PG,2 Seasons,"Mexico, United States",2,1,9,350,0
StartUp,TV Show,2018,TV-MA,3 Seasons,United States,3,1,8,603,0
The Clovehitch Killer,Movie,2018,TV-MA,109 min,United States,109,0,8,603,1
Aliens Stole My Body,Movie,2020,PG,88 min,United States,88,0,3,603,1
Au coeur des gangs,Movie,2006,R,97 min,United States,97,0,5,603,1
Best of the Best,Movie,1989,PG-13,97 min,United States,97,0,4,603,1
Due Date,Movie,2010,R,95 min,United States,95,0,5,603,1
Fun with Dick & Jane,Movie,2005,PG-13,91 min,United States,91,0,4,603,1
Green Zone,Movie,2010,R,115 min,"United Kingdom, France, Spain, United States",115,0,5,541,1
Hachi: A Dog's Tale,Movie,2009,G,93 min,"United Kingdom, United States",93,0,0,589,1
JT LeRoy,Movie,2018,R,109 min,"United Kingdom, Canada, United States",109,0,5,520,1
Madagascar 3: Europe's Most Wanted,Movie,2012,PG,96 min,United States,96,0,3,603,1
Mystic River,Movie,2003,R,138 min,"United States, Australia",138,0,5,606,2
Never Back Down,Movie,2008,PG-13,113 min,United States,113,0,4,603,1
S.M.A.R.T Chase,Movie,2018,TV-MA,94 min,China,94,0,8,105,1
Sitting in Limbo,Movie,2020,TV-MA,89 min,United Kingdom,89,0,8,506,1
Stargate,Movie,1994,PG-13,121 min,"United States, France",121,0,4,643,2
State of Play,Movie,2009,PG-13,127 min,"United States, United Kingdom, France",127,0,4,724,2
Swiped,Movie,2018,TV-14,94 min,United States,94,0,6,603,1
The Darkest Hour,Movie,2011,PG-13,89 min,"United States, Russia",89,0,4,703,1
The Lovely Bones,Movie,2009,PG-13,136 min,"United States, United Kingdom, New Zealand",136,0,4,732,2
The Sweetest Thing,Movie,2002,R,89 min,United States,89,0,5,603,1
The Whole Nine Yards,Movie,2000,R,99 min,United States,99,0,5,603,1
The Whole Truth,Movie,2016,R,93 min,United States,93,0,5,603,1
The Yeti Adventures,Movie,2018,TV-PG,85 min,Canada,85,0,9,58,1
Under Siege,Movie,1992,R,102 min,"France, United States",102,0,5,206,1
Zack and Miri Make a Porno,Movie,2008,R,101 min,United States,101,0,5,603,1
The Disciple,Movie,2021,TV-MA,128 min,India,128,0,8,251,2
The Strangers: Prey at Night,Movie,2018,R,85 min,"United States, United Kingdom",85,0,5,718,1
Get the Grift,Movie,2021,TV-MA,95 min,Brazil,95,0,8,45,1
Sexify,TV Show,2021,TV-MA,1 Season,Poland,1,1,8,394,0
August: Osage County,Movie,2014,R,121 min,United States,121,0,5,603,2
Battle: Los Angeles,Movie,2011,PG-13,116 min,United States,116,0,4,603,1
Between Worlds,Movie,2018,R,91 min,Spain,91,0,5,444,1
Fatma,TV Show,2021,TV-MA,1 Season,Turkey,1,1,8,492,0
One,Movie,2020,TV-PG,149 min,India,149,0,9,251,2
Ram Prasad Ki Tehrvi,Movie,2019,TV-14,113 min,India,113,0,6,251,1
Shadow and Bone - The Afterparty,Movie,2021,TV-14,33 min,United States,33,0,6,603,0
Among Family,Movie,2017,TV-14,127 min,Turkey,127,0,6,492,2
Dedemin Fisi,Movie,2016,TV-14,101 min,Turkey,101,0,6,492,1
Deliha,Movie,2014,TV-MA,102 min,Turkey,102,0,8,492,1
Düğün Dernek,Movie,2013,TV-MA,102 min,Turkey,102,0,8,492,1
Dügün Dernek 2: Sünnet,Movie,2015,TV-MA,107 min,Turkey,107,0,8,492,1
G.O.R.A,Movie,2004,TV-MA,123 min,Turkey,123,0,8,492,2
Hayat Öpücügü,Movie,2015,TV-14,98 min,Turkey,98,0,6,492,1
Heroes: Silence and Rock & Roll,Movie,2021,TV-MA,95 min,Spain,95,0,8,444,1
Kara Bela,Movie,2015,TV-MA,101 min,Turkey,101,0,8,492,1
Kocan Kadar Konus,Movie,2015,TV-MA,104 min,Turkey,104,0,8,492,1
Kocan Kadar Konus 2: Dirilis,Movie,2016,TV-14,104 min,Turkey,104,0,6,492,1
Let's Fight Ghost,TV Show,2021,TV-14,1 Season,Thailand,1,1,6,488,0
My Travel Buddy,Movie,2017,TV-MA,111 min,Turkey,111,0,8,492,1
Niyazi Gül Dörtnala,Movie,2015,TV-MA,102 min,Turkey,102,0,8,492,1
One Like It,Movie,2020,TV-G,15 min,Egypt,15,0,7,150,0
Shadow and Bone,TV Show,2021,TV-14,1 Season,United States,1,1,6,603,0
This Lady Called Life,Movie,2020,TV-14,120 min,Nigeria,120,0,6,368,1
Vizontele,Movie,2001,TV-MA,106 min,Turkey,106,0,8,492,1
HOMUNCULUS,Movie,2021,TV-MA,116 min,Japan,116,0,8,319,1
Life in Color with David Attenborough,TV Show,2021,TV-PG,1 Season,"Australia, United Kingdom",1,1,9,26,0
Searching For Sheela,Movie,2021,TV-14,58 min,India,58,0,6,251,3
Stowaway,Movie,2021,TV-MA,116 min,"Germany, United States",116,0,8,228,1
Oloibiri,Movie,2015,TV-14,86 min,"Canada, Nigeria, United States",86,0,6,77,1
Tell Me When,Movie,2021,TV-MA,97 min,Mexico,97,0,8,342,1
Zero,TV Show,2021,TV-MA,1 Season,Italy,1,1,8,302,0
Izzy's Koala World,TV Show,2021,TV-Y,2 Seasons,Australia,2,1,10,15,0
Free to Play,Movie,2014,TV-14,76 min,United States,76,0,6,603,3
Luis Miguel - The Series,TV Show,2021,TV-MA,2 Seasons,Mexico,2,1,8,342,0
Miss Sloane,Movie,2016,R,132 min,"France, United States, United Kingdom, Canada",132,0,5,209,2
PJ Masks,TV Show,2019,TV-Y,3 Seasons,"France, United Kingdom",3,1,10,203,0
American Me,Movie,1992,R,126 min,United States,126,0,5,603,2
Delhi Belly,Movie,2011,TV-MA,101 min,India,101,0,8,251,1
Dhobi Ghat (Mumbai Diaries),Movie,2010,TV-MA,102 min,India,102,0,8,251,1
Jaane Tu... Ya Jaane Na,Movie,2008,TV-14,147 min,India,147,0,6,251,2
Lagaan,Movie,2001,PG,224 min,"India, United Kingdom",224,0,3,267,2
Madness in the Desert,Movie,2004,TV-14,141 min,India,141,0,6,251,2
Peepli Live,Movie,2010,TV-MA,109 min,India,109,0,8,251,1
Taare Zameen Par,Movie,2007,PG,162 min,India,162,0,3,251,2
Ajeeb Daastaans,Movie,2021,TV-MA,142 min,India,142,0,8,251,2
Arlo the Alligator Boy,Movie,2021,TV-Y7,93 min,United States,93,0,11,603,1
Barbie & Chelsea: The Lost Birthday,Movie,2021,TV-Y,60 min,United States,60,0,10,603,3
Crimson Peak,Movie,2015,R,119 min,"Canada, United States, Mexico",119,0,5,93,1
Doctor Bello,Movie,2013,TV-MA,96 min,United States,96,0,8,603,1
Four Sisters Before the Wedding,Movie,2020,TV-MA,116 min,Philippines,116,0,8,388,1
Into the Beat,Movie,2020,TV-14,102 min,Germany,102,0,6,212,1
Love Naggers,TV Show,2021,TV-14,1 Season,South Korea,1,1,6,435,0
Rush,Movie,2013,R,123 min,"United Kingdom, Germany, United States",123,0,5,551,2
Synchronic,Movie,2020,R,102 min,United States,102,0,5,603,1
The Zookeeper's Wife,Movie,2017,PG-13,127 min,"Czech Republic, United Kingdom, United States",127,0,4,132,2
Time Trap,Movie,2017,TV-14,88 min,United States,88,0,6,603,1
Tuesdays & Fridays,Movie,2021,TV-14,106 min,India,106,0,6,251,1
Dark City Beneath the Beat,Movie,2020,TV-MA,65 min,United States,65,0,8,603,3
Durarara!!,TV Show,2016,TV-MA,1 Season,Japan,1,1,8,319,0
GANTZ:O,Movie,2016,TV-MA,96 min,Japan,96,0,8,319,1
Garth Brooks: The Road I’m On,TV Show,2019,TV-PG,1 Season,United States,1,1,9,603,0
Gilmore Girls,TV Show,2006,TV-14,7 Seasons,United States,7,1,6,603,0
High-Rise Invasion,TV Show,2021,TV-MA,1 Season,Japan,1,1,8,319,0
Next in Fashion,TV Show,2020,TV-14,1 Season,United States,1,1,6,603,0
Only Mine,Movie,2019,TV-14,88 min,United States,88,0,6,603,1
Peasants Rebellion,TV Show,2018,TV-14,1 Season,Lebanon,1,1,6,328,0
Power Players,TV Show,2020,TV-Y,3 Seasons,"United States, France",3,1,10,643,0
Ricky Zoom,TV Show,2019,TV-Y,1 Season,"China, United Kingdom",1,1,10,116,0
Ride or Die,Movie,2021,TV-MA,143 min,Japan,143,0,8,319,2
Sonic X,TV Show,2003,TV-Y7,2 Seasons,Japan,2,1,11,319,0
The Master,Movie,2012,R,137 min,United States,137,0,5,603,2
Time Is Illmatic,Movie,2014,TV-MA,75 min,United States,75,0,8,603,3
Zoot Suit,Movie,1981,R,103 min,United States,103,0,5,603,1
Dad Stop Embarrassing Me!,TV Show,2021,TV-14,1 Season,United States,1,1,6,603,0
Fate: The Winx Saga,TV Show,2021,TV-MA,1 Season,"Italy, United Kingdom",1,1,8,314,0
House of Cards,TV Show,2018,TV-MA,6 Seasons,United States,6,1,8,603,0
Indian Matchmaking,TV Show,2020,TV-14,1 Season,"United States, India",1,1,6,671,0
Jeffrey Epstein: Filthy Rich,TV Show,2020,TV-MA,1 Season,United States,1,1,8,603,0
Law School,TV Show,2021,TV-14,1 Season,South Korea,1,1,6,435,0
Living with Yourself,TV Show,2019,TV-MA,1 Season,United States,1,1,8,603,0
Signal,TV Show,2016,TV-MA,1 Season,South Korea,1,1,8,435,0
Slasher,TV Show,2019,TV-MA,3 Seasons,Canada,3,1,8,58,0
The Soul,Movie,2021,TV-MA,130 min,"China, Taiwan",130,0,8,115,2
The Underclass,TV Show,2020,TV-MA,1 Season,Thailand,1,1,8,488,0
Unnatural Selection,TV Show,2019,TV-MA,1 Season,United States,1,1,8,603,0
Uppena,Movie,2020,TV-14,145 min,India,145,0,6,251,2
Why Did You Kill Me?,Movie,2021,TV-MA,84 min,United States,84,0,8,603,3
My Love: Six Stories of True Love,TV Show,2021,TV-PG,1 Season,"United States, Brazil, Japan, Spain, India",1,1,9,616,0
The Baker and the Beauty,TV Show,2020,TV-PG,1 Season,"Israel, United States",1,1,9,301,0
New Gods: Nezha Reborn,Movie,2021,TV-14,118 min,China,118,0,6,105,1
"Nicky, Ricky, Dicky & Dawn",TV Show,2018,TV-G,4 Seasons,United States,4,1,7,603,0
The Stand-In,Movie,2020,R,102 min,United States,102,0,5,603,1
Heaven Official's Blessing,TV Show,2020,TV-14,1 Season,China,1,1,6,105,0
Night in Paradise,Movie,2021,TV-MA,132 min,South Korea,132,0,8,435,2
Ojukokoro: Greed,Movie,2016,TV-MA,108 min,Nigeria,108,0,8,368,1
Roohi,Movie,2021,TV-14,133 min,India,133,0,6,251,2
Thunder Force,Movie,2021,PG-13,107 min,United States,107,0,4,603,1
Two Distant Strangers,Movie,2021,TV-MA,32 min,United States,32,0,8,603,0
Story of Kale: When Someone's in Love,Movie,2020,TV-PG,78 min,Indonesia,78,0,9,272,3
The Way of the Househusband,TV Show,2021,TV-MA,1 Season,Japan,1,1,8,319,0
The Big Day,TV Show,2021,TV-14,2 Seasons,India,2,1,6,251,0
Coded Bias,Movie,2020,TV-MA,86 min,"United States, China, United Kingdom",86,0,8,636,1
Mandela,Movie,2021,TV-14,140 min,India,140,0,6,251,2
The Fisherman's Diary,Movie,2020,TV-MA,143 min,Cameroon,143,0,8,57,2
What Lies Below,Movie,2020,TV-MA,88 min,United States,88,0,8,603,1
Escape from Planet Earth,Movie,2013,PG,89 min,"United States, Canada",89,0,3,621,1
Accepted,Movie,2006,PG-13,93 min,United States,93,0,4,603,1
Air Strike,Movie,2018,R,97 min,China,97,0,5,105,1
An American Girl: McKenna Shoots for the Stars,Movie,2012,TV-Y,94 min,"United States, Canada",94,0,10,621,1
Concrete Cowboy,Movie,2021,R,112 min,"United Kingdom, United States",112,0,5,589,1
Cross: Rise of the Villains,Movie,2019,R,100 min,United States,100,0,5,603,1
God Calling,Movie,2018,TV-MA,120 min,Nigeria,120,0,8,368,1
Irul,Movie,2021,TV-MA,91 min,India,91,0,8,251,1
Just Say Yes,Movie,2021,TV-MA,98 min,Netherlands,98,0,8,354,1
Madame Claude,Movie,2021,TV-MA,113 min,France,113,0,8,162,1
Wild Child,Movie,2008,PG-13,98 min,"United States, United Kingdom, France",98,0,4,724,1
Woody Woodpecker,Movie,2017,PG,91 min,United States,91,0,3,603,1
2012,Movie,2009,PG-13,158 min,United States,158,0,4,603,2
3 Idiots,Movie,2009,PG-13,164 min,India,164,0,4,251,2
Ferrari Ki Sawaari,Movie,2012,TV-PG,133 min,India,133,0,9,251,2
Ibrahim a Fate to Define,Movie,2019,TV-PG,75 min,"Lebanon, Palestine, Denmark, Qatar",75,0,9,331,3
Insidious,Movie,2010,PG-13,103 min,"United States, Canada",103,0,4,621,1
Into the Grizzly Maze,Movie,2015,R,90 min,"United States, Canada",90,0,5,621,1
Kingsglaive: Final Fantasy XV,Movie,2016,PG-13,116 min,"Japan, United States",116,0,4,322,1
Legally Blonde,Movie,2001,PG-13,96 min,United States,96,0,4,603,1
Madam Chief Minister,Movie,2020,TV-14,121 min,India,121,0,6,251,2
Magical Andes,TV Show,2021,TV-G,2 Seasons,"Uruguay, Germany",2,1,7,740,0
Maximum Risk,Movie,1996,R,101 min,United States,101,0,5,603,1
Murder Maps,TV Show,2017,TV-MA,2 Seasons,United Kingdom,2,1,8,506,0
My Fair Lady,Movie,1964,G,173 min,United States,173,0,0,603,2
Prank Encounters,TV Show,2021,TV-MA,2 Seasons,United States,2,1,8,603,0
S.W.A.T.: Under Siege,Movie,2017,R,89 min,United States,89,0,5,603,1
Secrets of Great British Castles,TV Show,2016,TV-PG,2 Seasons,United Kingdom,2,1,9,506,0
Seven Souls in the Skull Castle: Season Flower,Movie,2017,TV-14,181 min,Japan,181,0,6,319,2
Sniper: Ghost Shooter,Movie,2016,R,99 min,United States,99,0,5,603,1
Starship Troopers: Traitor of Mars,Movie,2017,R,88 min,"United States, Japan",88,0,5,686,1
Takers,Movie,2010,PG-13,107 min,United States,107,0,4,603,1
Tersanjung the Movie,Movie,2021,TV-14,114 min,Indonesia,114,0,6,272,1
The Knight and the Princess,Movie,2019,TV-PG,96 min,"Egypt, Saudi Arabia",96,0,9,155,1
The Pianist,Movie,2002,R,149 min,"United Kingdom, France, Poland, Germany, United States",149,0,5,540,2
The Stepfather,Movie,2009,PG-13,102 min,United States,102,0,4,603,1
Universal Soldier: The Return,Movie,1999,R,83 min,United States,83,0,5,603,3
Wazir,Movie,2016,TV-14,98 min,India,98,0,6,251,1
White Boy,Movie,2017,TV-MA,83 min,United States,83,0,8,603,3
Worn Stories,TV Show,2021,TV-MA,1 Season,United States,1,1,8,603,0
Yes Man,Movie,2008,PG-13,104 min,"United States, United Kingdom",104,0,4,718,1
At Eternity's Gate,Movie,2018,PG-13,111 min,"Ireland, Switzerland, United Kingdom, France, United States",111,0,4,287,1
Haunted: Latin America,TV Show,2021,TV-14,1 Season,"United States, Mexico",1,1,6,690,0
Not a Game,Movie,2020,TV-MA,98 min,United Kingdom,98,0,8,506,1
Robocar Poli,TV Show,2015,TV-Y,2 Seasons,South Korea,2,1,10,435,0
Yu-Gi-Oh!,TV Show,2005,TV-Y7,1 Season,Japan,1,1,11,319,0
7 Yards: The Chris Norton Story,Movie,2021,TV-PG,93 min,United States,93,0,9,603,1
Octonauts & the Ring of Fire,Movie,2021,TV-Y,73 min,"China, United Kingdom",73,0,10,116,3
Rainbow High,TV Show,2020,TV-Y,1 Season,United States,1,1,10,603,0
Mandela: Long Walk to Freedom,Movie,2013,PG-13,141 min,"United Kingdom, South Africa, France",141,0,4,581,2
Lawless,Movie,2012,R,116 min,United States,116,0,5,603,1
Marked,Movie,2021,TV-PG,21 min,Nigeria,21,0,9,368,0
A Week Away,Movie,2021,TV-PG,98 min,United States,98,0,9,603,1
Bad Trip,Movie,2021,TV-MA,87 min,United States,87,0,8,603,1
Big Time Rush,TV Show,2013,TV-G,4 Seasons,United States,4,1,7,603,0
Croupier,Movie,1998,TV-MA,95 min,"Ireland, United Kingdom, France, Germany",95,0,8,289,1
Elizabeth and Margaret: Love and Loyalty,Movie,2020,TV-PG,87 min,United Kingdom,87,0,9,506,1
Keeping the Bees,Movie,2020,TV-14,93 min,Turkey,93,0,6,492,1
Magic for Humans Spain,TV Show,2021,TV-MA,1 Season,Spain,1,1,8,444,0
Ni de coña,Movie,2020,TV-MA,97 min,Spain,97,0,8,444,1
Pagglait,Movie,2021,TV-PG,114 min,India,114,0,9,251,1
The Irregulars,TV Show,2021,TV-14,1 Season,United Kingdom,1,1,6,506,0
Caught by a Wave,Movie,2021,TV-14,100 min,Italy,100,0,6,302,1
DOTA: Dragon's Blood,TV Show,2021,TV-MA,1 Season,United States,1,1,8,603,0
Pui Pui Molcar,TV Show,2021,TV-Y7,1 Season,Japan,1,1,11,319,0
Secret Magic Control Agency,Movie,2021,TV-Y7,105 min,"Russia, United States",105,0,11,410,1
Seaspiracy,Movie,2021,TV-14,90 min,United States,90,0,6,603,1
Loyiso Gola: Unlearning,Movie,2021,TV-MA,60 min,South Africa,60,0,8,426,3
Men on a Mission,TV Show,2021,TV-14,6 Seasons,South Korea,6,1,6,435,0
Navillera,TV Show,2021,TV-14,1 Season,South Korea,1,1,6,435,0
Philomena,Movie,2013,PG-13,98 min,"United Kingdom, United States, France",98,0,4,594,1
Any Crybabies Around?,Movie,2020,TV-MA,108 min,Japan,108,0,8,319,1
Hospital,Movie,2020,TV-MA,90 min,Taiwan,90,0,8,483,1
Jiu Jitsu,Movie,2020,R,102 min,United States,102,0,5,603,1
Mighty Morphin Power Rangers,TV Show,2010,TV-Y7,4 Seasons,"United States, Japan",4,1,11,686,0
Country Comfort,TV Show,2021,TV-PG,1 Season,United States,1,1,9,603,0
Formula 1: Drive to Survive,TV Show,2021,TV-MA,3 Seasons,United Kingdom,3,1,8,506,0
The Yin Yang Master,Movie,2021,TV-14,120 min,China,120,0,6,105,1
Who's the Boss,Movie,2020,TV-MA,106 min,Nigeria,106,0,8,368,1
B: The Beginning,TV Show,2021,TV-MA,2 Seasons,Japan,2,1,8,319,0
Deadly Illusions,Movie,2021,R,115 min,United States,115,0,5,603,1
Get the Goat,Movie,2021,TV-14,98 min,Brazil,98,0,6,45,1
Nate Bargatze: The Greatest Average American,Movie,2021,TV-G,60 min,United States,60,0,7,603,3
Skylines,Movie,2020,R,113 min,"United Kingdom, United States",113,0,5,589,1
The Fluffy Movie,Movie,2014,PG-13,101 min,United States,101,0,4,603,1
The Present,Movie,2020,TV-MA,24 min,"United Kingdom,",24,0,8,507,0
Catch.er,Movie,2017,TV-14,80 min,Nigeria,80,0,6,368,3
Operation Varsity Blues: The College Admissions Scandal,Movie,2021,R,100 min,United States,100,0,5,603,1
Under Suspicion: Uncovering the Wesphael Case,TV Show,2021,TV-14,1 Season,Belgium,1,1,6,38,0
Get on Up,Movie,2014,PG-13,139 min,"United Kingdom, United States",139,0,4,589,2
RebellComedy: Straight Outta the Zoo,Movie,2021,TV-MA,74 min,Germany,74,0,8,212,3
Savages,Movie,2012,R,131 min,United States,131,0,5,603,2
Waffles + Mochi,TV Show,2021,TV-Y,1 Season,United States,1,1,10,603,0
Abla Fahita: Drama Queen,TV Show,2021,TV-14,1 Season,Egypt,1,1,6,150,0
C/O Kaadhal,Movie,2021,TV-14,131 min,India,131,0,6,251,2
The BFG,Movie,2016,PG,118 min,"United States, India, United Kingdom",118,0,3,676,1
The Last Blockbuster,Movie,2020,TV-14,87 min,United States,87,0,6,603,1
The Lost Pirate Kingdom,TV Show,2021,TV-MA,1 Season,"United States, United Kingdom",1,1,8,718,0
Zero Chill,TV Show,2021,TV-G,1 Season,United Kingdom,1,1,7,506,0
Çarsi Pazar,Movie,2015,TV-MA,97 min,Turkey,97,0,8,492,1
Just In Time,Movie,2020,TV-G,92 min,Kenya,92,0,7,324,1
Love Alarm,TV Show,2021,TV-MA,2 Seasons,South Korea,2,1,8,435,0
Mucize,Movie,2015,TV-14,136 min,Turkey,136,0,6,492,2
Paper Lives,Movie,2021,TV-MA,97 min,Turkey,97,0,8,492,1
Paradise PD,TV Show,2021,TV-MA,3 Seasons,United States,3,1,8,603,0
Romantik Komedi,Movie,2010,TV-MA,110 min,Turkey,110,0,8,492,1
Romantik Komedi 2: Bekarlığa Veda,Movie,2013,TV-MA,105 min,Turkey,105,0,8,492,1
The One,TV Show,2021,TV-MA,1 Season,United Kingdom,1,1,8,506,0
YES DAY,Movie,2021,PG,90 min,United States,90,0,3,603,1
You're Everything To Me,Movie,2016,TV-PG,107 min,Turkey,107,0,9,492,1
Coven of Sisters,Movie,2021,TV-MA,92 min,"Spain, Argentina",92,0,8,445,1
Generasi 90an: Melankolia,Movie,2020,TV-14,94 min,Indonesia,94,0,6,272,1
The Block Island Sound,Movie,2020,TV-MA,99 min,United States,99,0,8,603,1
Dealer,TV Show,2021,TV-MA,1 Season,France,1,1,8,162,0
The Houseboat,TV Show,2021,TV-14,1 Season,Germany,1,1,6,212,0
Bombay Begums,TV Show,2021,TV-MA,1 Season,India,1,1,8,251,0
Bombay Rose,Movie,2021,PG-13,97 min,"India, United Kingdom, France, Qatar",97,0,4,270,1
My Way,TV Show,2015,TV-14,1 Season,Egypt,1,1,6,150,0
Aelay,Movie,2021,TV-14,151 min,India,151,0,6,251,2
City of Ghosts,TV Show,2021,TV-Y7,1 Season,United States,1,1,11,603,0
Dogwashers,Movie,2021,TV-MA,108 min,Colombia,108,0,8,121,1
Fate of Alakada,Movie,2020,TV-14,113 min,Nigeria,113,0,6,368,1
Nevenka: Breaking the Silence,TV Show,2021,TV-MA,1 Season,Spain,1,1,8,444,0
Sentinelle,Movie,2021,TV-MA,81 min,France,81,0,8,162,3
Mariposa,Movie,2020,TV-14,116 min,Indonesia,116,0,6,272,1
Pacific Rim: The Black,TV Show,2021,TV-14,1 Season,"United States, Australia",1,1,6,606,0
Parker,Movie,2013,R,119 min,United States,119,0,5,603,1
Safe Haven,Movie,2013,PG-13,116 min,United States,116,0,4,603,1
Moxie,Movie,2021,PG-13,112 min,United States,112,0,4,603,1
Murder Among the Mormons,TV Show,2021,TV-14,1 Season,United States,1,1,6,603,0
Black or White,Movie,2014,PG-13,121 min,United States,121,0,4,603,2
Indoo Ki Jawani,Movie,2020,TV-14,115 min,India,115,0,6,251,1
Word Party,TV Show,2021,TV-Y,5 Seasons,United States,5,1,10,603,0
Biggie: I Got a Story to Tell,Movie,2021,R,98 min,United States,98,0,5,603,1
Dances with Wolves,Movie,1990,PG-13,181 min,"United States, United Kingdom",181,0,4,718,2
How to Be Really Bad,Movie,2018,TV-14,100 min,Germany,100,0,6,212,1
LEGO Marvel Spider-Man: Vexed by Venom,Movie,2019,TV-Y,22 min,United States,22,0,10,603,0
Rain Man,Movie,1988,R,134 min,United States,134,0,5,603,2
Tenacious D in The Pick of Destiny,Movie,2006,R,94 min,"United States, Germany",94,0,5,656,1
TIGER & BUNNY,TV Show,2011,TV-14,1 Season,Japan,1,1,6,319,0
Bigfoot Family,Movie,2021,TV-Y7,88 min,"Belgium, France",88,0,11,39,1
Captain Fantastic,Movie,2016,R,119 min,United States,119,0,5,603,1
Crazy About Her,Movie,2021,TV-MA,107 min,Spain,107,0,8,444,1
Fuga,Movie,2006,TV-MA,112 min,"Argentina, Chile",112,0,8,4,1
No Escape,Movie,2015,R,103 min,"United States, Thailand",103,0,5,716,1
Our Idiot Brother,Movie,2011,R,90 min,United States,90,0,5,603,1
The Girl on the Train,Movie,2021,TV-MA,120 min,India,120,0,8,251,1
Tony Manero,Movie,2008,TV-MA,97 min,"Chile, Brazil",97,0,8,99,1
Who Am I,Movie,2014,TV-MA,102 min,Germany,102,0,8,212,1
El final del paraíso,TV Show,2019,TV-MA,1 Season,"United States, Colombia",1,1,8,637,0
Geez & Ann,Movie,2021,TV-PG,106 min,Indonesia,106,0,9,272,1
Sin senos sí hay paraíso,TV Show,2018,TV-MA,3 Seasons,"United States, Colombia",3,1,8,637,0
Age of Samurai: Battle for Japan,TV Show,2021,TV-MA,1 Season,United States,1,1,8,603,0
"Blue, Painful, Fragile",Movie,2020,TV-14,119 min,Japan,119,0,6,319,1
Canine Intervention,TV Show,2021,TV-PG,1 Season,United States,1,1,9,603,0
Ginny & Georgia,TV Show,2021,TV-14,1 Season,United States,1,1,6,603,0
Two Sentence Horror Stories,TV Show,2021,TV-14,2 Seasons,United States,2,1,6,603,0
Brian Regan: On the Rocks,Movie,2021,TV-G,58 min,United States,58,0,7,603,3
Made You Look: A True Story About Fake Art,Movie,2020,TV-14,90 min,Canada,90,0,6,58,1
Pelé,Movie,2021,TV-14,109 min,United Kingdom,109,0,6,506,1
Red,Movie,2021,TV-14,143 min,India,143,0,6,251,2
Zindagi in Short,TV Show,2020,TV-MA,1 Season,India,1,1,8,251,0
The Conjuring,Movie,2013,R,112 min,United States,112,0,5,603,1
The Conjuring 2,Movie,2016,R,134 min,"Canada, United States, United Kingdom",134,0,5,94,2
Vincenzo,TV Show,2021,TV-14,1 Season,South Korea,1,1,6,435,0
Classmates Minus,Movie,2020,TV-MA,123 min,Taiwan,123,0,8,483,2
Fate: The Winx Saga - The Afterparty,Movie,2021,TV-14,36 min,United Kingdom,36,0,6,506,3
Operation Finale,Movie,2018,PG-13,123 min,United States,123,0,4,603,2
I Care a Lot,Movie,2021,R,118 min,"United Kingdom, United States",118,0,5,589,1
Love,Movie,2020,TV-14,91 min,India,91,0,6,251,1
Perú: Tesoro escondido,Movie,2017,TV-PG,76 min,Uruguay,76,0,9,736,3
Pitta Kathalu,TV Show,2021,TV-MA,1 Season,India,1,1,8,251,0
Tribes of Europa,TV Show,2021,TV-MA,1 Season,Germany,1,1,8,212,0
Eeb Allay Ooo!,Movie,2019,TV-MA,97 min,India,97,0,8,251,1
"Hello, Me!",TV Show,2021,TV-14,1 Season,South Korea,1,1,6,435,0
No Escape Room,Movie,2018,TV-14,85 min,United States,85,0,6,603,1
Sisyphus,TV Show,2021,TV-14,1 Season,South Korea,1,1,6,435,0
Amend: The Fight for America,TV Show,2021,TV-MA,1 Season,United States,1,1,8,603,0
Behind Her Eyes,TV Show,2021,TV-MA,1 Season,United Kingdom,1,1,8,506,0
MeatEater,TV Show,2021,TV-14,4 Seasons,United States,4,1,6,603,0
The Most Unknown,Movie,2018,TV-PG,92 min,United States,92,0,9,603,1
Animals on the Loose: A You vs. Wild Movie,Movie,2021,TV-PG,139 min,United States,139,0,9,603,2
Awara Paagal Deewana,Movie,2002,TV-14,162 min,India,162,0,6,251,2
Good Girls,TV Show,2020,TV-MA,3 Seasons,United States,3,1,8,603,0
The Resurrection of Gavin Stone,Movie,2017,PG,92 min,United States,92,0,3,603,1
Booba,TV Show,2021,TV-Y7,4 Seasons,United Kingdom,4,1,11,506,0
"My Teacher, My Obsession",Movie,2018,TV-14,86 min,United States,86,0,6,603,1
The Crew,TV Show,2021,TV-14,1 Season,United States,1,1,6,603,0
Namaste Wahala,Movie,2021,TV-14,107 min,Nigeria,107,0,6,368,1
Monsoon,Movie,2020,TV-MA,85 min,United Kingdom,85,0,8,506,1
Buried by the Bernards,TV Show,2021,TV-14,1 Season,United States,1,1,6,603,0
Chappelle's Show,TV Show,2005,TV-MA,2 Seasons,United States,2,1,8,603,0
Hate by Dani Rovira,Movie,2021,TV-MA,83 min,Spain,83,0,8,444,3
Mundina Nildana,Movie,2019,TV-MA,104 min,India,104,0,8,251,1
Nadiya Bakes,TV Show,2021,TV-G,1 Season,United Kingdom,1,1,7,506,0
To All The Boys: Always And Forever,Movie,2021,TV-14,116 min,United States,116,0,6,603,1
Xico's Journey,Movie,2021,TV-Y7,87 min,Mexico,87,0,11,342,1
Capitani,TV Show,2019,TV-MA,1 Season,Luxembourg,1,1,8,337,0
El Chema,TV Show,2016,TV-MA,1 Season,Mexico,1,1,8,342,0
Growing up and other problems,Movie,2018,TV-14,91 min,Spain,91,0,6,444,1
Layla Majnun,Movie,2020,TV-14,119 min,Indonesia,119,0,6,272,1
Middle of Nowhere,Movie,2012,R,102 min,United States,102,0,5,603,1
Red Dot,Movie,2021,TV-MA,86 min,Sweden,86,0,8,470,1
Squared Love,Movie,2021,TV-14,102 min,Poland,102,0,6,394,1
This Is the Life,Movie,2008,TV-MA,98 min,United States,98,0,8,603,1
Crime Scene: The Vanishing at the Cecil Hotel,TV Show,2021,TV-MA,1 Season,United States,1,1,8,603,0
The Misadventures of Hedi and Cokeman,Movie,2021,TV-MA,99 min,France,99,0,8,162,1
The World We Make,Movie,2019,PG,108 min,United States,108,0,3,603,1
Five Came Back: The Reference Films,TV Show,1945,TV-MA,1 Season,United States,1,1,8,603,0
ICarly,TV Show,2008,TV-G,2 Seasons,United States,2,1,7,603,0
War Dogs,Movie,2016,R,114 min,"United States, Cambodia, Romania",114,0,5,620,1
Monster Run,Movie,2020,TV-14,104 min,China,104,0,6,105,1
The Sinner,TV Show,2020,TV-MA,3 Seasons,United States,3,1,8,603,0
Blanche Gardin: I talk to myself,Movie,2017,TV-MA,88 min,France,88,0,8,162,1
Doob: No Bed of Roses,Movie,2017,TV-PG,104 min,Bangladesh,104,0,9,36,1
Hache,TV Show,2021,TV-MA,2 Seasons,Spain,2,1,8,444,0
Invisible City,TV Show,2021,TV-MA,1 Season,Brazil,1,1,8,45,0
Little Big Women,Movie,2020,TV-14,123 min,Taiwan,123,0,6,483,2
Malcolm & Marie,Movie,2021,R,106 min,United States,106,0,5,603,1
Space Sweepers,Movie,2021,TV-MA,138 min,South Korea,138,0,8,435,2
"Strip Down, Rise Up",Movie,2021,R,113 min,United States,113,0,5,603,1
The Last Paradiso,Movie,2020,TV-MA,107 min,Italy,107,0,8,302,1
The Yin-Yang Master: Dream Of Eternity,Movie,2021,TV-14,133 min,China,133,0,6,105,2
All My Friends Are Dead,Movie,2020,TV-MA,97 min,Poland,97,0,8,394,1
Black Beach,Movie,2020,TV-MA,116 min,"Spain, Belgium, United States",116,0,8,447,1
Firefly Lane,TV Show,2021,TV-MA,1 Season,United States,1,1,8,603,0
"Pablo Escobar, el patrón del mal",TV Show,2012,TV-MA,1 Season,Colombia,1,1,8,121,0
Power Rangers Ninja Steel,TV Show,2018,TV-Y7,2 Seasons,United States,2,1,11,603,0
"Our Lady of San Juan, Four Centuries of Miracles",Movie,2020,TV-PG,123 min,Mexico,123,0,9,342,2
Tiffany Haddish Presents: They Ready,TV Show,2021,TV-MA,2 Seasons,United States,2,1,8,603,0
Beverly Hills Ninja,Movie,1997,PG-13,89 min,United States,89,0,4,603,1
Heartland,TV Show,2019,TV-14,13 Seasons,Canada,13,1,6,58,0
Love Daily,TV Show,2018,TV-14,1 Season,United States,1,1,6,603,0
My Dead Ex,TV Show,2018,TV-14,1 Season,United States,1,1,6,603,0
Rocks,Movie,2019,TV-MA,93 min,United Kingdom,93,0,8,506,1
Shutter Island,Movie,2010,R,139 min,United States,139,0,5,603,2
The Bank Job,Movie,2008,R,112 min,"United Kingdom, United States, Australia",112,0,5,590,1
The House Arrest of Us,TV Show,2020,TV-MA,1 Season,Philippines,1,1,8,388,0
The Unsettling,TV Show,2019,TV-14,1 Season,United States,1,1,6,603,0
Total Drama,TV Show,2015,TV-PG,7 Seasons,"Canada, United States, France",7,1,9,89,0
Zac and Mia,TV Show,2019,TV-14,2 Seasons,United States,2,1,6,603,0
Zathura,Movie,2005,PG,101 min,United States,101,0,3,603,1
Zig & Sharko,TV Show,2019,TV-Y7,2 Seasons,France,2,1,11,162,0
Fatima,Movie,2020,PG-13,113 min,"Portugal, United States",113,0,4,400,1
Hell Fest,Movie,2018,R,89 min,United States,89,0,5,603,1
Below Zero,Movie,2021,TV-MA,107 min,Spain,107,0,8,444,1
Finding ‘Ohana,Movie,2021,PG,123 min,United States,123,0,3,603,2
The Dig,Movie,2021,PG-13,113 min,United Kingdom,113,0,4,506,1
We Are: The Brooklyn Saints,TV Show,2021,TV-14,1 Season,United States,1,1,6,603,0
June & Kopi,Movie,2021,TV-PG,90 min,Indonesia,90,0,9,272,1
50M2,TV Show,2021,TV-MA,1 Season,Turkey,1,1,8,492,0
Accomplice,Movie,2021,TV-14,52 min,United States,52,0,6,603,3
BONDING,TV Show,2021,TV-MA,2 Seasons,United States,2,1,8,603,0
Kilometers and Kilometers,Movie,2020,TV-MA,127 min,India,127,0,8,251,2
Outlander,TV Show,2018,TV-MA,4 Seasons,United States,4,1,8,603,0
Penguin Bloom,Movie,2021,TV-14,95 min,"Australia, United States",95,0,6,30,1
Black Rose,Movie,2018,TV-14,121 min,Nigeria,121,0,6,368,2
Go Dog Go,TV Show,2021,TV-Y,1 Season,"United States, United Kingdom",1,1,10,718,0
Blown Away,TV Show,2021,TV-14,2 Seasons,Canada,2,1,6,58,0
Busted!,TV Show,2021,TV-14,3 Seasons,South Korea,3,1,6,435,0
Demon Slayer: Kimetsu no Yaiba,TV Show,2019,TV-14,1 Season,Japan,1,1,6,319,0
So My Grandma’s a Lesbian!,Movie,2020,TV-MA,95 min,"Portugal, Spain",95,0,8,399,1
The Next Three Days,Movie,2010,PG-13,133 min,"United States, France",133,0,4,643,2
The White Tiger,Movie,2021,R,127 min,"India, United States",127,0,5,271,2
Friendsgiving,Movie,2020,R,95 min,United States,95,0,5,603,1
The Shadow of Violence,Movie,2020,R,101 min,"United Kingdom, Ireland",101,0,5,558,1
Cut Throat City,Movie,2020,R,123 min,United States,123,0,5,603,2
Daughter From Another Mother,TV Show,2021,TV-MA,1 Season,Mexico,1,1,8,342,0
Sightless,Movie,2020,TV-14,89 min,United States,89,0,6,603,1
Spycraft,TV Show,2021,TV-MA,1 Season,United States,1,1,8,603,0
Hello Ninja,TV Show,2021,TV-Y,4 Seasons,United States,4,1,10,603,0
Homefront,Movie,2013,R,100 min,United States,100,0,5,603,1
A Monster Calls,Movie,2016,PG-13,108 min,"United Kingdom, Spain, United States",108,0,4,585,1
Death of Me,Movie,2020,R,94 min,"United States, Thailand",94,0,5,716,1
Radium Girls,Movie,2018,TV-14,103 min,United States,103,0,6,603,1
Bling Empire,TV Show,2021,TV-MA,1 Season,United States,1,1,8,603,0
Carmen Sandiego,TV Show,2021,TV-Y7,4 Seasons,United States,4,1,11,603,0
Disenchantment,TV Show,2021,TV-14,3 Seasons,United States,3,1,6,603,0
Double Dad,Movie,2020,TV-G,105 min,Brazil,105,0,7,45,1
Henry Danger,TV Show,2016,TV-G,3 Seasons,United States,3,1,7,603,0
Outside the Wire,Movie,2021,R,116 min,"Hungary, United States",116,0,5,248,1
Penguins of Madagascar: The Movie,Movie,2014,PG,92 min,United States,92,0,3,603,1
Pinkfong & Baby Shark's Space Adventure,Movie,2019,TV-Y,65 min,"United States, South Korea",65,0,10,707,3
The Magicians,TV Show,2020,TV-MA,5 Seasons,"United States, Canada",5,1,8,621,0
The Vanished,Movie,2020,R,115 min,United States,115,0,5,603,1
Tribhanga - Tedhi Medhi Crazy,Movie,2021,TV-MA,96 min,India,96,0,8,251,1
What Would Sophia Loren Do?,Movie,2021,TV-14,32 min,United States,32,0,6,603,0
Wish You,Movie,2021,TV-PG,102 min,South Korea,102,0,9,435,1
Tanda Tanya,Movie,2011,TV-MA,102 min,Indonesia,102,0,8,272,1
The Heartbreak Club,Movie,2020,TV-14,101 min,Indonesia,101,0,6,272,1
An Imperfect Murder,Movie,2017,R,71 min,United States,71,0,5,603,3
Night Stalker: The Hunt for a Serial Killer,TV Show,2021,TV-MA,1 Season,United States,1,1,8,603,0
Al acecho,Movie,2019,TV-MA,81 min,Argentina,81,0,8,2,3
Last Tango in Halifax,TV Show,2020,TV-MA,4 Seasons,United Kingdom,4,1,8,506,0
"Crack: Cocaine, Corruption & Conspiracy",Movie,2021,TV-MA,90 min,United States,90,0,8,603,1
The Intouchables,Movie,2011,R,112 min,France,112,0,5,162,1
Apaharan,Movie,2005,TV-14,161 min,India,161,0,6,251,2
BluffMaster!,Movie,2005,TV-14,129 min,India,129,0,6,251,2
Charming,Movie,2021,TV-Y7,85 min,"Canada, United States, Cayman Islands",85,0,11,87,1
Creating The Queen's Gambit,Movie,2021,TV-14,14 min,United States,14,0,6,603,0
Gangaajal,Movie,2003,TV-MA,148 min,India,148,0,8,251,2
Inside the World’s Toughest Prisons,TV Show,2021,TV-MA,5 Seasons,United Kingdom,5,1,8,506,0
Is Love Enough? Sir,Movie,2018,TV-MA,99 min,"India, France",99,0,8,254,1
Mighty Little Bheem: Kite Festival,TV Show,2021,TV-Y,1 Season,India,1,1,10,251,0
Pretend It’s a City,TV Show,2021,TV-14,1 Season,United States,1,1,6,603,0
Stuck Apart,Movie,2021,TV-MA,97 min,Turkey,97,0,8,492,1
The Idhun Chronicles,TV Show,2021,TV-14,2 Seasons,Spain,2,1,6,444,0
100% Halal,Movie,2020,TV-14,101 min,Indonesia,101,0,6,272,1
Leap!,Movie,2016,PG,89 min,"France, Canada",89,0,3,173,1
Pieces of a Woman,Movie,2020,R,128 min,"Canada, Hungary, United States",128,0,5,68,2
Surviving Death,TV Show,2021,TV-MA,1 Season,United States,1,1,8,603,0
Tony Parker: The Final Shot,Movie,2020,TV-14,99 min,France,99,0,6,162,1
History of Swear Words,TV Show,2021,TV-MA,1 Season,United States,1,1,8,603,0
Nailed It! Mexico,TV Show,2021,TV-PG,3 Seasons,"Mexico, United States",3,1,9,350,0
Hello Brother,Movie,1999,TV-14,126 min,India,126,0,6,251,2
QB1: Beyond the Lights,TV Show,2019,TV-14,1 Season,United States,1,1,6,603,0
Playing for Keeps,Movie,2012,PG-13,106 min,United States,106,0,4,603,1
Asphalt Burning,Movie,2020,TV-14,101 min,Norway,101,0,6,370,1
Bad Grandpa .5,Movie,2014,TV-MA,87 min,United States,87,0,8,603,1
Case 39,Movie,2009,R,111 min,"United States, Canada",111,0,5,621,1
Cobra Kai,TV Show,2021,TV-14,3 Seasons,United States,3,1,6,603,0
Dream Home Makeover,TV Show,2021,TV-G,2 Seasons,United States,2,1,7,603,0
Eddie Murphy: Raw,Movie,1987,R,90 min,United States,90,0,5,603,1
Full Out 2: You Got This!,Movie,2020,TV-Y,91 min,United States,91,0,10,603,1
Gimme Shelter,Movie,2013,PG-13,101 min,United States,101,0,4,603,1
Good Burger,Movie,1997,PG,96 min,United States,96,0,3,603,1
Good Hair,Movie,2009,PG-13,96 min,United States,96,0,4,603,1
Headspace Guide to Meditation,TV Show,2021,TV-G,1 Season,United States,1,1,7,603,0
Into the Wild,Movie,2007,R,148 min,United States,148,0,5,603,2
Jenni Rivera: Mariposa de Barrio,TV Show,2017,TV-MA,1 Season,United States,1,1,8,603,0
London Heist,Movie,2017,R,96 min,United Kingdom,96,0,5,506,1
Mean Girls 2,Movie,2011,PG-13,98 min,United States,98,0,4,603,1
Monarca,TV Show,2021,TV-MA,2 Seasons,Mexico,2,1,8,342,0
Mystic Pizza,Movie,1988,R,104 min,United States,104,0,5,603,1
The Cat in the Hat Knows a Lot About That!,TV Show,2014,TV-Y,1 Season,"Canada, United Kingdom, United States",1,1,10,85,0
The Creative Brain,Movie,2019,TV-14,53 min,United States,53,0,6,603,3
The Haunted Hathaways,TV Show,2013,TV-G,2 Seasons,United States,2,1,7,603,0
The Minimalists: Less Is Now,Movie,2021,TV-14,54 min,United States,54,0,6,603,3
Unknown,Movie,2011,PG-13,113 min,"United Kingdom, Germany, France, United States",113,0,4,548,1
What Happened to Mr. Cha?,Movie,2021,TV-MA,102 min,South Korea,102,0,8,435,1
What's Eating Gilbert Grape,Movie,1993,PG-13,118 min,United States,118,0,4,603,2
Alaska Is a Drag,Movie,2017,TV-MA,83 min,United States,83,0,8,603,3
Bobby Jasoos,Movie,2014,TV-14,116 min,India,116,0,6,251,1
Chilling Adventures of Sabrina,TV Show,2020,TV-14,4 Seasons,United States,4,1,6,603,0
Tarung Sarung,Movie,2020,TV-PG,116 min,Indonesia,116,0,9,272,1
Too Handsome to Handle,Movie,2019,TV-14,106 min,Indonesia,106,0,6,272,1
Best Leftovers Ever!,TV Show,2020,TV-G,1 Season,United States,1,1,7,603,0
Dare Me,TV Show,2019,TV-MA,1 Season,United States,1,1,8,603,0
Equinox,TV Show,2020,TV-MA,1 Season,"Denmark, United States",1,1,8,148,0
SanPa: Sins of the Savior,TV Show,2020,TV-MA,1 Season,Italy,1,1,8,302,0
Still Game,TV Show,2018,TV-14,9 Seasons,United Kingdom,9,1,6,506,0
The Rope Curse 2,Movie,2020,TV-MA,105 min,Taiwan,105,0,8,483,1
A Love So Beautiful,TV Show,2020,TV-PG,1 Season,South Korea,1,1,9,435,0
Cops and Robbers,Movie,2020,PG-13,8 min,United States,8,0,4,603,0
Rango,Movie,2011,PG,110 min,"United States, Canada",110,0,3,621,1
Death to 2020,Movie,2020,TV-MA,71 min,United States,71,0,8,603,3
Sakho & Mangane,TV Show,2019,TV-MA,1 Season,Senegal,1,1,8,416,0
DNA,Movie,2020,TV-MA,91 min,"France, Algeria",91,0,8,163,1
Regiment Diaries,TV Show,2020,TV-PG,2 Seasons,India,2,1,9,251,0
The Magic School Bus Rides Again In the Zone,Movie,2020,TV-Y,46 min,Canada,46,0,10,58,3
AK vs AK,Movie,2020,TV-MA,109 min,India,109,0,8,251,1
Bridgerton,TV Show,2020,TV-MA,1 Season,United States,1,1,8,603,0
Isa Pa with Feelings,Movie,2019,TV-G,102 min,Philippines,102,0,7,388,1
We Can Be Heroes,Movie,2020,PG,101 min,United States,101,0,3,603,1
Bridezilla,Movie,2019,TV-MA,94 min,Indonesia,94,0,8,272,1
Cemara's Family,Movie,2018,TV-G,110 min,Indonesia,110,0,7,272,1
"Hello, Love, Goodbye",Movie,2019,TV-14,117 min,Philippines,117,0,6,388,1
The History of Future Folk,Movie,2012,TV-14,85 min,United States,85,0,6,603,1
The Midnight Sky,Movie,2020,PG-13,119 min,United States,119,0,4,603,1
Your Name Engraved Herein,Movie,2020,TV-MA,115 min,Taiwan,115,0,8,483,1
After We Collided,Movie,2020,R,105 min,United States,105,0,5,603,1
London Hughes: To Catch a D*ck,Movie,2020,TV-MA,68 min,United States,68,0,8,603,3
Lovestruck in the City,TV Show,2020,TV-14,1 Season,South Korea,1,1,6,435,0
QLIMAX THE SOURCE,Movie,2020,TV-14,57 min,Netherlands,57,0,6,354,3
Rhyme Time Town Singalongs,TV Show,2020,TV-Y,1 Season,United States,1,1,10,603,0
Shaun the Sheep,TV Show,2016,TV-Y,2 Seasons,"United Kingdom, Finland, Germany, United States, Australia, Japan, France, Ireland",2,1,10,530,0
Shaun the Sheep: The Farmer’s Llamas,Movie,2020,TV-Y,28 min,United Kingdom,28,0,10,506,0
Timmy Time,TV Show,2010,TV-Y,1 Season,United Kingdom,1,1,10,506,0
"Ariana grande: excuse me, i love you",Movie,2020,TV-MA,98 min,United States,98,0,8,603,1
The Con Is On,Movie,2018,R,95 min,"United States, United Kingdom",95,0,5,718,1
Mohamed Hussein,Movie,2019,TV-14,96 min,Egypt,96,0,6,150,1
Rhys Nicholson Live at the Athenaeum,Movie,2020,TV-MA,66 min,United Kingdom,66,0,8,506,3
Atlas Shrugged: Part II,Movie,2012,PG-13,112 min,United States,112,0,4,603,1
Diamond City,TV Show,2019,TV-MA,1 Season,South Africa,1,1,8,426,0
Guest House,Movie,2020,R,84 min,United States,84,0,5,603,3
Home for Christmas,TV Show,2020,TV-MA,2 Seasons,Norway,2,1,8,370,0
Ma Rainey's Black Bottom,Movie,2020,R,94 min,United States,94,0,5,603,1
Mukhsin,Movie,2006,TV-PG,98 min,Malaysia,98,0,9,338,1
Paava Kadhaigal,TV Show,2020,TV-MA,1 Season,India,1,1,8,251,0
Rabun,Movie,2004,TV-PG,85 min,Malaysia,85,0,9,338,1
Talentime,Movie,2009,TV-14,120 min,Malaysia,120,0,6,338,2
An Unremarkable Christmas,Movie,2020,TV-14,83 min,Colombia,83,0,6,121,3
Braven,Movie,2018,R,94 min,Canada,94,0,5,58,1
Eggnoid: Love & Time Portal,Movie,2019,TV-14,102 min,Indonesia,102,0,6,272,1
Love You to the Stars and Back,Movie,2017,TV-14,111 min,Philippines,111,0,6,388,1
Morphle,TV Show,2020,TV-Y,2 Seasons,Netherlands,2,1,10,354,0
Run On,TV Show,2020,TV-MA,1 Season,South Korea,1,1,8,435,0
Sakaling Maging Tayo,Movie,2019,TV-14,90 min,Philippines,90,0,6,388,1
Schulz Saves America,TV Show,2020,TV-MA,1 Season,United States,1,1,8,603,0
Anitta: Made In Honório,TV Show,2020,TV-MA,1 Season,Brazil,1,1,8,45,0
Bwakaw,Movie,2012,TV-MA,110 min,"Philippines, Canada, United Kingdom, United States",110,0,8,389,1
How To Ruin Christmas,TV Show,2020,TV-MA,1 Season,South Africa,1,1,8,426,0
Incarnate,Movie,2016,PG-13,87 min,United States,87,0,4,603,1
Lee Daniels' The Butler,Movie,2013,PG-13,132 min,United States,132,0,4,603,2
Marvel Anime: Wolverine,TV Show,2011,TV-14,1 Season,"United States, Japan",1,1,6,686,0
Marvel Anime: X-Men,TV Show,2011,TV-14,1 Season,Japan,1,1,6,319,0
Nocturnal Animals,Movie,2016,R,117 min,United States,117,0,5,603,1
The Ripper,TV Show,2020,TV-MA,1 Season,United Kingdom,1,1,8,506,0
Vir Das: Outside In - The Lockdown Special,Movie,2020,TV-MA,50 min,India,50,0,8,251,3
Black Ink Crew New York,TV Show,2014,TV-14,2 Seasons,United States,2,1,6,603,0
Grizzlies,Movie,2018,R,106 min,Canada,106,0,5,58,1
Pup Academy,TV Show,2020,TV-Y,2 Seasons,United States,2,1,10,603,0
Song Exploder,TV Show,2020,TV-MA,2 Seasons,United States,2,1,8,603,0
Teen Mom 2,TV Show,2011,TV-14,2 Seasons,United States,2,1,6,603,0
The Challenge,TV Show,2006,TV-14,2 Seasons,United States,2,1,6,603,0
The Professor and the Madman,Movie,2019,TV-14,125 min,"Ireland, France, Iceland, United States, Mexico, Belgium, United Kingdom, Hong Kong",125,0,6,284,2
A California Christmas,Movie,2020,PG-13,107 min,United States,107,0,4,603,1
Hilda,TV Show,2021,TV-Y7,2 Seasons,"United Kingdom, Canada, United States",2,1,11,520,0
Tiny Pretty Things,TV Show,2020,TV-MA,1 Season,United States,1,1,8,603,0
The Netflix Afterparty: The Best Shows of The Worst Year,Movie,2020,TV-MA,59 min,United States,59,0,8,603,3
Children of Adam,TV Show,2020,TV-14,1 Season,Lebanon,1,1,6,328,0
Grizzy et les Lemmings,TV Show,2018,TV-Y,2 Seasons,France,2,1,10,162,0
Canvas,Movie,2020,G,9 min,United States,9,0,0,603,0
Giving Voice,Movie,2020,PG-13,91 min,United States,91,0,4,603,1
The Mess You Leave Behind,TV Show,2020,TV-MA,1 Season,Spain,1,1,8,444,0
The Prom,Movie,2020,PG-13,132 min,United States,132,0,4,603,2
Torbaaz,Movie,2020,TV-MA,133 min,India,133,0,8,251,2
Alice in Borderland,TV Show,2020,TV-MA,1 Season,Japan,1,1,8,319,0
Funny Boy,Movie,2020,TV-MA,109 min,"Canada, United States",109,0,8,86,1
Just The Way You Are,Movie,2016,TV-G,107 min,Philippines,107,0,7,388,1
She's the One,Movie,2013,TV-14,111 min,Philippines,111,0,6,388,1
The Panti Sisters,Movie,2019,TV-MA,108 min,Philippines,108,0,8,388,1
"Kalel, 15",Movie,2019,TV-MA,105 min,Philippines,105,0,8,388,1
Masameer Classics,TV Show,2013,TV-14,4 Seasons,Saudi Arabia,4,1,6,412,0
Once Upon a Time,TV Show,2019,TV-14,1 Season,Egypt,1,1,6,150,0
Rose Island,Movie,2020,TV-14,119 min,Italy,119,0,6,302,1
The Big Show Show,TV Show,2020,TV-G,2 Seasons,United States,2,1,7,603,0
The Expanding Universe of Ashley Garcia,TV Show,2020,TV-PG,3 Seasons,United States,3,1,9,603,0
The Surgeon's Cut,TV Show,2020,TV-14,1 Season,United States,1,1,6,603,0
André & his olive tree,Movie,2020,TV-PG,104 min,Singapore,104,0,9,419,1
Bobbleheads The Movie,Movie,2020,PG,83 min,United States,83,0,3,603,3
Emicida: AmarElo - It’s All For Yesterday,Movie,2020,TV-MA,90 min,Brazil,90,0,8,45,1
Juman,TV Show,2019,TV-PG,1 Season,Kuwait,1,1,9,326,0
Mr. Iglesias,TV Show,2020,TV-14,3 Seasons,United States,3,1,6,603,0
Spirit Riding Free: Ride Along Adventure,Movie,2020,TV-Y7,79 min,United States,79,0,11,603,3
Triple 9,Movie,2016,R,115 min,United States,115,0,5,603,1
100 Days My Prince,TV Show,2018,TV-14,1 Season,South Korea,1,1,6,435,0
Ava,Movie,2020,R,97 min,United States,97,0,5,603,1
Room 2806: The Accusation,TV Show,2020,TV-MA,1 Season,France,1,1,8,162,0
Detention,TV Show,2020,TV-MA,1 Season,Taiwan,1,1,8,483,0
Mighty Express: A Mighty Christmas,Movie,2020,TV-Y,26 min,Canada,26,0,10,58,0
Bhaag Beanie Bhaag,TV Show,2020,TV-MA,1 Season,India,1,1,8,251,0
Big Mouth,TV Show,2020,TV-MA,4 Seasons,United States,4,1,8,603,0
Captain Underpants Mega Blissmas,Movie,2020,TV-Y7,46 min,United States,46,0,11,603,3
Christmas Crossfire,Movie,2020,TV-MA,106 min,Germany,106,0,8,212,1
Kings of Jo'Burg,TV Show,2020,TV-MA,1 Season,South Africa,1,1,8,426,0
Leyla Everlasting,Movie,2020,TV-MA,113 min,Turkey,113,0,8,492,1
MANK,Movie,2020,R,133 min,United States,133,0,5,603,2
You Are My Home,Movie,2020,TV-PG,93 min,United States,93,0,9,603,1
Between Maybes,Movie,2019,TV-14,108 min,Philippines,108,0,6,388,1
Break,Movie,2018,TV-MA,96 min,"France, Belgium",96,0,8,165,1
Just Another Christmas,Movie,2020,TV-MA,101 min,Brazil,101,0,8,45,1
Must Be... Love,Movie,2013,TV-14,106 min,Philippines,106,0,6,388,1
Alien Worlds,TV Show,2020,TV-PG,1 Season,United Kingdom,1,1,9,506,0
Ari Eldjárn: Pardon My Icelandic,Movie,2020,TV-MA,54 min,Iceland,54,0,8,249,3
Check The Store Next Door: The Next Chapter,TV Show,2020,TV-14,2 Seasons,Indonesia,2,1,6,272,0
Fierce,Movie,2020,TV-MA,118 min,Poland,118,0,8,394,1
Hazel Brugger: Tropical,Movie,2020,TV-MA,58 min,Germany,58,0,8,212,3
3 Days to Kill,Movie,2014,PG-13,117 min,"United States, France, Serbia",117,0,4,652,1
Angela's Christmas Wish,Movie,2020,TV-Y,48 min,United States,48,0,10,603,3
Angels & Demons,Movie,2009,PG-13,139 min,"United States, Italy",139,0,4,682,2
Are You The One,TV Show,2014,TV-14,2 Seasons,United States,2,1,6,603,0
Chef,Movie,2014,R,115 min,United States,115,0,5,603,1
Effie Gray,Movie,2014,PG-13,109 min,United Kingdom,109,0,4,506,1
Gormiti,TV Show,2018,TV-Y,1 Season,"Spain, Italy",1,1,10,460,0
Ink Master,TV Show,2012,TV-14,2 Seasons,United States,2,1,6,603,0
Monster House,Movie,2006,PG,91 min,United States,91,0,3,603,1
Natalie Palamides: Nate - A One Man Show,Movie,2020,TV-MA,60 min,United States,60,0,8,603,3
Octonauts,TV Show,2015,TV-Y,4 Seasons,"United States, Ireland, United Kingdom, India",4,1,10,679,0
Oddbods,TV Show,2017,TV-Y,1 Season,"United Kingdom, Singapore",1,1,10,578,0
Peppermint,Movie,2018,R,102 min,"Hong Kong, United States",102,0,5,246,1
Quigley Down Under,Movie,1990,PG-13,120 min,"Australia, United States",120,0,4,30,2
Stargate SG-1,TV Show,2006,TV-MA,10 Seasons,"United States, Canada",10,1,8,621,0
The Bachelorette,TV Show,2010,TV-14,1 Season,United States,1,1,6,603,0
The Da Vinci Code,Movie,2006,PG-13,149 min,"United States, Malta, France, United Kingdom",149,0,4,689,2
The Guest,TV Show,2018,TV-14,1 Season,South Korea,1,1,6,435,0
The Happytime Murders,Movie,2018,R,91 min,"United States, China, Canada",91,0,5,633,1
The Holiday Movies That Made Us,TV Show,2020,TV-PG,1 Season,United States,1,1,9,603,0
The Repair Shop,TV Show,2018,TV-PG,1 Season,United Kingdom,1,1,9,506,0
U-Turn,Movie,2020,TV-MA,99 min,Philippines,99,0,8,388,1
Finding Agnes,Movie,2020,TV-PG,106 min,Philippines,106,0,9,388,1
Rust Creek,Movie,2018,R,108 min,United States,108,0,5,603,1
Spookley and the Christmas Kittens,Movie,2019,TV-Y,45 min,United States,45,0,10,603,3
The 2nd,Movie,2020,TV-MA,93 min,United States,93,0,8,603,1
The Uncanny Counter,TV Show,2020,TV-14,1 Season,South Korea,1,1,6,435,0
A Go! Go! Cory Carson Christmas,Movie,2020,TV-Y,22 min,United States,22,0,10,603,0
Dance Dreams: Hot Chocolate Nutcracker,Movie,2020,TV-PG,81 min,United States,81,0,9,603,3
Don’t Listen,Movie,2020,TV-MA,98 min,Spain,98,0,8,444,1
Fabulous Lives of Bollywood Wives,TV Show,2020,TV-MA,1 Season,India,1,1,8,251,0
Heartbreak High,TV Show,1999,TV-14,7 Seasons,Australia,7,1,6,15,0
Over Christmas,TV Show,2020,TV-MA,1 Season,Germany,1,1,8,212,0
Sugar Rush Christmas,TV Show,2020,TV-14,2 Seasons,United States,2,1,6,603,0
The Beast,Movie,2020,TV-MA,100 min,Italy,100,0,8,302,1
The Call,Movie,2020,TV-MA,112 min,South Korea,112,0,8,435,1
Fantastica,Movie,2018,TV-PG,114 min,Philippines,114,0,9,388,1
Larry the Cable Guy: Remain Seated,Movie,2020,TV-14,68 min,United States,68,0,6,603,3
Mosul,Movie,2020,TV-MA,103 min,United States,103,0,8,603,1
Unexpectedly Yours,Movie,2017,TV-14,121 min,Philippines,121,0,6,388,2
Ghosts of War,Movie,2020,R,95 min,United Kingdom,95,0,5,506,1
Great Pretender,TV Show,2020,TV-MA,2 Seasons,Japan,2,1,8,319,0
Shawn Mendes: Live in Concert,Movie,2020,TV-PG,87 min,"United Kingdom, United States",87,0,9,589,1
The Christmas Chronicles: Part Two,Movie,2020,PG,115 min,Canada,115,0,3,58,1
Andhakaaram,Movie,2020,TV-14,171 min,India,171,0,6,251,2
Before 30,TV Show,2015,TV-MA,1 Season,Nigeria,1,1,8,368,0
Dragons: Rescue Riders: Huttsgalor Holiday,Movie,2020,TV-Y,46 min,United States,46,0,10,603,3
Hillbilly Elegy,Movie,2020,R,117 min,United States,117,0,5,603,1
Notes for My Son,Movie,2020,TV-MA,84 min,Argentina,84,0,8,2,3
Valentino,TV Show,2020,TV-14,1 Season,Egypt,1,1,6,150,0
Hard Kill,Movie,2020,R,98 min,United States,98,0,5,603,1
Shawn Mendes: In Wonder,Movie,2020,TV-MA,83 min,United States,83,0,8,603,3
Strongest Deliveryman,TV Show,2017,TV-MA,1 Season,South Korea,1,1,8,435,0
The Suit,Movie,2018,TV-14,97 min,Egypt,97,0,6,150,1
Dolly Parton’s Christmas on the Square,Movie,2020,TV-PG,99 min,United States,99,0,9,603,1
Machete Kills,Movie,2013,R,108 min,"United States, Russia",108,0,5,703,1
40 Sticks,Movie,2019,TV-14,93 min,Kenya,93,0,6,324,1
Alien Xmas,Movie,2020,TV-Y,42 min,United States,42,0,10,603,3
Flavorful Origins,TV Show,2020,TV-G,3 Seasons,China,3,1,7,105,0
If Anything Happens I Love You,Movie,2020,PG,13 min,United States,13,0,3,603,0
Mismatched,TV Show,2020,TV-MA,1 Season,India,1,1,8,251,0
The App That Stole Christmas,Movie,2020,TV-PG,64 min,United States,64,0,9,603,3
Voices of Fire,TV Show,2020,TV-PG,1 Season,United States,1,1,9,603,0
Black Friday,Movie,2004,TV-MA,162 min,India,162,0,8,251,2
Bodyguard,Movie,2011,TV-14,130 min,India,130,0,6,251,2
Break Ke Baad,Movie,2010,TV-14,108 min,India,108,0,6,251,1
Hawaizaada,Movie,2015,TV-14,129 min,India,129,0,6,251,2
My Amnesia Girl,Movie,2010,TV-14,105 min,Philippines,105,0,6,388,1
Raman Raghav 2.0,Movie,2016,TV-MA,133 min,India,133,0,8,251,2
Singham,Movie,2011,TV-14,142 min,India,142,0,6,251,2
TE3N,Movie,2016,TV-14,128 min,India,128,0,6,251,2
The Princess Switch: Switched Again,Movie,2020,TV-G,97 min,United States,97,0,7,603,1
Three Words to Forever,Movie,2018,TV-G,107 min,Philippines,107,0,7,388,1
Well Done Abba,Movie,2009,TV-14,135 min,India,135,0,6,251,2
Holiday Home Makeover with Mr. Christmas,TV Show,2020,TV-G,1 Season,United States,1,1,7,603,0
Ainu Mosir,Movie,2020,TV-PG,84 min,"United States, Japan",84,0,9,686,3
Kevin Hart: Zero F**ks Given,Movie,2020,TV-MA,70 min,United States,70,0,8,603,3
The Boss Baby: Back in Business,TV Show,2020,TV-Y7,4 Seasons,United States,4,1,11,603,0
We Are the Champions,TV Show,2020,TV-MA,1 Season,United States,1,1,8,603,0
Loving,Movie,2016,PG-13,124 min,"United Kingdom, United States",124,0,4,589,2
Whose Streets?,Movie,2017,R,102 min,United States,102,0,5,603,1
A Very Country Christmas,Movie,2017,TV-G,84 min,"United States, Canada",84,0,7,621,3
America's Next Top Model,TV Show,2013,TV-14,2 Seasons,United States,2,1,6,603,0
Beyblade Burst Rise,TV Show,2019,TV-Y,1 Season,Japan,1,1,10,319,0
Cloudy with a Chance of Meatballs 2,Movie,2013,PG,95 min,United States,95,0,3,603,1
Hometown Holiday,Movie,2018,TV-G,84 min,Canada,84,0,7,58,3
Polly Pocket,TV Show,2021,TV-Y,2 Seasons,"Canada, United States, Ireland",2,1,10,92,0
Survivor,TV Show,2014,TV-14,2 Seasons,United States,2,1,6,603,0
The Crown,TV Show,2020,TV-MA,4 Seasons,"United Kingdom, United States",4,1,8,589,0
White Christmas,Movie,1954,TV-G,120 min,United States,120,0,7,603,2
Killer Cove,Movie,2019,TV-14,87 min,United States,87,0,6,603,1
American Horror Story,TV Show,2019,TV-MA,9 Seasons,United States,9,1,8,603,0
Fukrey Boyzzz: Space Mein Fukrapanti,Movie,2020,TV-Y7,75 min,India,75,0,11,251,3
Jingle Jangle: A Christmas Journey,Movie,2020,PG,124 min,United States,124,0,3,603,2
The Beginning of Life 2: Outside,Movie,2020,TV-PG,92 min,Brazil,92,0,9,45,1
The Life Ahead,Movie,2020,PG-13,95 min,Italy,95,0,4,302,1
The Minions of Midas,TV Show,2020,TV-MA,1 Season,Spain,1,1,8,444,0
A Very Special Love,Movie,2008,TV-G,107 min,Philippines,107,0,7,388,1
Ethos,TV Show,2020,TV-MA,1 Season,Turkey,1,1,8,492,0
First Love,Movie,2018,TV-MA,123 min,Philippines,123,0,8,388,2
Fruitvale Station,Movie,2013,R,85 min,United States,85,0,5,603,1
Graceful Friends,TV Show,2020,TV-MA,1 Season,South Korea,1,1,8,435,0
Ludo,Movie,2020,TV-MA,150 min,India,150,0,8,251,2
Memories of a Teenager,Movie,2019,TV-MA,97 min,Argentina,97,0,8,2,1
Prom Night,Movie,2008,PG-13,88 min,"United States, Canada",88,0,4,621,1
A Queen Is Born,TV Show,2020,TV-14,1 Season,Brazil,1,1,6,45,0
Aunty Donna's Big Ol' House of Fun,TV Show,2020,TV-MA,1 Season,Australia,1,1,8,15,0
The Liberator,TV Show,2020,TV-MA,1 Season,United States,1,1,8,603,0
Trial 4,TV Show,2020,TV-MA,1 Season,United States,1,1,8,603,0
We Are All For The Fatherland,Movie,1979,TV-14,74 min,"Lebanon, Canada, France",74,0,6,329,3
What We Wanted,Movie,2020,TV-MA,93 min,Austria,93,0,8,31,1
A Lion in the House,TV Show,2006,TV-14,1 Season,United States,1,1,6,603,0
DASH & LILY,TV Show,2020,TV-14,1 Season,United States,1,1,6,603,0
Bakugan: Battle Planet,TV Show,2018,TV-PG,1 Season,"Japan, Canada, United States",1,1,9,321,0
Citation,Movie,2020,TV-MA,151 min,Nigeria,151,0,8,368,2
Country Ever After,TV Show,2020,TV-PG,1 Season,United States,1,1,9,603,0
Girl's Revenge,Movie,2020,TV-MA,82 min,Taiwan,82,0,8,483,3
The Endless Trench,Movie,2019,TV-MA,148 min,"Spain, France, Canada",148,0,8,452,2
The Late Bloomer,Movie,2016,R,95 min,United States,95,0,5,603,1
Wrong Kind of Black,TV Show,2018,TV-MA,1 Season,Australia,1,1,8,15,0
A New York Christmas Wedding,Movie,2020,TV-MA,90 min,United States,90,0,8,603,1
Alone/Together,Movie,2019,TV-14,103 min,Philippines,103,0,6,388,1
Carmel: Who Killed Maria Marta?,TV Show,2020,TV-14,1 Season,Argentina,1,1,6,2,0
Midnight at the Magnolia,Movie,2020,TV-G,87 min,Canada,87,0,7,58,1
One More Try,Movie,2012,TV-14,102 min,Philippines,102,0,6,388,1
Operation Christmas Drop,Movie,2020,TV-G,96 min,United States,96,0,7,603,1
Paranormal,TV Show,2020,TV-14,1 Season,Egypt,1,1,6,150,0
A Christmas Catch,Movie,2018,TV-G,87 min,Canada,87,0,7,58,1
Christmas with a Prince,Movie,2018,TV-PG,86 min,Canada,86,0,9,58,1
Love & Anarchy,TV Show,2020,TV-MA,1 Season,Sweden,1,1,8,470,0
Miss India,Movie,2020,TV-PG,136 min,India,136,0,9,251,2
Felix Lobrecht: Hype,Movie,2020,TV-MA,60 min,Germany,60,0,8,212,3
MOTHER,Movie,2020,TV-14,127 min,Japan,127,0,6,319,2
Can You Hear Me?,TV Show,2020,TV-MA,2 Seasons,Canada,2,1,8,58,0
Prospect,Movie,2018,R,100 min,"Canada, United States",100,0,5,86,1
60 Days In,TV Show,2019,TV-MA,1 Season,United States,1,1,8,603,0
Christmas Break-In,Movie,2019,TV-PG,87 min,United States,87,0,9,603,1
Dawson's Creek,TV Show,2002,TV-14,6 Seasons,United States,6,1,6,603,0
Elf Pets: A Fox Cub’s Christmas Tale,Movie,2020,TV-Y,28 min,United States,28,0,10,603,0
Elf Pets: Santa’s Reindeer Rescue,Movie,2020,TV-Y,27 min,United States,27,0,10,603,0
Elliot the Littlest Reindeer,Movie,2018,PG,90 min,Canada,90,0,3,58,1
Forged in Fire,TV Show,2019,TV-14,1 Season,United States,1,1,6,603,0
Leah Remini: Scientology and the Aftermath,TV Show,2018,TV-14,3 Seasons,United States,3,1,6,603,0
LEGO Jurassic World: Legend of Isla Nublar,TV Show,2019,TV-Y,1 Season,United States,1,1,10,603,0
LEGO Jurassic World: Secret Exhibit,TV Show,2018,TV-Y,1 Season,United States,1,1,10,603,0
LEGO Ninjago,TV Show,2020,TV-Y7,2 Seasons,Canada,2,1,11,58,0
LEGO Ninjago: Masters of Spinjitzu,TV Show,2019,TV-Y7,10 Seasons,"Denmark, Singapore, Canada, United States",10,1,11,143,0
LEGO: CITY Adventures,TV Show,2019,TV-Y,1 Season,"United States, France, Denmark",1,1,10,648,0
Little Monsters,Movie,1989,PG,102 min,United States,102,0,3,603,1
Mile 22,Movie,2018,R,94 min,"United States, China, Colombia",94,0,5,634,1
Piercing,Movie,2018,R,81 min,United States,81,0,5,603,3
Snowden,Movie,2016,R,134 min,"United Kingdom, France, Germany, United States",134,0,5,539,2
The Garfield Show,TV Show,2018,TV-Y,4 Seasons,"France, United States",4,1,10,206,0
The Good Detective,TV Show,2020,TV-MA,1 Season,South Korea,1,1,8,435,0
The Impossible,Movie,2012,PG-13,114 min,"Spain, Thailand, United States",114,0,4,466,1
The Next Karate Kid,Movie,1994,PG,107 min,United States,107,0,3,603,1
Voice,TV Show,2018,TV-14,2 Seasons,South Korea,2,1,6,435,0
Wheels of Fortune,Movie,2020,R,107 min,United States,107,0,5,603,1
Afronta! Facing It!,TV Show,2017,TV-PG,1 Season,Brazil,1,1,9,45,0
The 12th Man,Movie,2018,TV-MA,130 min,Norway,130,0,8,370,2
Zumbo's Just Desserts,TV Show,2019,TV-PG,1 Season,Australia,1,1,9,15,0
Hidden in Plain Sight,Movie,2019,TV-14,87 min,United States,87,0,6,603,1
His House,Movie,2020,TV-14,93 min,United Kingdom,93,0,6,506,1
In Line,Movie,2017,TV-14,114 min,Nigeria,114,0,6,368,1
Kaali Khuhi,Movie,2020,TV-14,91 min,India,91,0,6,251,1
Marvel's Agents of S.H.I.E.L.D.,TV Show,2020,TV-14,7 Seasons,United States,7,1,6,603,0
Rogue City,Movie,2020,TV-MA,116 min,France,116,0,8,162,1
Somebody Feed Phil,TV Show,2020,TV-14,4 Seasons,United States,4,1,6,603,0
Suburra: Blood on Rome,TV Show,2020,TV-MA,3 Seasons,Italy,3,1,8,302,0
The Day of the Lord,Movie,2020,TV-MA,93 min,"Mexico, Spain",93,0,8,349,1
Pagpag: Nine Lives,Movie,2013,TV-14,106 min,Philippines,106,0,6,388,1
Holidate,Movie,2020,TV-MA,105 min,United States,105,0,8,603,1
Metallica Through The Never,Movie,2013,R,93 min,United States,93,0,5,603,1
Nobody Sleeps in the Woods Tonight,Movie,2020,TV-MA,103 min,Poland,103,0,8,394,1
Secrets of the Saqqara Tomb,Movie,2020,TV-PG,114 min,United States,114,0,9,603,1
Blood of Zeus,TV Show,2020,TV-MA,1 Season,United States,1,1,8,603,0
Chico Bon Bon: Monkey with a Tool Belt,TV Show,2020,TV-Y,4 Seasons,United States,4,1,10,603,0
Guillermo Vilas: Settling the Score,Movie,2020,TV-14,95 min,Argentina,95,0,6,2,1
Sarah Cooper: Everything's Fine,Movie,2020,TV-MA,50 min,United States,50,0,8,603,3
The Devil Punisher,TV Show,2020,TV-14,1 Season,Taiwan,1,1,6,483,0
Ajab Prem Ki Ghazab Kahani,Movie,2009,TV-14,150 min,India,150,0,6,251,2
Black '47,Movie,2018,R,100 min,"Ireland, Luxembourg, Belgium",100,0,5,285,1
I Am Woman,Movie,2019,TV-MA,117 min,Australia,117,0,8,15,1
Alice Junior,Movie,2019,TV-MA,87 min,Brazil,87,0,8,45,1
Barbarians,TV Show,2020,TV-MA,1 Season,Germany,1,1,8,212,0
Move,TV Show,2020,TV-MA,1 Season,United States,1,1,8,603,0
Over the Moon,Movie,2020,PG,100 min,"China, United States",100,0,3,117,1
Shattered Memories,Movie,2018,TV-14,86 min,United States,86,0,6,603,1
Stolen Away,TV Show,2020,TV-MA,1 Season,Spain,1,1,8,444,0
The Queen's Gambit,TV Show,2020,TV-MA,1 Season,United States,1,1,8,603,0
Bending the Arc,Movie,2017,TV-MA,102 min,United States,102,0,8,603,1
Cadaver,Movie,2020,TV-MA,87 min,Norway,87,0,8,370,1
Exes Baggage,Movie,2018,TV-MA,103 min,Philippines,103,0,8,388,1
Fisherman's Friends,Movie,2019,PG-13,112 min,United Kingdom,112,0,4,506,1
The Hows of Us,Movie,2018,TV-14,120 min,Philippines,120,0,6,388,1
The Hummingbird Project,Movie,2018,R,111 min,"Canada, Belgium",111,0,5,60,1
"Yes, God, Yes",Movie,2020,R,78 min,United States,78,0,5,603,3
Brave Blue World: Racing to Solve Our Water Crisis,Movie,2020,TV-PG,51 min,"Canada, United Kingdom",51,0,9,83,3
My Next Guest Needs No Introduction With David Letterman,TV Show,2020,TV-MA,3 Seasons,United States,3,1,8,603,0
Rebecca,Movie,2020,PG-13,123 min,United Kingdom,123,0,4,506,2
The Magic School Bus Rides Again The Frizz Connection,Movie,2020,TV-Y,46 min,Canada,46,0,10,58,3
Tremors: Shrieker Island,Movie,2020,PG-13,102 min,United States,102,0,4,603,1
Beirut Oh Beirut,Movie,1975,TV-14,106 min,Lebanon,106,0,6,328,1
Bosta,Movie,2005,TV-14,112 min,Lebanon,112,0,6,328,1
Ghadi,Movie,2013,TV-MA,101 min,Lebanon,101,0,8,328,1
Heritages,Movie,2014,TV-14,96 min,"Lebanon, United Arab Emirates, France, Switzerland, Germany",96,0,6,335,1
Listen,Movie,2017,TV-MA,103 min,Lebanon,103,0,8,328,1
Out of Life,Movie,1991,TV-MA,94 min,"France, Belgium, Italy",94,0,8,167,1
Panoptic,Movie,2017,TV-MA,69 min,Lebanon,69,0,8,328,3
Taxi Ballad,Movie,2012,TV-MA,81 min,"Lebanon, United States, United Arab Emirates",81,0,8,336,3
The Kite,Movie,2003,TV-MA,76 min,"Lebanon, France",76,0,8,330,3
The Little Wars,Movie,1982,TV-14,108 min,"France, Lebanon",108,0,6,188,1
Under the Bombs,Movie,2007,TV-MA,94 min,"France, Lebanon, United Kingdom",94,0,8,189,1
West Beirut,Movie,1999,TV-MA,106 min,"France, Norway, Lebanon, Belgium",106,0,8,197,1
What Did I Mess,Movie,2018,TV-14,98 min,Lebanon,98,0,6,328,1
Whispers,Movie,1980,TV-14,93 min,"Lebanon, Canada, France",93,0,6,329,1
Zozo,Movie,2005,TV-MA,99 min,"Sweden, Czech Republic, United Kingdom, Denmark, Netherlands",99,0,8,471,1
ParaNorman,Movie,2012,PG,93 min,United States,93,0,3,603,1
Start-Up,TV Show,2020,TV-14,1 Season,South Korea,1,1,6,435,0
I Am Vengeance: Retaliation,Movie,2020,R,82 min,United Kingdom,82,0,5,506,3
Disconnect,Movie,2018,TV-MA,107 min,Kenya,107,0,8,324,1
Grand Army,TV Show,2020,TV-MA,1 Season,United States,1,1,8,603,0
In a Valley of Violence,Movie,2016,R,104 min,United States,104,0,5,603,1
La Révolution,TV Show,2020,TV-MA,1 Season,France,1,1,8,162,0
Someone Has to Die,TV Show,2020,TV-MA,1 Season,"Mexico, Spain",1,1,8,349,0
The Last Kids on Earth,TV Show,2020,TV-Y7,3 Seasons,United States,3,1,11,603,0
The Trial of the Chicago 7,Movie,2020,R,130 min,"United States, United Kingdom, India",130,0,5,728,2
Unfriended,Movie,2014,R,83 min,"United States, Russia",83,0,5,703,3
A Babysitter's Guide to Monster Hunting,Movie,2020,TV-PG,99 min,United States,99,0,9,603,1
Batman: The Killing Joke,Movie,2016,R,77 min,United States,77,0,5,603,3
El-Khawaga's Dilemma,Movie,2018,TV-14,94 min,Egypt,94,0,6,150,1
Fireman Sam,TV Show,2018,TV-Y,4 Seasons,United Kingdom,4,1,10,506,0
Half & Half,TV Show,2005,TV-14,4 Seasons,United States,4,1,6,603,0
Kartini: Princess of Java,Movie,2017,TV-PG,118 min,"Indonesia, Netherlands",118,0,9,273,1
Love Like the Falling Rain,Movie,2020,TV-14,87 min,Indonesia,87,0,6,272,1
One on One,TV Show,2006,TV-14,5 Seasons,United States,5,1,6,603,0
Power Rangers Beast Morphers,TV Show,2020,TV-Y7,2 Seasons,United States,2,1,11,603,0
Rooting for Roona,Movie,2020,TV-PG,42 min,India,42,0,9,251,3
Social Distance,TV Show,2020,TV-MA,1 Season,United States,1,1,8,603,0
A Choo,Movie,2020,TV-14,101 min,Taiwan,101,0,6,483,1
BLACKPINK: Light Up the Sky,Movie,2020,TV-14,80 min,United States,80,0,6,603,3
The Three Deaths of Marisela Escobedo,Movie,2020,TV-MA,110 min,Mexico,110,0,8,342,1
Fida,Movie,2004,TV-14,117 min,India,117,0,6,251,1
Octonauts & the Great Barrier Reef,Movie,2020,TV-Y,47 min,United Kingdom,47,0,10,506,3
The Cabin with Bert Kreischer,TV Show,2020,TV-MA,1 Season,United States,1,1,8,603,0
Dil,Movie,1990,TV-14,165 min,India,165,0,6,251,2
Disco Dancer,Movie,1982,TV-14,134 min,India,134,0,6,251,2
Hunterrr,Movie,2015,TV-MA,140 min,India,140,0,8,251,2
Kipo and the Age of Wonderbeasts,TV Show,2020,TV-Y7,3 Seasons,United States,3,1,11,603,0
Phir Hera Pheri,Movie,2006,TV-14,150 min,India,150,0,6,251,2
The Legend of Bhagat Singh,Movie,2002,TV-14,156 min,India,156,0,6,251,2
House of the Witch,Movie,2017,TV-MA,86 min,United States,86,0,8,603,1
Deaf U,TV Show,2020,TV-MA,1 Season,United States,1,1,8,603,0
Ginny Weds Sunny,Movie,2020,TV-MA,126 min,India,126,0,8,251,2
My Step Dad: The Hippie,Movie,2018,TV-MA,100 min,"Turkey, South Korea",100,0,8,496,1
Super Monsters: Dia de los Monsters,Movie,2020,TV-Y,25 min,Canada,25,0,10,58,0
The Forty-Year-Old Version,Movie,2020,R,124 min,United States,124,0,5,603,2
The Haunting of Bly Manor,TV Show,2020,TV-MA,1 Season,United States,1,1,8,603,0
Bigflo & Oli: Hip Hop Frenzy,Movie,2020,TV-MA,100 min,France,100,0,8,162,1
Do Do Sol Sol La La Sol,TV Show,2020,TV-14,1 Season,South Korea,1,1,6,435,0
Palermo Hollywood,Movie,2004,TV-MA,106 min,Argentina,106,0,8,2,1
Private Lives,TV Show,2020,TV-14,1 Season,South Korea,1,1,6,435,0
The 100,TV Show,2020,TV-MA,7 Seasons,"United States, Canada",7,1,8,621,0
Hubie Halloween,Movie,2020,PG-13,104 min,United States,104,0,4,603,1
To the Lake,TV Show,2020,TV-MA,1 Season,Russia,1,1,8,407,0
American Pie 9: Girls' Rules,Movie,2020,R,96 min,United States,96,0,5,603,1
Dolly Parton: Here I Am,Movie,2019,TV-14,90 min,United Kingdom,90,0,6,506,1
StarBeam: Halloween Hero,Movie,2020,TV-Y,33 min,Canada,33,0,10,58,0
Walk Away from Love,Movie,2017,TV-14,81 min,United States,81,0,6,603,3
Bad Boy Billionaires: India,TV Show,2020,TV-14,1 Season,India,1,1,6,251,0
David Attenborough: A Life on Our Planet,Movie,2020,PG,84 min,"United States, United Kingdom",84,0,3,718,3
"Best Wishes, Warmest Regards: A Schitt's Creek Farewell",Movie,2020,TV-MA,44 min,Canada,44,0,8,58,3
Good Game: The Beginning,Movie,2018,TV-14,115 min,Turkey,115,0,6,492,1
A Chaster Marriage,Movie,2016,TV-14,94 min,Turkey,94,0,6,492,1
DreamWorks Happy Holidays from Madagascar,TV Show,2005,TV-PG,1 Season,United States,1,1,9,603,0
Emily in Paris,TV Show,2020,TV-MA,1 Season,United States,1,1,8,603,0
H2O: Just Add Water,TV Show,2009,TV-PG,3 Seasons,Australia,3,1,9,15,0
Òlòtūré,Movie,2020,TV-MA,107 min,Nigeria,107,0,8,368,1
Serious Men,Movie,2020,TV-MA,115 min,India,115,0,8,251,1
The Binding,Movie,2020,TV-MA,93 min,Italy,93,0,8,302,1
Turkish Dance School,Movie,2017,TV-MA,107 min,Turkey,107,0,8,492,1
Vampires vs. the Bronx,Movie,2020,PG-13,86 min,United States,86,0,4,603,1
You've Got This,Movie,2020,TV-MA,112 min,Mexico,112,0,8,342,1
All Because of You,Movie,2020,TV-PG,102 min,Malaysia,102,0,9,338,1
An Ordinary Man,Movie,2017,R,91 min,"Serbia, United States",91,0,5,418,1
Carlos Almaraz: Playing with Fire,Movie,2019,TV-14,83 min,United States,83,0,6,603,3
Cold Harbour,Movie,2013,TV-MA,73 min,South Africa,73,0,8,426,3
Evil,TV Show,2019,TV-14,1 Season,United States,1,1,6,603,0
Familiar Wife,TV Show,2018,TV-MA,1 Season,South Korea,1,1,8,435,0
Food Wars!: Shokugeki no Soma,TV Show,2016,TV-MA,2 Seasons,Japan,2,1,8,319,0
Free State of Jones,Movie,2016,R,139 min,United States,139,0,5,603,2
"Good Morning, Verônica",TV Show,2020,TV-MA,1 Season,Brazil,1,1,8,45,0
Human Nature,Movie,2019,TV-14,95 min,United States,95,0,6,603,1
Hunt for the Wilderpeople,Movie,2016,PG-13,101 min,New Zealand,101,0,4,363,1
I'm Leaving Now,Movie,2019,TV-MA,75 min,"United States, Mexico",75,0,8,690,3
Oktoberfest: Beer & Blood,TV Show,2020,TV-MA,1 Season,"Germany, Czech Republic",1,1,8,218,0
Rize,Movie,2005,PG-13,87 min,"United States, United Kingdom",87,0,4,718,1
Secreto bien guardado,TV Show,2019,TV-MA,1 Season,Argentina,1,1,8,2,0
Sword Art Online,TV Show,2018,TV-MA,3 Seasons,Japan,3,1,8,319,0
The Book of Sun,Movie,2020,TV-14,120 min,Saudi Arabia,120,0,6,412,1
The Outpost,Movie,2020,R,123 min,"United States, Bulgaria",123,0,5,618,2
The Parkers,TV Show,2003,TV-PG,5 Seasons,United States,5,1,9,603,0
The Unicorn,TV Show,2019,TV-14,1 Season,United States,1,1,6,603,0
We Have Always Lived in the Castle,Movie,2018,TV-14,95 min,United States,95,0,6,603,1
You Cannot Hide,TV Show,2020,TV-MA,1 Season,Mexico,1,1,8,342,0
American Murder: The Family Next Door,Movie,2020,TV-MA,84 min,United States,84,0,8,603,3
Baxu and the Giants,Movie,2019,TV-PG,29 min,Namibia,29,0,9,353,0
Black Butler,TV Show,2010,TV-MA,3 Seasons,Japan,3,1,8,319,0
Man with a Plan,TV Show,2020,TV-PG,4 Seasons,United States,4,1,9,603,0
Poacher,Movie,2018,TV-MA,28 min,"United Kingdom, Kenya",28,0,8,566,0
The Boys in the Band,Movie,2020,R,122 min,United States,122,0,5,603,2
The Boys in the Band: Something Personal,Movie,2020,TV-MA,28 min,United States,28,0,8,603,0
Wentworth,TV Show,2020,TV-MA,8 Seasons,Australia,8,1,8,15,0
Bully,Movie,2012,PG-13,98 min,United States,98,0,4,603,1
Michelle Buteau: Welcome to Buteaupia,Movie,2020,TV-MA,59 min,United States,59,0,8,603,3
Welcome to Sudden Death,Movie,2020,R,80 min,United States,80,0,5,603,3
Amandla! A Revolution in Four Part Harmony,Movie,2002,PG-13,103 min,"South Africa, United States",103,0,4,431,1
Ankhon Dekhi,Movie,2013,TV-PG,104 min,India,104,0,9,251,1
Dedh Ishqiya,Movie,2014,TV-14,146 min,India,146,0,6,251,2
Golmaal Returns,Movie,2008,TV-MA,135 min,India,135,0,8,251,2
Ishq Vishk,Movie,2003,TV-PG,129 min,India,129,0,9,251,2
Ishqiya,Movie,2009,TV-14,115 min,India,115,0,6,251,1
Jab We Met,Movie,2007,TV-14,143 min,India,143,0,6,251,2
Mann,Movie,1999,TV-14,173 min,India,173,0,6,251,2
Manorama Six Feet Under,Movie,2007,TV-14,129 min,India,129,0,6,251,2
Welcome,Movie,2007,TV-PG,149 min,India,149,0,9,251,2
"Whose Vote Counts, Explained",TV Show,2020,TV-PG,1 Season,United States,1,1,9,603,0
Van Helsing,TV Show,2019,TV-MA,4 Seasons,United States,4,1,8,603,0
The Good Place,TV Show,2020,TV-14,4 Seasons,United States,4,1,6,603,0
Time Out,Movie,2015,TV-14,98 min,India,98,0,6,251,1
A Perfect Crime,TV Show,2020,TV-14,1 Season,Germany,1,1,6,212,0
Sneakerheads,TV Show,2020,TV-MA,1 Season,United States,1,1,8,603,0
The School Nurse Files,TV Show,2020,TV-MA,1 Season,South Korea,1,1,8,435,0
Real Steel,Movie,2011,PG-13,127 min,"United States, India",127,0,4,671,2
The Chef Show,TV Show,2020,TV-MA,4 Seasons,United States,4,1,8,603,0
Enola Holmes,Movie,2020,PG-13,124 min,United Kingdom,124,0,4,506,2
Kiss the Ground,Movie,2020,TV-G,85 min,United States,85,0,7,603,1
The Playbook,TV Show,2020,TV-MA,1 Season,United States,1,1,8,603,0
A Love Song for Latasha,Movie,2020,TV-PG,20 min,United States,20,0,9,603,0
DTC Yukemuri Junjo Hen From High & Low,Movie,2018,TV-PG,102 min,Japan,102,0,9,319,1
High & Low The Movie,Movie,2016,TV-MA,129 min,Japan,129,0,8,319,2
High & Low The Movie 2 / End of Sky,Movie,2017,TV-MA,124 min,Japan,124,0,8,319,2
High & Low The Movie 3 / Final Mission,Movie,2017,TV-MA,118 min,Japan,118,0,8,319,1
High & Low The Red Rain,Movie,2016,TV-MA,111 min,Japan,111,0,8,319,1
Road To High & Low,Movie,2016,TV-MA,94 min,Japan,94,0,8,319,1
The Blue Elephant 2,Movie,2019,TV-MA,130 min,Egypt,130,0,8,150,2
Bhaji In Problem,Movie,2013,TV-14,117 min,India,117,0,6,251,1
Black,Movie,2015,TV-14,137 min,India,137,0,6,251,2
Saheb Biwi Aur Gangster Returns,Movie,2013,TV-MA,139 min,India,139,0,8,251,2
Santa Banta Pvt Ltd,Movie,2016,TV-14,111 min,India,111,0,6,251,1
The Royal Bengal Tiger,Movie,2014,TV-MA,103 min,India,103,0,8,251,1
Dolly Kitty Aur Woh Chamakte Sitare,Movie,2020,TV-MA,120 min,India,120,0,8,251,1
Ratched,TV Show,2020,TV-MA,1 Season,United States,1,1,8,603,0
The American Barbecue Showdown,TV Show,2020,TV-G,1 Season,United States,1,1,7,603,0
The Blacklist,TV Show,2019,TV-14,7 Seasons,United States,7,1,6,603,0
Whipped,Movie,2020,TV-14,98 min,Indonesia,98,0,6,272,1
Anaamika,Movie,2014,TV-14,130 min,India,130,0,6,251,2
GIMS: On the Record,Movie,2020,TV-MA,96 min,France,96,0,8,162,1
Horrid Henry's Gross Day Out,Movie,2020,TV-Y,61 min,United Kingdom,61,0,10,506,3
Residue,Movie,2020,TV-MA,90 min,United States,90,0,8,603,1
The Last Word,TV Show,2020,TV-MA,1 Season,Germany,1,1,8,212,0
Baby,TV Show,2020,TV-MA,3 Seasons,Italy,3,1,8,302,0
Challenger,TV Show,2020,TV-14,1 Season,United States,1,1,6,603,0
Criminal: UK,TV Show,2020,TV-MA,2 Seasons,"United Kingdom, France, Germany, Spain",2,1,8,538,0
Signs,TV Show,2020,TV-MA,2 Seasons,Poland,2,1,8,394,0
Sing On!,TV Show,2020,TV-PG,1 Season,United States,1,1,9,603,0
The Devil All The Time,Movie,2020,R,139 min,United States,139,0,5,603,2
The Paramedic,Movie,2020,TV-MA,94 min,Spain,94,0,8,444,1
The Take,Movie,2016,R,92 min,"United Kingdom, France, United States, Belgium, Luxembourg, China, Germany",92,0,5,544,1
Call the Midwife,TV Show,2020,TV-MA,9 Seasons,United Kingdom,9,1,8,506,0
Hope Frozen: A Quest to Live Twice,Movie,2020,TV-PG,80 min,"Thailand, United States",80,0,9,491,3
Michael McIntyre: Showman,Movie,2020,TV-MA,63 min,United Kingdom,63,0,8,506,3
Raising Victor Vargas,Movie,2002,R,88 min,"France, United States",88,0,5,206,1
Taco Chronicles,TV Show,2020,TV-MA,2 Seasons,United States,2,1,8,603,0
The Smurfs 2,Movie,2013,PG,105 min,"United States, France, Canada, Belgium",105,0,3,645,1
Lara and the Beat,Movie,2018,TV-MA,140 min,Nigeria,140,0,8,368,2
Buddi,TV Show,2020,TV-Y,2 Seasons,"United Kingdom, China",2,1,10,523,0
Dad Wanted,Movie,2020,TV-14,103 min,Mexico,103,0,6,342,1
Family Business,TV Show,2020,TV-MA,2 Seasons,France,2,1,8,162,0
Girlfriends,TV Show,2007,TV-14,8 Seasons,United States,8,1,6,603,0
How to Train Your Dragon 2,Movie,2014,PG,102 min,United States,102,0,3,603,1
Pets United,Movie,2020,TV-Y7,93 min,"Germany, China, United Kingdom",93,0,11,217,1
The Barrier,TV Show,2020,TV-MA,1 Season,Spain,1,1,8,444,0
The Duchess,TV Show,2020,TV-MA,1 Season,United Kingdom,1,1,8,506,0
Aapla Manus,Movie,2018,TV-14,133 min,India,133,0,6,251,2
Ani... Dr. Kashinath Ghanekar,Movie,2018,TV-14,157 min,India,157,0,6,251,2
Bhai: Vyakti Ki Valli - Poorvardha,Movie,2019,TV-14,116 min,India,116,0,6,251,1
Bhai: Vyakti Ki Valli - Uttarardh,Movie,2019,TV-PG,112 min,India,112,0,9,251,1
Cycle,Movie,2018,TV-PG,96 min,India,96,0,9,251,1
Dhh,Movie,2017,TV-G,127 min,India,127,0,7,251,2
Greenleaf,TV Show,2020,TV-14,5 Seasons,United States,5,1,6,603,0
Julie and the Phantoms,TV Show,2020,TV-G,1 Season,United States,1,1,7,603,0
Kaagar,Movie,2019,TV-MA,130 min,India,130,0,8,251,2
Night of Knots,Movie,2018,TV-MA,93 min,Turkey,93,0,8,492,1
PhotoCopy,Movie,2016,TV-14,138 min,India,138,0,6,251,2
Poshter Girl,Movie,2016,TV-14,138 min,India,138,0,6,251,2
Satria Heroes: Revenge of the Darkness,Movie,2017,TV-G,92 min,Indonesia,92,0,7,272,1
Son Of Adam,Movie,2018,TV-14,110 min,Egypt,110,0,6,150,1
The Babysitter: Killer Queen,Movie,2020,TV-MA,102 min,United States,102,0,8,603,1
Cargo,Movie,2020,TV-14,113 min,India,113,0,6,251,1
Cuties,Movie,2020,TV-MA,96 min,France,96,0,8,162,1
Get Organized with The Home Edit,TV Show,2020,TV-PG,1 Season,United States,1,1,9,603,0
La Línea: Shadow of Narco,TV Show,2020,TV-MA,1 Season,Spain,1,1,8,444,0
So Much Love to Give,Movie,2020,TV-14,108 min,Argentina,108,0,6,2,1
The Social Dilemma,Movie,2020,PG-13,94 min,United States,94,0,4,603,1
#Alive,Movie,2020,TV-MA,99 min,South Korea,99,0,8,435,1
Record of Youth,TV Show,2020,TV-14,1 Season,South Korea,1,1,6,435,0
My Octopus Teacher,Movie,2020,TV-G,86 min,South Africa,86,0,7,426,1
Toll Booth,Movie,2010,TV-MA,98 min,Turkey,98,0,8,492,1
"Waiting for ""Superman""",Movie,2010,PG,111 min,United States,111,0,3,603,1
Cleverman,TV Show,2017,TV-MA,1 Season,"Australia, New Zealand, United States",1,1,8,24,0
Villain,Movie,2020,R,97 min,United Kingdom,97,0,5,506,1
Away,TV Show,2020,TV-14,1 Season,United States,1,1,6,603,0
I'm Thinking of Ending Things,Movie,2020,R,135 min,United States,135,0,5,603,2
Kandasamys: The Wedding,Movie,2019,TV-14,93 min,South Africa,93,0,6,426,1
Spirit Riding Free: Riding Academy,TV Show,2020,TV-Y7,2 Seasons,United States,2,1,11,603,0
The Lost Okoroshi,Movie,2019,TV-MA,94 min,Nigeria,94,0,8,368,1
You're My Boss,Movie,2015,TV-14,117 min,Philippines,117,0,6,388,1
Afonso Padilha: Classless,Movie,2020,TV-MA,63 min,Brazil,63,0,8,45,3
Ave Maryam,Movie,2018,TV-PG,73 min,Indonesia,73,0,9,272,3
"Love, Guaranteed",Movie,2020,TV-PG,91 min,United States,91,0,9,603,1
Young Wallander,TV Show,2020,TV-MA,1 Season,United Kingdom,1,1,8,506,0
Chef's Table: BBQ,TV Show,2020,TV-14,1 Season,United States,1,1,6,603,0
Freaks – You're One of Us,Movie,2020,TV-MA,93 min,Germany,93,0,8,212,1
Hotel for Dogs,Movie,2009,PG,101 min,"Germany, United States",101,0,3,228,1
Sky Tour: The Movie,Movie,2020,TV-G,93 min,Vietnam,93,0,7,745,1
Adrift,Movie,2018,PG-13,96 min,"Hong Kong, Iceland, United States",96,0,4,244,1
Always Be My Maybe,Movie,2016,TV-14,112 min,Philippines,112,0,6,388,1
Barbie Princess Adventure,Movie,2020,TV-Y,72 min,Netherlands,72,0,10,354,3
Blue Exorcist,TV Show,2017,TV-MA,2 Seasons,Japan,2,1,8,319,0
Bookmarks,TV Show,2020,TV-Y,1 Season,United States,1,1,10,603,0
Borgen,TV Show,2012,TV-MA,3 Seasons,Denmark,3,1,8,134,0
Children of the Sea,Movie,2019,TV-PG,112 min,"Japan, United States",112,0,9,322,1
Erased,TV Show,2016,TV-14,1 Season,Japan,1,1,6,319,0
Fate/Grand Order -First Order-,Movie,2016,TV-14,72 min,Japan,72,0,6,319,3
Felipe Esparza: Bad Decisions,TV Show,2020,TV-MA,1 Season,United States,1,1,8,603,0
H,TV Show,2002,TV-MA,4 Seasons,France,4,1,8,162,0
Heidi,TV Show,2020,TV-Y7,1 Season,"France, Australia, Germany",1,1,11,164,0
Puss in Boots,Movie,2011,PG,92 min,United States,92,0,3,603,1
Sex Drive,Movie,2008,R,109 min,United States,109,0,5,603,1
"Sister, Sister",TV Show,1998,TV-PG,6 Seasons,United States,6,1,9,603,0
Soldier,Movie,1998,TV-14,155 min,India,155,0,6,251,2
"Take the Ball, Pass the Ball",Movie,2018,TV-MA,109 min,Spain,109,0,8,444,1
The Boss Baby: Get That Baby!,Movie,2020,TV-Y7,115 min,United States,115,0,11,603,1
The Match,Movie,2020,TV-MA,97 min,Italy,97,0,8,302,1
The Promised Neverland,TV Show,2019,TV-14,1 Season,Japan,1,1,6,319,0
The Smurfs,Movie,2011,PG,103 min,"United States, Belgium, Canada, France",103,0,3,611,1
Thomas and Friends,TV Show,2020,TV-Y,2 Seasons,United Kingdom,2,1,10,506,0
True: Friendship Day,Movie,2020,TV-Y,24 min,Canada,24,0,10,58,0
Maniyarayile Ashokan,Movie,2020,TV-14,110 min,India,110,0,6,251,1
The Debt Collector 2,Movie,2020,TV-MA,97 min,United States,97,0,8,603,1
All Together Now,Movie,2020,PG,94 min,United States,94,0,3,603,1
I AM A KILLER: RELEASED,TV Show,2020,TV-MA,1 Season,"United Kingdom, United States",1,1,8,589,0
Masaba Masaba,TV Show,2020,TV-MA,1 Season,India,1,1,8,251,0
Santana,Movie,2020,TV-MA,107 min,"South Africa, Angola",107,0,8,427,1
Unknown Origins,Movie,2020,TV-MA,97 min,Spain,97,0,8,444,1
Aggretsuko,TV Show,2020,TV-14,3 Seasons,Japan,3,1,6,319,0
Edge of Seventeen,Movie,1998,TV-MA,103 min,United States,103,0,8,603,1
The Bridge Curse,Movie,2020,TV-MA,88 min,Taiwan,88,0,8,483,1
The Young Messiah,Movie,2016,PG-13,111 min,United States,111,0,4,603,1
Her Mother's Killer,TV Show,2020,TV-MA,1 Season,Colombia,1,1,8,121,0
Lingua Franca,Movie,2019,TV-MA,94 min,"United States, Philippines",94,0,8,701,1
Making The Witcher,Movie,2020,TV-MA,33 min,United States,33,0,8,603,0
Million Dollar Beach House,TV Show,2020,TV-MA,1 Season,United States,1,1,8,603,0
Rising Phoenix,Movie,2020,PG-13,107 min,United Kingdom,107,0,4,506,1
Emily's Wonder Lab,TV Show,2020,TV-Y,1 Season,United States,1,1,10,603,0
Trinkets,TV Show,2020,TV-MA,2 Seasons,United States,2,1,8,603,0
Septembers of Shiraz,Movie,2016,PG-13,110 min,United States,110,0,4,603,1
Ojos in d' House,TV Show,2013,TV-G,1 Season,Nigeria,1,1,7,368,0
Class of '83,Movie,2020,TV-14,98 min,India,98,0,6,251,1
Dark Forces,Movie,2020,TV-MA,81 min,Mexico,81,0,8,342,3
Hoops,TV Show,2020,TV-MA,1 Season,United States,1,1,8,603,0
Rust Valley Restorers,TV Show,2020,TV-14,3 Seasons,Canada,3,1,6,58,0
The Sleepover,Movie,2020,TV-PG,104 min,United States,104,0,9,603,1
Goedam,TV Show,2020,TV-MA,1 Season,South Korea,1,1,8,435,0
John Was Trying to Contact Aliens,Movie,2020,TV-PG,17 min,United States,17,0,9,603,0
Scarecrow,Movie,2019,TV-MA,121 min,Egypt,121,0,8,150,2
The Crimes That Bind,Movie,2020,TV-14,100 min,Argentina,100,0,6,2,1
DeMarcus Family Rules,TV Show,2020,TV-14,1 Season,United States,1,1,6,603,0
High Score,TV Show,2020,TV-14,1 Season,United States,1,1,6,603,0
Drunk Parents,Movie,2019,R,97 min,United States,97,0,5,603,1
Meet the In-Laws,Movie,2017,TV-PG,75 min,Nigeria,75,0,9,368,3
Crazy Awesome Teachers,Movie,2020,TV-PG,102 min,Indonesia,102,0,9,272,1
Glitch Techs,TV Show,2020,TV-Y7,2 Seasons,United States,2,1,11,603,0
Islands of Faith,Movie,2018,TV-PG,88 min,Indonesia,88,0,9,272,1
Les Misérables,Movie,2012,PG-13,158 min,"United Kingdom, United States",158,0,4,589,2
Seventh Son,Movie,2014,PG-13,102 min,"United States, United Kingdom, Canada, China",102,0,4,721,1
Stranger,TV Show,2020,TV-MA,2 Seasons,South Korea,2,1,8,435,0
Rita,TV Show,2020,TV-MA,5 Seasons,Denmark,5,1,8,134,0
Takki,TV Show,2014,TV-14,2 Seasons,Saudi Arabia,2,1,6,412,0
What's Your Raashee?,Movie,2009,TV-PG,203 min,India,203,0,9,251,2
3%,TV Show,2020,TV-MA,4 Seasons,Brazil,4,1,8,45,0
Fearless,Movie,2020,TV-Y7,92 min,Canada,92,0,11,58,1
Nigerian Prince,Movie,2018,TV-MA,104 min,"United States, Nigeria",104,0,8,699,1
Octonauts & the Caves of Sac Actun,Movie,2020,TV-Y,72 min,United Kingdom,72,0,10,506,3
Project Power,Movie,2020,R,113 min,United States,113,0,5,603,1
Teenage Bounty Hunters,TV Show,2020,TV-MA,1 Season,United States,1,1,8,603,0
The Great Heist,TV Show,2020,TV-MA,1 Season,Colombia,1,1,8,121,0
The Legend of Korra,TV Show,2014,TV-Y7,4 Seasons,United States,4,1,11,603,0
Zoids Wild,TV Show,2018,TV-Y7,1 Season,Japan,1,1,11,319,0
An Easy Girl,Movie,2019,TV-MA,93 min,France,93,0,8,162,1
Christine,Movie,2016,R,119 min,"United Kingdom, United States",119,0,5,589,1
Simon Killer,Movie,2012,TV-MA,105 min,"United States, France",105,0,8,643,1
(Un)Well,TV Show,2020,TV-MA,1 Season,United States,1,1,8,603,0
Gunjan Saxena: The Kargil Girl,Movie,2020,TV-14,113 min,India,113,0,6,251,1
Mr. Peabody & Sherman,Movie,2014,PG,93 min,United States,93,0,3,603,1
"Rob Schneider: Asian Momma, Mexican Kids",Movie,2020,TV-MA,44 min,United States,44,0,8,603,3
GAME ON: A Comedy Crossover Event,TV Show,2020,TV-G,1 Season,United States,1,1,7,603,0
Terrace House: Tokyo 2019-2020,TV Show,2019,TV-MA,2 Seasons,Japan,2,1,8,319,0
The Lost Husband,Movie,2020,PG-13,110 min,United States,110,0,4,603,1
The Governor,TV Show,2016,TV-14,1 Season,Nigeria,1,1,6,368,0
We Summon the Darkness,Movie,2020,R,90 min,"United States, Canada, United Kingdom",90,0,5,629,1
"Berlin, Berlin: Lolle on the Run",Movie,2020,TV-MA,82 min,Germany,82,0,8,212,3
High Seas,TV Show,2020,TV-MA,3 Seasons,Spain,3,1,8,444,0
Sing On! Germany,TV Show,2020,TV-PG,1 Season,Germany,1,1,9,212,0
Stars in the Sky: A Hunting Story,Movie,2018,TV-14,69 min,United States,69,0,6,603,3
The Magic School Bus Rides Again Kids In Space,Movie,2020,TV-Y,46 min,United States,46,0,10,603,3
Tiny Creatures,TV Show,2020,TV-PG,1 Season,United States,1,1,9,603,0
Wizards: Tales of Arcadia,TV Show,2020,TV-Y7,1 Season,United States,1,1,11,603,0
Word Party Songs,TV Show,2020,TV-Y,1 Season,United States,1,1,10,603,0
Work It,Movie,2020,TV-14,94 min,United States,94,0,6,603,1
Ever After High,TV Show,2016,TV-Y7,5 Seasons,Canada,5,1,11,58,0
Nasha Natasha,Movie,2020,TV-PG,72 min,Uruguay,72,0,9,736,3
The Rain,TV Show,2020,TV-MA,3 Seasons,"Denmark, United States",3,1,8,148,0
Anelka: Misunderstood,Movie,2020,TV-14,95 min,France,95,0,6,162,1
World's Most Wanted,TV Show,2020,TV-14,1 Season,United States,1,1,6,603,0
Malibu Rescue: The Next Wave,Movie,2020,TV-G,71 min,United States,71,0,7,603,3
Mystery Lab,TV Show,2020,TV-PG,1 Season,Brazil,1,1,9,45,0
Sam Jay: 3 In The Morning,Movie,2020,TV-MA,64 min,United States,64,0,8,603,3
Immigration Nation,TV Show,2020,TV-MA,1 Season,United States,1,1,8,603,0
Almost Love,Movie,2020,TV-MA,92 min,United States,92,0,8,603,1
Killing Hasselhoff,Movie,2017,R,80 min,United States,80,0,5,603,3
Moesha,TV Show,2000,TV-PG,6 Seasons,United States,6,1,9,603,0
My Perfect Landing,TV Show,2020,TV-G,1 Season,Canada,1,1,7,58,0
Nagi-Asu: A Lull in the Sea,TV Show,2014,TV-14,1 Season,Japan,1,1,6,319,0
Rogue Warfare: The Hunt,Movie,2020,R,104 min,United States,104,0,5,603,1
Super Monsters: The New Class,Movie,2020,TV-Y,25 min,Canada,25,0,10,58,0
The Next Step,TV Show,2018,TV-G,1 Season,Canada,1,1,7,58,0
The Ottoman Lieutenant,Movie,2017,R,111 min,"Turkey, United States",111,0,5,497,1
Toradora!,TV Show,2008,TV-14,1 Season,Japan,1,1,6,319,0
Transformers Rescue Bots Academy,TV Show,2020,TV-Y,2 Seasons,United States,2,1,10,603,0
What Keeps You Alive,Movie,2018,R,99 min,Canada,99,0,5,58,1
Get Even,TV Show,2020,TV-PG,1 Season,United Kingdom,1,1,9,506,0
Latte and the Magic Waterstone,Movie,2020,TV-Y,83 min,Germany,83,0,10,212,3
Raat Akeli Hai,Movie,2020,TV-MA,150 min,India,150,0,8,251,2
Seriously Single,Movie,2020,TV-MA,108 min,South Africa,108,0,8,426,1
Sugar High,Movie,2020,TV-G,44 min,United States,44,0,7,603,3
Sugar Rush,TV Show,2020,TV-PG,3 Seasons,United States,3,1,9,603,0
The Umbrella Academy,TV Show,2020,TV-14,2 Seasons,"United States, Canada",2,1,6,621,0
Retablo,Movie,2017,TV-MA,102 min,"Peru, Germany, Norway",102,0,8,386,1
Transformers: War For Cybertron Trilogy,TV Show,2020,TV-Y7,1 Season,United States,1,1,11,603,0
Uma Maheswara Ugra Roopasya,Movie,2020,TV-MA,137 min,India,137,0,8,251,2
It's Her Day,Movie,2016,TV-MA,112 min,Nigeria,112,0,8,368,1
Redemption,Movie,2019,TV-MA,102 min,Mozambique,102,0,8,352,1
Shine Your Eyes,Movie,2020,TV-MA,103 min,"Brazil, France",103,0,8,46,1
The Hater,Movie,2020,TV-MA,136 min,Poland,136,0,8,394,2
The Speed Cubers,Movie,2020,TV-PG,41 min,United States,41,0,9,603,3
Tread,Movie,2019,TV-MA,88 min,United States,88,0,8,603,1
Last Chance U,TV Show,2020,TV-MA,5 Seasons,United States,5,1,8,603,0
Banana Split,Movie,2020,TV-MA,84 min,United States,84,0,8,603,3
Shameless (U.S.),TV Show,2019,TV-MA,10 Seasons,United States,10,1,8,603,0
Door Ke Darshan,Movie,2020,TV-14,114 min,India,114,0,6,251,1
Double World,Movie,2020,TV-14,110 min,China,110,0,6,105,1
Project Marathwada,Movie,2016,TV-MA,103 min,India,103,0,8,251,1
Animal Crackers,Movie,2020,TV-Y7,106 min,"China, Spain, South Korea, United States",106,0,11,114,1
Dragons: Rescue Riders: Secrets of the Songwing,Movie,2020,TV-Y,46 min,United States,46,0,10,603,3
Nimbe,Movie,2019,TV-MA,115 min,Nigeria,115,0,8,368,1
Offering to the Storm,Movie,2020,TV-MA,140 min,"Spain, Germany",140,0,8,458,2
Romance Doll,Movie,2020,TV-MA,124 min,Japan,124,0,8,319,2
Sing On! Spain,TV Show,2020,TV-G,1 Season,Spain,1,1,7,444,0
The Kissing Booth 2,Movie,2020,TV-14,133 min,"United Kingdom, United States",133,0,6,589,2
Sinatra: All or Nothing at All,TV Show,2015,TV-14,1 Season,United States,1,1,6,603,0
The Larva Island Movie,Movie,2020,TV-Y7,91 min,South Korea,91,0,11,435,1
The Letter Reader,Movie,2019,TV-PG,30 min,South Africa,30,0,9,426,0
Fear City: New York vs The Mafia,TV Show,2020,TV-MA,1 Season,United States,1,1,8,603,0
Norsemen,TV Show,2020,TV-MA,3 Seasons,Norway,3,1,8,370,0
The Remix: Hip Hop X Fashion,Movie,2019,TV-MA,67 min,United States,67,0,8,603,3
Ip Man 4: The Finale,Movie,2019,TV-MA,105 min,"Hong Kong, China",105,0,8,241,1
Jack Whitehall: I'm Only Joking,Movie,2020,TV-MA,58 min,United Kingdom,58,0,8,506,3
Killer Women with Piers Morgan,TV Show,2017,TV-MA,1 Season,United Kingdom,1,1,8,506,0
Funan,Movie,2018,TV-14,87 min,"France, Belgium, Luxembourg, Cambodia,",87,0,6,168,1
Gigantosaurus,TV Show,2019,TV-Y,1 Season,France,1,1,10,162,0
Single Wives,TV Show,2018,TV-MA,1 Season,Australia,1,1,8,15,0
Cursed,TV Show,2020,TV-MA,1 Season,"United Kingdom, Australia",1,1,8,508,0
Father Soldier Son,Movie,2020,R,100 min,United States,100,0,5,603,1
In The Dark,TV Show,2020,TV-14,2 Seasons,United States,2,1,6,603,0
Kissing Game,TV Show,2020,TV-MA,1 Season,Brazil,1,1,8,45,0
The Millions,Movie,2019,TV-MA,95 min,Nigeria,95,0,8,368,1
Fatal Affair,Movie,2020,TV-14,90 min,United States,90,0,6,603,1
MILF,Movie,2018,TV-MA,102 min,"France, Belgium",102,0,8,165,1
Cold Feet,Movie,2019,TV-14,98 min,Nigeria,98,0,6,368,1
Dark Desire,TV Show,2020,TV-MA,1 Season,Mexico,1,1,8,342,0
Skin Decision: Before and After,TV Show,2020,TV-MA,1 Season,United States,1,1,8,603,0
Sunny Bunnies,TV Show,2016,TV-Y,2 Seasons,Belarus,2,1,10,37,0
Sylvia,Movie,2018,TV-14,104 min,Nigeria,104,0,6,368,1
The Players,Movie,2020,TV-MA,89 min,Italy,89,0,8,302,1
The Business of Drugs,TV Show,2020,TV-MA,1 Season,United States,1,1,8,603,0
Urzila Carlson: Overqualified Loser,Movie,2020,TV-MA,62 min,Australia,62,0,8,15,3
We Are One,Movie,2020,TV-MA,86 min,France,86,0,8,162,1
Hole in the Wall,Movie,2016,TV-MA,104 min,South Africa,104,0,8,426,1
Dating Around: Brazil,TV Show,2020,TV-14,1 Season,Brazil,1,1,6,45,0
Down to Earth with Zac Efron,TV Show,2020,TV-PG,1 Season,United States,1,1,9,603,0
Mama's Boy,Movie,2018,TV-14,101 min,Egypt,101,0,6,150,1
The Claudia Kishi Club,Movie,2020,TV-14,17 min,United States,17,0,6,603,0
The Epic Tales of Captain Underpants in Space,TV Show,2020,TV-Y7,1 Season,United States,1,1,11,603,0
The Old Guard,Movie,2020,R,126 min,United States,126,0,5,603,2
The Twelve,TV Show,2019,TV-MA,1 Season,Belgium,1,1,8,38,0
Japan Sinks: 2020,TV Show,2020,TV-MA,1 Season,Japan,1,1,8,319,0
The Protector,TV Show,2020,TV-MA,4 Seasons,Turkey,4,1,8,492,0
Was It Love?,TV Show,2020,TV-14,1 Season,South Korea,1,1,6,435,0
Born Racer,Movie,2018,R,89 min,New Zealand,89,0,5,363,1
Mucho Mucho Amor: The Legend of Walter Mercado,Movie,2020,TV-14,96 min,United States,96,0,6,603,1
Stateless,TV Show,2020,TV-MA,1 Season,Australia,1,1,8,15,0
The Long Dumb Road,Movie,2018,R,91 min,United States,91,0,5,603,1
Dr. Seuss' The Lorax,Movie,2012,PG,86 min,"United States, France",86,0,3,643,1
A Kid from Coney Island,Movie,2019,TV-MA,89 min,"United States, China",89,0,8,632,1
Aiyyaa,Movie,2012,TV-14,151 min,India,151,0,6,251,2
Bbuddah Hoga Terra Baap,Movie,2011,TV-14,116 min,India,116,0,6,251,1
Blood Money,Movie,2012,TV-14,110 min,India,110,0,6,251,1
Bombay Talkies,Movie,2013,TV-MA,123 min,India,123,0,8,251,2
Boss,Movie,2013,TV-14,139 min,India,139,0,6,251,2
Budhia Singh: Born to Run,Movie,2016,TV-MA,95 min,India,95,0,8,251,1
Chashme Baddoor,Movie,2013,TV-14,121 min,India,121,0,6,251,2
Dharam Sankat Mein,Movie,2015,TV-PG,127 min,India,127,0,9,251,2
Drishyam,Movie,2015,TV-14,162 min,India,162,0,6,251,2
Gabbar Is Back,Movie,2015,TV-14,128 min,India,128,0,6,251,2
Gollu Aur Pappu,Movie,2014,TV-14,112 min,India,112,0,6,251,1
Hook,TV Show,2020,TV-MA,1 Season,Thailand,1,1,8,488,0
Inkaar,Movie,2013,TV-MA,125 min,India,125,0,8,251,2
Madras Café,Movie,2013,TV-14,128 min,India,128,0,6,251,2
Mary Kom,Movie,2014,TV-PG,120 min,India,120,0,9,251,2
Michael,Movie,2011,TV-MA,86 min,India,86,0,8,251,1
Mumbai Delhi Mumbai,Movie,2014,TV-MA,107 min,India,107,0,8,251,1
Oh My God,Movie,2012,TV-PG,129 min,India,129,0,9,251,2
One by Two,Movie,2014,TV-14,135 min,India,135,0,6,251,2
Only,Movie,2019,TV-MA,97 min,United States,97,0,8,603,1
Penalty,Movie,2019,TV-14,125 min,India,125,0,6,251,2
Players,Movie,2012,TV-14,162 min,India,162,0,6,251,2
Pyaar Ka Punchnama 2,Movie,2015,TV-MA,136 min,India,136,0,8,251,2
Queen,Movie,2014,TV-MA,138 min,India,138,0,8,251,2
Shaitan,Movie,2011,TV-MA,126 min,India,126,0,8,251,2
Special 26,Movie,2013,TV-PG,137 min,India,137,0,9,251,2
Tanu Weds Manu,Movie,2011,TV-14,114 min,India,114,0,6,251,1
What the Fish,Movie,2013,TV-14,96 min,India,96,0,6,251,1
Little Singham,TV Show,2020,TV-Y7,2 Seasons,India,2,1,11,251,0
Cable Girls,TV Show,2019,TV-MA,6 Seasons,Spain,6,1,8,444,0
Desperados,Movie,2020,TV-MA,107 min,United States,107,0,8,603,1
Hunter in the Blue Side of Manchester,Movie,2020,TV-MA,89 min,"Indonesia, United Kingdom",89,0,8,276,1
I Am Not Your Negro,Movie,2017,PG-13,94 min,"Switzerland, France, Belgium, United States",94,0,4,477,1
JU-ON: Origins,TV Show,2020,TV-MA,1 Season,Japan,1,1,8,319,0
Southern Survival,TV Show,2020,TV-PG,1 Season,United States,1,1,9,603,0
The Baby-Sitters Club,TV Show,2020,TV-G,1 Season,United States,1,1,7,603,0
The Perfect Picture: Ten Years Later,Movie,2019,TV-MA,148 min,Ghana,148,0,8,235,2
Supermarket Sweep,TV Show,1993,TV-G,1 Season,United States,1,1,7,603,0
Thiago Ventura: POKAS,Movie,2020,TV-MA,82 min,Brazil,82,0,8,45,3
Warrior Nun,TV Show,2020,TV-MA,1 Season,United States,1,1,8,603,0
#AnneFrank - Parallel Stories,Movie,2019,TV-14,95 min,Italy,95,0,6,302,1
21 Again,TV Show,2019,TV-MA,1 Season,United Kingdom,1,1,8,506,0
A Touch of Green,TV Show,2016,TV-MA,1 Season,Taiwan,1,1,8,483,0
Abby Hatcher,TV Show,2019,TV-Y,1 Season,"United States, Canada",1,1,10,621,0
Adú,Movie,2020,TV-MA,120 min,Spain,120,0,8,444,1
Ali Baba ve 7 Cüceler,Movie,2015,TV-MA,115 min,Turkey,115,0,8,492,1
David Foster: Off the Record,Movie,2019,TV-MA,107 min,Canada,107,0,8,58,1
Double Jeopardy,Movie,1999,R,105 min,"United States, Germany, Canada",105,0,5,658,1
Pek Yakında,Movie,2014,TV-MA,134 min,Turkey,134,0,8,492,2
Say I Do,TV Show,2020,TV-14,1 Season,United States,1,1,6,603,0
Stardust,Movie,2007,PG-13,128 min,"United Kingdom, United States",128,0,4,589,2
The F**k-It List,Movie,2019,TV-MA,103 min,United States,103,0,8,603,1
The Silence of Others,Movie,2019,TV-14,96 min,"Spain, France, Canada, United States",96,0,6,453,1
Total Recall,Movie,1990,R,114 min,"United States, Mexico",114,0,5,690,1
Trotro,TV Show,2004,TV-Y,1 Season,France,1,1,10,162,0
Under the Riccione Sun,Movie,2020,TV-MA,102 min,Italy,102,0,8,302,1
BNA,TV Show,2020,TV-14,1 Season,Japan,1,1,6,319,0
George Lopez: We'll Do It For Half,Movie,2020,TV-MA,52 min,United States,52,0,8,603,3
Homemade,TV Show,2020,TV-MA,1 Season,"Chile, Italy",1,1,8,101,0
The Mirror Boy,Movie,2011,TV-14,86 min,"United Kingdom, Nigeria",86,0,6,571,1
#FriendButMarried 2,Movie,2020,TV-G,104 min,Indonesia,104,0,7,272,1
Skin,Movie,2019,TV-MA,76 min,Nigeria,76,0,8,368,3
Dark,TV Show,2020,TV-MA,3 Seasons,"Germany, United States",3,1,8,228,0
Ride Like a Girl,Movie,2020,PG,99 min,Australia,99,0,3,15,1
All For Love,TV Show,2020,TV-MA,1 Season,Colombia,1,1,8,121,0
Eurovision Song Contest: The Story of Fire Saga,Movie,2020,PG-13,124 min,United States,124,0,4,603,2
Home Game,TV Show,2020,TV-MA,1 Season,United States,1,1,8,603,0
Kasanova,Movie,2019,TV-14,117 min,Nigeria,117,0,6,368,1
Ordinary People,Movie,2016,TV-MA,107 min,Philippines,107,0,8,388,1
Seven (Tamil),Movie,2019,TV-MA,111 min,India,111,0,8,251,1
Thackeray (Hindi),Movie,2019,TV-14,135 min,India,135,0,6,251,2
Twogether,TV Show,2020,TV-G,1 Season,South Korea,1,1,7,435,0
Krishna and His Leela,Movie,2020,TV-MA,126 min,India,126,0,8,251,2
Prem Ratan Dhan Payo,Movie,2015,TV-14,164 min,India,164,0,6,251,2
Vivah,Movie,2006,TV-14,166 min,India,166,0,6,251,2
Athlete A,Movie,2020,PG-13,104 min,United States,104,0,4,603,1
Bulbbul,Movie,2020,TV-MA,94 min,India,94,0,8,251,1
Crazy Delicious,TV Show,2020,TV-PG,1 Season,United Kingdom,1,1,9,506,0
Nobody Knows I'm Here,Movie,2020,TV-MA,92 min,Chile,92,0,8,96,1
Eric Andre: Legalize Everything,Movie,2020,TV-MA,52 min,United States,52,0,8,603,3
"Roswell, New Mexico",TV Show,2020,TV-14,2 Seasons,United States,2,1,6,603,0
Kappela,Movie,2020,TV-14,112 min,India,112,0,6,251,1
The Royal Hibiscus Hotel,Movie,2017,TV-PG,90 min,Nigeria,90,0,9,368,1
It's Okay to Not Be Okay,TV Show,2020,TV-MA,1 Season,South Korea,1,1,8,435,0
Woodshock,Movie,2017,R,101 min,United States,101,0,5,603,1
Elevator Baby,Movie,2019,TV-MA,84 min,Nigeria,84,0,8,368,3
Babies,TV Show,2020,TV-14,2 Seasons,United States,2,1,6,603,0
Chaman Bahaar,Movie,2020,TV-MA,112 min,India,112,0,8,251,1
Destiny,Movie,1997,TV-14,136 min,"France, Egypt",136,0,6,180,2
Disclosure,Movie,2020,TV-MA,108 min,United States,108,0,8,603,1
Feel the Beat,Movie,2020,TV-G,110 min,United States,110,0,7,603,1
Floor Is Lava,TV Show,2020,TV-PG,1 Season,United States,1,1,9,603,0
Lost Bullet,Movie,2020,TV-MA,93 min,France,93,0,8,162,1
Most Beautiful Thing,TV Show,2020,TV-MA,2 Seasons,Brazil,2,1,8,45,0
One-Way to Tomorrow,Movie,2020,TV-MA,90 min,Turkey,90,0,8,492,1
The Emigrant,Movie,1994,TV-14,130 min,"Egypt, France",130,0,6,154,2
The Politician,TV Show,2020,TV-MA,2 Seasons,United States,2,1,8,603,0
Wasp Network,Movie,2020,TV-MA,128 min,"France, Brazil, Spain, Belgium",128,0,8,172,2
A Whisker Away,Movie,2020,TV-PG,104 min,Japan,104,0,9,319,1
Alexandria ... Why?,Movie,1979,TV-MA,131 min,"Egypt, Algeria",131,0,8,151,2
Alexandria: Again and Forever,Movie,1989,TV-MA,109 min,"France, Egypt",109,0,8,180,1
An Egyptian Story,Movie,1982,TV-MA,129 min,Egypt,129,0,8,150,2
Cairo Station,Movie,1958,TV-14,73 min,Egypt,73,0,6,150,3
Dark Waters,Movie,1956,TV-14,104 min,Egypt,104,0,6,150,1
Lola Igna,Movie,2019,TV-14,114 min,Philippines,114,0,6,388,1
One Take,Movie,2020,TV-G,86 min,Thailand,86,0,7,488,1
Saladin,Movie,1963,TV-MA,194 min,Egypt,194,0,8,150,2
Stray Bullet,Movie,2010,TV-MA,76 min,Lebanon,76,0,8,328,3
The Blazing Sun,Movie,1954,TV-14,116 min,Egypt,116,0,6,150,2
The Land,Movie,1970,TV-MA,130 min,Egypt,130,0,8,150,2
The Nut Job,Movie,2014,PG,85 min,"Canada, South Korea, United States",85,0,3,80,1
The Order,TV Show,2020,TV-MA,2 Seasons,United States,2,1,8,603,0
An Evening with Beverly Luff Linn,Movie,2018,R,108 min,"United Kingdom, United States",108,0,5,589,1
Riding Faith,Movie,2020,TV-PG,81 min,United States,81,0,9,603,3
Last Flight to Abuja,Movie,2012,TV-14,76 min,"Nigeria, United Kingdom",76,0,6,369,3
The Darkness,Movie,2016,PG-13,92 min,United States,92,0,4,603,1
The Chase,TV Show,2015,TV-PG,2 Seasons,United States,2,1,9,603,0
The Show Must Go On: The Queen + Adam Lambert Story,Movie,2019,TV-MA,85 min,"United Kingdom, United States",85,0,8,589,1
Underdogs,Movie,2013,PG,85 min,"Argentina, Spain",85,0,3,9,1
Wira,Movie,2019,TV-14,108 min,Malaysia,108,0,6,338,1
4th Republic,Movie,2019,TV-MA,120 min,Nigeria,120,0,8,368,1
Alexa & Katie,TV Show,2020,TV-G,4 Seasons,United States,4,1,7,603,0
Asura Guru,Movie,2020,TV-14,117 min,India,117,0,6,251,1
How to Get Away with Murder,TV Show,2020,TV-14,6 Seasons,United States,6,1,6,603,0
Milea,Movie,2020,TV-14,100 min,Indonesia,100,0,6,272,1
Axone,Movie,2020,TV-MA,101 min,India,101,0,8,251,1
Da 5 Bloods,Movie,2020,R,156 min,United States,156,0,5,603,2
F is for Family,TV Show,2020,TV-MA,4 Seasons,"United States, France, Canada",4,1,8,644,0
Frank Elstner: Just One Last Question,TV Show,2020,TV-MA,1 Season,Germany,1,1,8,212,0
Jo Koy: In His Elements,Movie,2020,TV-MA,55 min,United States,55,0,8,603,3
Okko's Inn,Movie,2018,PG,96 min,Japan,96,0,3,319,1
ONE PIECE,TV Show,2002,TV-14,4 Seasons,Japan,4,1,6,319,0
The Search,TV Show,2020,TV-MA,1 Season,Mexico,1,1,8,342,0
The Woods,TV Show,2020,TV-MA,1 Season,"Poland, United States",1,1,8,396,0
From A to B,Movie,2014,TV-MA,104 min,"United Arab Emirates, Jordan, Lebanon, Saudi Arabia",104,0,8,501,1
Menahi,Movie,2008,TV-14,101 min,Saudi Arabia,101,0,6,412,1
Curon,TV Show,2020,TV-MA,1 Season,Italy,1,1,8,302,0
DC's Legends of Tomorrow,TV Show,2020,TV-14,5 Seasons,United States,5,1,6,603,0
Lenox Hill,TV Show,2020,TV-MA,1 Season,United States,1,1,8,603,0
Middle Men,Movie,2009,R,113 min,United States,113,0,5,603,1
My Mister,TV Show,2018,TV-MA,1 Season,South Korea,1,1,8,435,0
Reality Z,TV Show,2020,TV-MA,1 Season,Brazil,1,1,8,45,0
The Witch: Part 1 - The Subversion,Movie,2018,TV-MA,126 min,South Korea,126,0,8,435,2
Before I Fall,Movie,2017,PG-13,98 min,United States,98,0,4,603,1
365 Days,Movie,2020,TV-MA,114 min,Poland,114,0,8,394,1
Forensic,Movie,2020,TV-14,132 min,India,132,0,6,251,2
Project Papa,Movie,2018,TV-14,92 min,India,92,0,6,251,1
Queen of the South,TV Show,2018,TV-MA,4 Seasons,"United States, Mexico, Spain, Malta",4,1,8,692,0
The Night Clerk,Movie,2020,R,90 min,United States,90,0,5,603,1
13 Reasons Why,TV Show,2020,TV-MA,4 Seasons,United States,4,1,8,603,0
Before the Summer Crowds,Movie,2016,TV-14,86 min,Egypt,86,0,6,150,1
Big Stone Gap,Movie,2014,PG-13,103 min,United States,103,0,4,603,1
Choked: Paisa Bolta Hai,Movie,2020,TV-14,114 min,India,114,0,6,251,1
Merry Men 2: Another Mission,Movie,2019,TV-MA,115 min,Nigeria,115,0,8,368,1
Queer Eye,TV Show,2020,TV-14,5 Seasons,United States,5,1,6,603,0
Supernatural,TV Show,2019,TV-14,15 Seasons,"United States, Canada",15,1,6,621,0
The Last Days of American Crime,Movie,2020,TV-MA,149 min,United States,149,0,8,603,2
BAKI,TV Show,2020,TV-MA,3 Seasons,Japan,3,1,8,319,0
Hot Sweet Sour,Movie,2017,TV-14,102 min,Turkey,102,0,6,492,1
Overnight Republic,Movie,2017,TV-MA,105 min,Turkey,105,0,8,492,1
Can’t Complain,Movie,2007,TV-MA,114 min,Egypt,114,0,8,150,1
Lady Bird,Movie,2017,R,94 min,United States,94,0,5,603,1
Spelling the Dream,Movie,2020,TV-G,83 min,United States,83,0,7,603,3
Andaleeb El Dokki,Movie,2008,TV-14,106 min,Egypt,106,0,6,150,1
Let's Dance,Movie,2006,TV-14,116 min,Egypt,116,0,6,150,1
Life's Speed Bump,Movie,2006,TV-14,109 min,Egypt,109,0,6,150,1
My Horrible Grandma,Movie,2012,TV-MA,100 min,Egypt,100,0,8,150,1
Sorry To Disturb,Movie,2008,TV-14,116 min,Egypt,116,0,6,150,1
The Student Cop,Movie,2004,TV-14,111 min,Egypt,111,0,6,150,1
True: Rainbow Rescue,Movie,2020,TV-Y,24 min,Canada,24,0,10,58,0
What's Up?,Movie,2006,TV-PG,95 min,"Saudi Arabia, United Arab Emirates",95,0,9,415,1
X Large,Movie,2011,TV-14,135 min,Egypt,135,0,6,150,2
122,Movie,2019,TV-MA,95 min,Egypt,95,0,8,150,1
Cardcaptor Sakura,TV Show,1999,TV-Y7,2 Seasons,Japan,2,1,11,319,0
Chippa,Movie,2020,TV-14,92 min,India,92,0,6,251,1
Cook Off,Movie,2017,TV-G,100 min,Zimbabwe,100,0,7,747,1
Dear My Friends,TV Show,2016,TV-MA,1 Season,South Korea,1,1,8,435,0
Kalek Shanab,Movie,2019,TV-PG,80 min,United Arab Emirates,80,0,9,499,3
Megalobox,TV Show,2018,TV-MA,1 Season,Japan,1,1,8,319,0
Midnight Diner,TV Show,2014,TV-MA,3 Seasons,Japan,3,1,8,319,0
Mirai,Movie,2018,PG,98 min,"Japan, United States",98,0,3,322,1
My Shy Boss,TV Show,2017,TV-MA,1 Season,South Korea,1,1,8,435,0
Revolutionary Love,TV Show,2017,TV-MA,1 Season,South Korea,1,1,8,435,0
The Disaster Artist,Movie,2017,R,104 min,United States,104,0,5,603,1
The Stolen,Movie,2016,TV-14,98 min,"United Kingdom, Germany, United Arab Emirates, New Zealand",98,0,6,550,1
High Strung Free Dance,Movie,2019,TV-14,104 min,"Romania, United States",104,0,6,406,1
Freej Al Taibeen,Movie,2018,TV-PG,99 min,United Arab Emirates,99,0,9,499,1
Kenny Sebastian: The Most Interesting Person in the Room,Movie,2020,TV-MA,68 min,India,68,0,8,251,3
Space Force,TV Show,2020,TV-MA,1 Season,United States,1,1,8,603,0
The Other,Movie,1999,TV-MA,106 min,"France, Egypt",106,0,8,180,1
"Can't Cope, Won't Cope",TV Show,2018,TV-MA,2 Seasons,Ireland,2,1,8,279,0
Dorohedoro,TV Show,2020,TV-MA,1 Season,Japan,1,1,8,319,0
Grandmother's Farm,Movie,2014,TV-14,71 min,United Arab Emirates,71,0,6,499,3
Grandmother's Farm Part 2,Movie,2015,TV-14,80 min,United Arab Emirates,80,0,6,499,3
Intuition,Movie,2020,TV-MA,116 min,Argentina,116,0,8,2,1
Mako Mermaids: An H2O Adventure,TV Show,2016,TV-G,4 Seasons,Australia,4,1,7,15,0
I'm No Longer Here,Movie,2019,TV-MA,112 min,"Mexico, United States",112,0,8,350,1
Hannah Gadsby: Douglas,Movie,2020,TV-MA,73 min,Australia,73,0,8,15,3
Ne Zha,Movie,2019,TV-14,110 min,China,110,0,6,105,1
Supergirl,TV Show,2019,TV-14,5 Seasons,United States,5,1,6,603,0
Uncut Gems,Movie,2019,R,135 min,United States,135,0,5,603,2
Betaal,TV Show,2020,TV-MA,1 Season,India,1,1,8,251,0
Dynasty,TV Show,2019,TV-14,3 Seasons,United States,3,1,6,603,0
One Day We'll Talk About Today,Movie,2020,TV-G,128 min,Indonesia,128,0,7,272,2
Si Doel the Movie 3,Movie,2020,TV-G,93 min,Indonesia,93,0,7,272,1
History 101,TV Show,2020,TV-14,1 Season,United Kingdom,1,1,6,506,0
Living in Bondage: Breaking Free,Movie,2019,TV-MA,149 min,Nigeria,149,0,8,368,2
Modest Heroes: Ponoc Short Films Theatre,Movie,2018,PG,54 min,Japan,54,0,3,319,3
The Lovebirds,Movie,2020,R,87 min,United States,87,0,5,603,1
Trailer Park Boys: The Animated Series,TV Show,2020,TV-MA,2 Seasons,Canada,2,1,8,58,0
#FriendButMarried,Movie,2018,TV-G,102 min,Indonesia,102,0,7,272,1
Bye Bye London,Movie,1981,TV-14,177 min,Kuwait,177,0,6,326,2
Mujeres arriba,Movie,2019,TV-14,98 min,Chile,98,0,6,96,1
Mystic Pop-up Bar,TV Show,2020,TV-MA,1 Season,South Korea,1,1,8,435,0
No Longer kids,Movie,1979,TV-14,237 min,Egypt,237,0,6,150,2
The Married Couples,Movie,1981,TV-14,195 min,Egypt,195,0,6,150,2
The School of Mischief,Movie,1973,TV-14,253 min,Egypt,253,0,6,150,2
The Witness Who Didn't See Anything,Movie,1976,TV-PG,157 min,Egypt,157,0,9,150,2
Anchor Baby,Movie,2010,TV-MA,97 min,"Canada, Nigeria",97,0,8,76,1
Ben Platt Live from Radio City Music Hall,Movie,2020,TV-PG,85 min,United States,85,0,9,603,1
Honeytrap,Movie,2014,TV-MA,94 min,United Kingdom,94,0,8,506,1
I Will Follow,Movie,2010,TV-14,80 min,United States,80,0,6,603,3
Mutiny of the Worker Bees,Movie,2020,TV-MA,94 min,Mexico,94,0,8,342,1
The Queen and the Conqueror,TV Show,2020,TV-14,1 Season,Colombia,1,1,6,121,0
What Are the Odds?,Movie,2020,TV-MA,92 min,India,92,0,8,251,1
Either Me Or My Auntie,Movie,2006,TV-PG,105 min,Egypt,105,0,9,150,1
Escaping Tel Aviv,Movie,2009,TV-14,120 min,Egypt,120,0,6,150,2
Game Over,Movie,2012,TV-14,96 min,Egypt,96,0,6,150,1
Karkar,Movie,2007,TV-14,107 min,Egypt,107,0,6,150,1
My Sleeping Lover,Movie,2008,TV-PG,93 min,Egypt,93,0,9,150,1
Omar & Salma 2,Movie,2009,TV-14,101 min,Egypt,101,0,6,150,1
Patton Oswalt: I Love Everything,TV Show,2020,TV-MA,1 Season,United States,1,1,8,603,0
Sweet Magnolias,TV Show,2020,TV-14,1 Season,United States,1,1,6,603,0
Tarek's Situation,Movie,2006,TV-14,110 min,Egypt,110,0,6,150,1
The Beach Loafer,Movie,2004,TV-14,112 min,Egypt,112,0,6,150,1
Wadjda,Movie,2012,PG,93 min,"Saudi Arabia, Netherlands, Germany, Jordan, United Arab Emirates, United States",93,0,3,413,1
Zaki Chan,Movie,2005,TV-PG,109 min,Egypt,109,0,9,150,1
Light in the Dark,Movie,2019,TV-14,105 min,Nigeria,105,0,6,368,1
The Big Flower Fight,TV Show,2020,TV-PG,1 Season,United Kingdom,1,1,9,506,0
Patriot Act with Hasan Minhaj,TV Show,2020,TV-MA,6 Seasons,United States,6,1,8,603,0
The End,Movie,2019,TV-MA,97 min,Kuwait,97,0,8,326,1
Boys Over Flowers,TV Show,2009,TV-14,1 Season,South Korea,1,1,6,435,0
Iris,TV Show,2009,TV-14,1 Season,South Korea,1,1,6,435,0
Avatar: The Last Airbender,TV Show,2007,TV-Y7,3 Seasons,United States,3,1,11,603,0
Heaven Without People,Movie,2017,TV-MA,91 min,Lebanon,91,0,8,328,1
"I love you, stupid",Movie,2019,TV-MA,88 min,Spain,88,0,8,444,1
Inhuman Resources,TV Show,2020,TV-MA,1 Season,France,1,1,8,162,0
Madam Secretary,TV Show,2019,TV-PG,6 Seasons,United States,6,1,9,603,0
Magic for Humans,TV Show,2020,TV-14,3 Seasons,United States,3,1,6,603,0
Parasyte: The Maxim,TV Show,2014,TV-MA,1 Season,Japan,1,1,8,319,0
She-Ra and the Princesses of Power,TV Show,2020,TV-Y7,5 Seasons,United States,5,1,11,603,0
Sleepless Society: Two Pillows & A Lost Soul,TV Show,2020,TV-MA,1 Season,Thailand,1,1,8,488,0
Strangers from Hell,TV Show,2019,TV-MA,1 Season,South Korea,1,1,8,435,0
The Wiggles,TV Show,2015,TV-Y,2 Seasons,Australia,2,1,10,15,0
White Lines,TV Show,2020,TV-MA,1 Season,"United Kingdom, Spain",1,1,8,583,0
Dilan 1990,Movie,2018,TV-14,109 min,Indonesia,109,0,6,272,1
Dilan 1991,Movie,2019,TV-14,118 min,Indonesia,118,0,6,272,1
Fan of Amoory,Movie,2018,TV-G,109 min,United Arab Emirates,109,0,7,499,1
Malang,Movie,2020,TV-MA,131 min,India,131,0,8,251,2
Rencor tatuado,Movie,2018,TV-MA,152 min,Mexico,152,0,8,342,2
The Delivery Boy,Movie,2018,TV-14,67 min,Nigeria,67,0,6,368,3
Wedy Atkalam,Movie,2018,TV-PG,72 min,Kuwait,72,0,9,326,3
Fire in the Blood,Movie,2012,TV-14,83 min,India,83,0,6,251,3
The Wrong Missy,Movie,2020,TV-MA,90 min,United States,90,0,8,603,1
Ali & Alia,Movie,2019,TV-14,106 min,United Arab Emirates,106,0,6,499,1
True: Terrific Tales,TV Show,2020,TV-Y,1 Season,Canada,1,1,10,58,0
Unbreakable Kimmy Schmidt: Kimmy vs. the Reverend,Movie,2020,TV-14,190 min,United States,190,0,6,603,2
Action Replayy,Movie,2010,TV-PG,129 min,India,129,0,9,251,2
Andaz Apna Apna,Movie,1994,TV-14,160 min,India,160,0,6,251,2
Bordertown,TV Show,2019,TV-MA,3 Seasons,"Finland, France",3,1,8,157,0
Have a Good Trip: Adventures in Psychedelics,Movie,2020,TV-MA,86 min,United States,86,0,8,603,1
Trial By Media,TV Show,2020,TV-MA,1 Season,United States,1,1,8,603,0
John Henry,Movie,2020,R,92 min,United States,92,0,5,603,1
18 Presents,Movie,2020,TV-MA,114 min,Italy,114,0,8,302,1
Dead to Me,TV Show,2020,TV-MA,2 Seasons,United States,2,1,8,603,0
Restaurants on the Edge,TV Show,2020,TV-14,2 Seasons,Canada,2,1,6,58,0
The Eddy,TV Show,2020,TV-MA,1 Season,"United Kingdom, Germany, United States, France",1,1,8,552,0
The Hollow,TV Show,2020,TV-Y7,2 Seasons,Canada,2,1,11,58,0
Aerials,Movie,2016,TV-14,90 min,United Arab Emirates,90,0,6,499,1
In Paradox,Movie,2019,TV-14,94 min,Kuwait,94,0,6,326,1
Scissor Seven,TV Show,2020,TV-MA,2 Seasons,China,2,1,8,105,0
Si Doel the Movie,Movie,2018,TV-PG,86 min,Indonesia,86,0,9,272,1
Becoming,Movie,2020,PG,89 min,United States,89,0,3,603,1
Jerry Seinfeld: 23 Hours To Kill,Movie,2020,TV-PG,61 min,United States,61,0,9,603,3
Arctic Dogs,Movie,2019,PG,93 min,"India, United Kingdom, China, Canada, Japan, South Korea, United States",93,0,3,269,1
Luccas Neto em: Acampamento de Férias 2,Movie,2020,TV-G,81 min,Brazil,81,0,7,45,3
One Day: Justice Delivered,Movie,2019,TV-14,120 min,India,120,0,6,251,1
Almost Happy,TV Show,2020,TV-MA,1 Season,Argentina,1,1,8,2,0
Bennett's War,Movie,2019,PG-13,94 min,United States,94,0,4,603,1
Death Can Wait,Movie,2020,TV-14,91 min,Colombia,91,0,6,121,1
Lady Driver,Movie,2019,PG,104 min,United States,104,0,3,603,1
Mike Birbiglia: My Girlfriend's Boyfriend,Movie,2013,TV-14,76 min,United States,76,0,6,603,3
Roped,Movie,2020,PG,90 min,United States,90,0,3,603,1
The Stand at Paxton County,Movie,2020,R,103 min,United States,103,0,5,603,1
WWII in HD,TV Show,2009,TV-14,1 Season,United States,1,1,6,603,0
All Day and a Night,Movie,2020,R,122 min,United States,122,0,5,603,2
Cracked Up: The Darrell Hammond Story,Movie,2018,TV-MA,97 min,United States,97,0,8,603,1
Get In,Movie,2019,TV-MA,98 min,"France, Belgium",98,0,8,165,1
Go! Go! Cory Carson: The Chrissy,Movie,2020,TV-Y,42 min,United States,42,0,10,603,3
Hollywood,TV Show,2020,TV-MA,1 Season,United States,1,1,8,603,0
I Am Divine,Movie,2013,TV-MA,90 min,United States,90,0,8,603,1
Madagascar: Escape 2 Africa,Movie,2008,PG,91 min,United States,91,0,3,603,1
Masha and the Bear,TV Show,2019,TV-Y,4 Seasons,Russia,4,1,10,407,0
Material,Movie,2012,TV-14,94 min,South Africa,94,0,6,426,1
Medici: Masters of Florence,TV Show,2019,TV-MA,3 Seasons,"Italy, United Kingdom, France",3,1,8,315,0
Monthly Girls' Nozaki Kun,TV Show,2014,TV-PG,1 Season,Japan,1,1,9,319,0
Mrs. Serial Killer,Movie,2020,TV-MA,107 min,India,107,0,8,251,1
Oh Yuck,TV Show,2020,TV-G,1 Season,Canada,1,1,7,58,0
Psycho,Movie,2020,TV-MA,143 min,India,143,0,8,251,2
Reckoning,TV Show,2019,TV-MA,1 Season,"Australia, United States",1,1,8,30,0
The Half Of It,Movie,2020,PG-13,105 min,United States,105,0,4,603,1
The Heartbreak Kid,Movie,2007,R,116 min,United States,116,0,5,603,1
What a Girl Wants,Movie,2003,PG,105 min,"United States, United Kingdom",105,0,3,718,1
Dangerous Lies,Movie,2020,TV-14,97 min,United States,97,0,6,603,1
DRIFTING DRAGONS,TV Show,2020,TV-14,1 Season,Japan,1,1,6,319,0
El señor de los Cielos,TV Show,2019,TV-MA,7 Seasons,"United States, Mexico, Colombia",7,1,8,691,0
Good Witch,TV Show,2019,TV-PG,5 Seasons,"United States, Canada",5,1,9,621,0
Rich in Love,Movie,2020,TV-14,105 min,Brazil,105,0,6,45,1
The Forest of Love: Deep Cut,TV Show,2020,TV-MA,1 Season,Japan,1,1,8,319,0
The Victims' Game,TV Show,2020,TV-MA,1 Season,Taiwan,1,1,8,483,0
A Secret Love,Movie,2020,TV-14,83 min,United States,83,0,6,603,3
Ekşi Elmalar,Movie,2016,TV-PG,109 min,Turkey,109,0,9,492,1
Extracurricular,TV Show,2020,TV-MA,1 Season,South Korea,1,1,8,435,0
Love Is War,Movie,2019,TV-14,111 min,Nigeria,111,0,6,368,1
Murder to Mercy: The Cyntoia Brown Story,Movie,2020,TV-MA,97 min,United States,97,0,8,603,1
Nadiya’s Time to Eat,TV Show,2020,TV-G,1 Season,United Kingdom,1,1,7,506,0
R.K.Nagar,Movie,2019,TV-14,132 min,India,132,0,6,251,2
Tjovitjo,TV Show,2017,TV-MA,2 Seasons,South Africa,2,1,8,426,0
Beynelmilel,Movie,2006,TV-MA,102 min,Turkey,102,0,8,492,1
Bir Baba Hindu,Movie,2016,TV-MA,107 min,"Turkey, India",107,0,8,495,1
Boushkash,Movie,2008,TV-MA,100 min,Egypt,100,0,8,150,1
Cinar Agaci,Movie,2011,TV-14,115 min,Turkey,115,0,6,492,1
Görümce,Movie,2016,TV-MA,104 min,Turkey,104,0,8,492,1
İstanbul Kırmızısı,Movie,2017,TV-MA,110 min,"Italy, Turkey",110,0,8,313,1
Küçük Esnaf,Movie,2016,TV-MA,100 min,Turkey,100,0,8,492,1
Neseli Hayat,Movie,2009,TV-14,108 min,Turkey,108,0,6,492,1
Organize Isler,Movie,2005,TV-14,104 min,Turkey,104,0,6,492,1
The Reliant,Movie,2019,PG-13,116 min,United States,116,0,4,603,1
We'll Be Right Back After The Break,Movie,2012,TV-14,106 min,Egypt,106,0,6,150,1
5Gang,Movie,2019,TV-14,96 min,Romania,96,0,6,402,1
Love Aaj Kal,Movie,2020,TV-MA,140 min,India,140,0,8,251,2
The Lift Boy,Movie,2020,TV-MA,107 min,India,107,0,8,251,1
"Coronavirus, Explained",TV Show,2020,TV-PG,1 Season,United States,1,1,9,603,0
The Last Kingdom,TV Show,2020,TV-MA,4 Seasons,United Kingdom,4,1,8,506,0
Bheeshma,Movie,2020,TV-14,138 min,India,138,0,6,251,2
Bittersweet,Movie,2010,TV-MA,132 min,Egypt,132,0,8,150,2
My Secret Romance,TV Show,2017,TV-14,1 Season,South Korea,1,1,6,435,0
No Direction Home: Bob Dylan,Movie,2005,TV-MA,208 min,"United Kingdom, United States, Japan",208,0,8,599,2
She Made Me a Criminal,Movie,2006,TV-14,105 min,Egypt,105,0,6,150,1
The Artist,Movie,2011,PG-13,101 min,"France, Belgium, United States",101,0,4,171,1
The Dealer,Movie,2010,TV-14,124 min,Egypt,124,0,6,150,2
The International Player,Movie,2009,TV-14,93 min,Egypt,93,0,6,150,1
The Promise,Movie,2008,TV-14,110 min,Egypt,110,0,6,150,1
الف مبروك,Movie,2009,TV-14,115 min,Egypt,115,0,6,150,1
After Life,TV Show,2020,TV-MA,2 Seasons,United Kingdom,2,1,8,506,0
Kolaiyuthir Kaalam,Movie,2019,TV-14,107 min,India,107,0,6,251,1
Love 101,TV Show,2020,TV-MA,1 Season,Turkey,1,1,8,492,0
"Yours Sincerely, Kanan Gill",Movie,2020,TV-MA,72 min,India,72,0,8,251,3
Ghost in the Shell: SAC_2045,TV Show,2020,TV-14,1 Season,"Japan, United States",1,1,6,322,0
My Stupid Boss,Movie,2016,TV-G,107 min,Indonesia,107,0,7,272,1
My Stupid Boss 2,Movie,2019,TV-14,95 min,Indonesia,95,0,6,272,1
The House of Flowers,TV Show,2020,TV-MA,3 Seasons,Mexico,3,1,8,342,0
This Earth of Mankind,Movie,2019,TV-14,180 min,Indonesia,180,0,6,272,2
Time to Hunt,Movie,2020,TV-MA,135 min,South Korea,135,0,8,435,2
Absurd Planet,TV Show,2020,TV-PG,1 Season,United States,1,1,9,603,0
Circus of Books,Movie,2020,TV-MA,87 min,United States,87,0,8,603,1
The Plagues of Breslau,Movie,2018,TV-MA,94 min,Poland,94,0,8,394,1
The Set Up,Movie,2019,TV-MA,105 min,Nigeria,105,0,8,368,1
The Silence of the Marsh,Movie,2019,TV-MA,93 min,Spain,93,0,8,444,1
The Willoughbys,Movie,2020,PG,92 min,"Canada, United States, United Kingdom",92,0,3,94,1
Win the Wilderness,TV Show,2020,TV-14,1 Season,United Kingdom,1,1,6,506,0
Bleach,TV Show,2006,TV-14,5 Seasons,Japan,5,1,6,319,0
Middleditch & Schwartz,TV Show,2020,TV-MA,1 Season,United States,1,1,8,603,0
Nicky Jam: El Ganador,TV Show,2018,TV-MA,1 Season,"Puerto Rico, United States, Colombia",1,1,8,401,0
Cooked with Cannabis,TV Show,2020,TV-MA,1 Season,United States,1,1,8,603,0
The Midnight Gospel,TV Show,2020,TV-MA,1 Season,United States,1,1,8,603,0
Varane Avashyamund,Movie,2020,TV-14,144 min,India,144,0,6,251,2
ChuChu TV Nursery Rhymes & Kids Songs (Hindi),TV Show,2019,TV-Y,1 Season,India,1,1,10,251,0
The King: Eternal Monarch,TV Show,2020,TV-14,1 Season,South Korea,1,1,6,435,0
#blackAF,TV Show,2020,TV-MA,1 Season,United States,1,1,8,603,0
Babamın Ceketi,Movie,2018,TV-MA,101 min,Turkey,101,0,8,492,1
Earth and Blood,Movie,2020,TV-MA,81 min,"France, Belgium",81,0,8,165,3
El Dragón: Return of a Warrior,TV Show,2020,TV-MA,2 Seasons,Mexico,2,1,8,342,0
Hasmukh,TV Show,2020,TV-MA,1 Season,India,1,1,8,251,0
Rising High,Movie,2020,TV-MA,95 min,Germany,95,0,8,212,1
Sergio,Movie,2020,R,119 min,United States,119,0,5,603,1
The Legacy of the Bones,Movie,2019,TV-MA,121 min,"Spain, Germany",121,0,8,458,2
Alelí,Movie,2019,TV-MA,88 min,"Uruguay, Argentina",88,0,8,737,1
Fary : Hexagone,TV Show,2020,TV-MA,2 Seasons,France,2,1,8,162,0
Fauda,TV Show,2020,TV-MA,3 Seasons,Israel,3,1,8,296,0
"Hail, Caesar!",Movie,2016,PG-13,106 min,"United States, United Kingdom, Japan",106,0,4,730,1
Jem and the Holograms,Movie,2015,PG,119 min,United States,119,0,3,603,1
Maurício Meirelles: Generating Chaos,Movie,2020,TV-MA,63 min,Brazil,63,0,8,45,3
Puerto Ricans in Paris,Movie,2015,R,82 min,United States,82,0,5,603,3
Stunt School,Movie,2019,TV-G,95 min,Turkey,95,0,7,492,1
For the Broken Hearted,Movie,2018,TV-14,93 min,Philippines,93,0,6,388,1
Mischief,Movie,2019,TV-PG,120 min,India,120,0,9,251,1
The Innocence Files,TV Show,2020,TV-MA,1 Season,United States,1,1,8,603,0
World Famous Lover,Movie,2020,TV-MA,147 min,India,147,0,8,251,2
Chris D'Elia: No Pain,Movie,2020,TV-MA,55 min,United States,55,0,8,603,3
New Money,Movie,2018,TV-14,107 min,Nigeria,107,0,6,368,1
Moms at War,Movie,2018,TV-14,92 min,Nigeria,92,0,6,368,1
Surviving R. Kelly: The Impact,Movie,2019,TV-14,85 min,United States,85,0,6,603,1
Code 8,Movie,2019,TV-MA,98 min,Canada,98,0,8,58,1
Brews Brothers,TV Show,2020,TV-MA,1 Season,United States,1,1,8,603,0
LA Originals,Movie,2020,TV-MA,92 min,"United States, Argentina",92,0,8,605,1
Love Wedding Repeat,Movie,2020,TV-MA,101 min,"United Kingdom, Italy",101,0,8,561,1
School Life,Movie,2019,TV-MA,112 min,France,112,0,8,162,1
The Main Event,Movie,2020,TV-G,103 min,United States,103,0,7,603,1
The Trial,TV Show,2019,TV-MA,1 Season,Italy,1,1,8,302,0
Tigertail,Movie,2020,PG,91 min,United States,91,0,3,603,1
Hi Score Girl,TV Show,2019,TV-14,2 Seasons,Japan,2,1,6,319,0
Born Beautiful,Movie,2019,TV-MA,96 min,Philippines,96,0,8,388,1
The Last Airbender,Movie,2010,PG,104 min,United States,104,0,3,603,1
Tiffany Haddish: She Ready! From the Hood To Hollywood!,Movie,2017,TV-MA,66 min,United States,66,0,8,603,3
Mine 9,Movie,2019,TV-MA,83 min,United States,83,0,8,603,3
The Florida Project,Movie,2017,R,111 min,United States,111,0,5,603,1
Dark Light,Movie,2019,TV-MA,90 min,United States,90,0,8,603,1
The Killing of a Sacred Deer,Movie,2017,R,121 min,"Ireland, United Kingdom",121,0,5,288,2
Angel Has Fallen,Movie,2019,R,121 min,United States,121,0,5,603,2
El Reemplazante,TV Show,2013,TV-MA,2 Seasons,Chile,2,1,8,96,0
Coffee & Kareem,Movie,2020,TV-MA,88 min,United States,88,0,8,603,1
Legacies,TV Show,2019,TV-14,2 Seasons,United States,2,1,6,603,0
Money Heist: The Phenomenon,Movie,2020,TV-MA,57 min,Spain,57,0,8,444,3
The Death of Stalin,Movie,2017,R,107 min,"United Kingdom, France, Belgium, Canada, United States",107,0,5,533,1
Sol Levante,Movie,2020,TV-14,5 min,Japan,5,0,6,319,0
Violet Evergarden: Eternity and the Auto Memory Doll,Movie,2019,TV-PG,91 min,Japan,91,0,9,319,1
Agneepath,Movie,1990,TV-14,174 min,India,174,0,6,251,2
Brothers,Movie,2015,TV-14,155 min,"India, United States",155,0,6,271,2
Chhota Bheem and the Curse of Damyaan,Movie,2012,TV-Y7,87 min,India,87,0,11,251,1
Community,TV Show,2015,TV-14,6 Seasons,United States,6,1,6,603,0
David Batra: Elefanten i rummet,Movie,2020,TV-MA,77 min,Sweden,77,0,8,470,3
Dostana,Movie,2008,TV-14,142 min,"India, United States",142,0,6,271,2
Duniya,Movie,1984,TV-14,170 min,India,170,0,6,251,2
Duplicate,Movie,1998,TV-14,165 min,India,165,0,6,251,2
Friendship,Movie,1980,TV-14,161 min,India,161,0,6,251,2
Gori Tere Pyaar Mein,Movie,2013,TV-14,144 min,India,144,0,6,251,2
Gumrah,Movie,1993,TV-14,149 min,India,149,0,6,251,2
Hasee Toh Phasee,Movie,2014,TV-14,135 min,India,135,0,6,251,2
How to Fix a Drug Scandal,TV Show,2020,TV-MA,1 Season,United States,1,1,8,603,0
Humpty Sharma Ki Dulhania,Movie,2014,TV-14,131 min,India,131,0,6,251,2
Kaal,Movie,2005,TV-14,126 min,India,126,0,6,251,2
Kabhi Alvida Naa Kehna,Movie,2006,TV-14,192 min,India,192,0,6,251,2
Kabhi Khushi Kabhie Gham,Movie,2001,TV-14,209 min,India,209,0,6,251,2
Kal Ho Naa Ho,Movie,2003,TV-14,187 min,India,187,0,6,251,2
Kapoor & Sons,Movie,2016,TV-14,138 min,India,138,0,6,251,2
Kuch Kuch Hota Hai,Movie,1998,TV-14,185 min,India,185,0,6,251,2
Magnificent,Movie,2015,TV-14,143 min,India,143,0,6,251,2
Man Like Mobeen,TV Show,2020,TV-MA,3 Seasons,United Kingdom,3,1,8,506,0
Mighty Raju Rio Calling,Movie,2014,TV-Y7,97 min,India,97,0,11,251,1
Muqaddar ka Faisla,Movie,1987,TV-14,172 min,India,172,0,6,251,2
Saint Seiya,TV Show,1986,TV-14,6 Seasons,Japan,6,1,6,319,0
SETHUM AAYIRAM PON,Movie,2020,TV-MA,103 min,India,103,0,8,251,1
Sunderland 'Til I Die,TV Show,2020,TV-MA,2 Seasons,United Kingdom,2,1,8,506,0
The Iliza Shlesinger Sketch Show,TV Show,2020,TV-MA,1 Season,United States,1,1,8,603,0
The Little Vampire,Movie,2017,TV-G,83 min,"Netherlands, Germany, Denmark, United Kingdom",83,0,7,360,3
The Runaways,Movie,2010,R,107 min,United States,107,0,5,603,1
The Windsors,TV Show,2020,TV-MA,3 Seasons,United Kingdom,3,1,8,506,0
Ungli,Movie,2014,TV-14,114 min,India,114,0,6,251,1
Well-Intended Love,TV Show,2020,TV-14,2 Seasons,China,2,1,6,105,0
Wildling,Movie,2018,R,93 min,United States,93,0,5,603,1
A truthful Mother,Movie,2020,TV-Y7,85 min,India,85,0,11,251,1
Akbar Birbal,TV Show,2019,TV-G,1 Season,India,1,1,7,251,0
Dave Chappelle: The Kennedy Center Mark Twain Prize for American Humor,Movie,2020,TV-MA,85 min,United States,85,0,8,603,1
Greater,Movie,2016,PG,131 min,United States,131,0,3,603,2
Indian Horse,Movie,2017,TV-MA,101 min,Canada,101,0,8,58,1
Paharganj,Movie,2019,TV-MA,107 min,India,107,0,8,251,1
Pretty Little Stalker,Movie,2018,TV-14,84 min,United States,84,0,6,603,3
Through My Father's Eyes: The Ronda Rousey Story,Movie,2019,R,104 min,"Canada, United States",104,0,5,86,1
Kannum Kannum Kollaiyadithaal,Movie,2020,TV-14,160 min,India,160,0,6,251,2
Rugal,TV Show,2020,TV-MA,1 Season,South Korea,1,1,8,435,0
Rogue Warfare,Movie,2019,R,103 min,United States,103,0,5,603,1
Dragons: Rescue Riders: Hunt for the Golden Dragon,Movie,2020,TV-Y,46 min,United States,46,0,10,603,3
Happy!,TV Show,2019,TV-MA,2 Seasons,United States,2,1,8,603,0
Ladies Up,TV Show,2019,TV-MA,1 Season,India,1,1,8,251,0
Maska,Movie,2020,TV-MA,112 min,India,112,0,8,251,1
Ozark,TV Show,2020,TV-MA,3 Seasons,United States,3,1,8,603,0
The Decline,Movie,2020,TV-MA,83 min,Canada,83,0,8,58,3
There's Something in the Water,Movie,2019,TV-14,72 min,Canada,72,0,6,58,3
True: Wuzzle Wegg Day,Movie,2020,TV-Y,24 min,Canada,24,0,10,58,0
Uncorked,Movie,2020,TV-MA,104 min,United States,104,0,8,603,1
Willy and the Guardians of the Lake: Tales from the Lakeside Winter Adventure,Movie,2019,TV-Y,72 min,Hungary,72,0,10,247,3
Happy Old Year,Movie,2019,TV-MA,113 min,Thailand,113,0,8,488,1
Making Unorthodox,Movie,2020,TV-G,21 min,Germany,21,0,7,212,0
Unorthodox,TV Show,2020,TV-MA,1 Season,Germany,1,1,8,212,0
Bethany Hamilton: Unstoppable,Movie,2019,PG,100 min,United States,100,0,3,603,1
Crip Camp: A Disability Revolution,Movie,2020,R,108 min,United States,108,0,5,603,1
Curtiz,Movie,2018,TV-MA,99 min,Hungary,99,0,8,247,1
The Occupant,Movie,2020,TV-MA,104 min,Spain,104,0,8,444,1
Tom Segura: Ball Hog,Movie,2020,TV-MA,70 min,United States,70,0,8,603,3
Freud,TV Show,2020,TV-MA,1 Season,"Austria, Germany",1,1,8,33,0
J-Style Trip,TV Show,2020,TV-14,1 Season,"Taiwan, China",1,1,6,484,0
A Life of Speed: The Juan Manuel Fangio Story,Movie,2020,TV-14,93 min,Argentina,93,0,6,2,1
Dino Girl Gauko,TV Show,2020,TV-Y7,2 Seasons,"United States, Japan",2,1,11,686,0
El silencio es bienvenido,Movie,2017,TV-14,95 min,Mexico,95,0,6,342,1
Greenhouse Academy,TV Show,2020,TV-PG,4 Seasons,United States,4,1,9,603,0
Self Made: Inspired by the Life of Madam C.J. Walker,TV Show,2020,TV-MA,1 Season,United States,1,1,8,603,0
She,TV Show,2020,TV-MA,1 Season,India,1,1,8,251,0
The English Game,TV Show,2020,TV-14,1 Season,United Kingdom,1,1,6,506,0
The Letter for the King,TV Show,2020,TV-PG,1 Season,United Kingdom,1,1,9,506,0
"Tiger King: Murder, Mayhem and Madness",TV Show,2020,TV-MA,1 Season,United States,1,1,8,603,0
Ultras,Movie,2020,TV-MA,109 min,Italy,109,0,8,302,1
Vampires,TV Show,2020,TV-MA,1 Season,France,1,1,8,162,0
3022,Movie,2019,R,91 min,United States,91,0,5,603,1
Altered Carbon: Resleeved,Movie,2020,TV-MA,75 min,"Japan, United States",75,0,8,322,3
Masameer - The Movie,Movie,2020,TV-14,100 min,Saudi Arabia,100,0,6,412,1
AllI Wish,Movie,2017,R,95 min,United States,95,0,5,603,1
Caliphate,TV Show,2020,TV-MA,1 Season,Sweden,1,1,8,470,0
Lu Over the Wall,Movie,2017,PG,113 min,Japan,113,0,3,319,1
Women Of The Night,TV Show,2019,TV-MA,1 Season,Netherlands,1,1,8,354,0
XV: Beyond the Tryline,Movie,2016,TV-14,91 min,United Kingdom,91,0,6,506,1
Bert Kreischer: Hey Big Boy,Movie,2020,TV-MA,62 min,United States,62,0,8,603,3
Shaun the Sheep: Adventures from Mossy Bottom,TV Show,2020,TV-Y7,1 Season,"United Kingdom, United States, Ireland",1,1,11,598,0
We Speak Dance,TV Show,2018,TV-MA,1 Season,United States,1,1,8,603,0
Search Party,Movie,2014,R,93 min,United States,93,0,5,603,1
Bypass Road,Movie,2019,TV-14,135 min,India,135,0,6,251,2
Ken Burns Presents: College Behind Bars: A Film by Lynn Novick and Produced by Sarah Botstein,TV Show,2019,TV-MA,1 Season,United States,1,1,8,603,0
Jai Mummy Di,Movie,2020,TV-MA,101 min,India,101,0,8,251,1
100 Humans,TV Show,2020,TV-14,1 Season,United States,1,1,6,603,0
Baby Mamas,Movie,2018,TV-14,98 min,South Africa,98,0,6,426,1
Bloodride,TV Show,2020,TV-MA,1 Season,Norway,1,1,8,370,0
Go Karts,Movie,2020,TV-PG,103 min,Australia,103,0,9,15,1
Justine,Movie,2019,TV-MA,106 min,United States,106,0,8,603,1
Kingdom,TV Show,2020,TV-MA,2 Seasons,"South Korea, United States",2,1,8,442,0
Lost Girls,Movie,2020,R,95 min,United States,95,0,5,603,1
Miracle in Cell No. 7,Movie,2019,TV-14,132 min,Turkey,132,0,6,492,2
The Valhalla Murders,TV Show,2020,TV-MA,1 Season,Iceland,1,1,8,249,0
Dirty Money,TV Show,2020,TV-MA,2 Seasons,United States,2,1,8,603,0
On My Block,TV Show,2020,TV-14,3 Seasons,United States,3,1,6,603,0
The Circle Brazil,TV Show,2020,TV-MA,1 Season,"Brazil, United Kingdom",1,1,8,50,0
Carmen Sandiego: To Steal or Not to Steal,Movie,2020,TV-Y7,82 min,"Canada, United States",82,0,11,86,3
Marc Maron: End Times Fun,Movie,2020,TV-MA,71 min,United States,71,0,8,603,3
Sitara: Let Girls Dream,Movie,2020,TV-PG,16 min,"Pakistan, United States",16,0,9,383,0
All About Love,Movie,2017,TV-MA,79 min,South Africa,79,0,8,426,3
Guilty,Movie,2020,TV-MA,120 min,India,120,0,8,251,1
I am Jonas,Movie,2019,TV-MA,82 min,France,82,0,8,162,3
Miles Davis: Birth of the Cool,Movie,2019,TV-MA,115 min,United States,115,0,8,603,1
Spenser Confidential,Movie,2020,R,111 min,United States,111,0,5,603,1
Twin Murders: the Silence of the White City,Movie,2020,TV-MA,110 min,Spain,110,0,8,444,1
Ugly Delicious,TV Show,2020,TV-MA,2 Seasons,United States,2,1,8,603,0
93 Days,Movie,2016,TV-PG,121 min,Nigeria,121,0,9,368,2
Mighty Little Bheem: Festival of Colors,TV Show,2020,TV-Y,1 Season,India,1,1,10,251,0
Tootsies & The Fake,Movie,2019,TV-MA,108 min,Thailand,108,0,8,488,1
Aurora,Movie,2010,TV-MA,186 min,"Romania, France, Switzerland, Germany",186,0,8,404,2
Lil Peep: Everybody’s Everything,Movie,2019,TV-MA,116 min,United States,116,0,8,603,1
The Death of Mr. Lazarescu,Movie,2005,R,154 min,Romania,154,0,5,402,2
Velvet,TV Show,2016,TV-14,4 Seasons,Spain,4,1,6,444,0
Freaks,Movie,2018,R,105 min,"United States, Canada",105,0,5,621,1
Luccas Neto in: The End of Christmas,Movie,2019,TV-Y,71 min,Brazil,71,0,10,45,3
Taylor Tomlinson: Quarter-Life Crisis,Movie,2020,TV-MA,61 min,United States,61,0,8,603,3
The Last Bomb of the Second World War,Movie,2019,TV-14,133 min,India,133,0,6,251,2
Uncovered,Movie,2019,TV-MA,98 min,South Africa,98,0,8,426,1
W.E.,Movie,2011,R,119 min,United Kingdom,119,0,5,506,1
Fat Ballerina - David A. Arnold,Movie,2020,TV-MA,61 min,United States,61,0,8,603,3
Akame ga Kill!,TV Show,2014,TV-14,1 Season,Japan,1,1,6,319,0
Babylon Berlin,TV Show,2020,TV-MA,3 Seasons,Germany,3,1,8,212,0
Bhangra Paa Le,Movie,2019,TV-14,130 min,India,130,0,6,251,2
Frank & Lola,Movie,2016,TV-MA,87 min,United States,87,0,8,603,1
Hugo,Movie,2011,PG,127 min,"United Kingdom, United States, France",127,0,3,594,2
Ordinary World,Movie,2016,TV-14,87 min,United States,87,0,6,603,1
"Pop, Lock 'n Roll",Movie,2017,TV-14,88 min,South Africa,88,0,6,426,1
There Will Be Blood,Movie,2007,R,158 min,United States,158,0,5,603,2
Voulez-vous rire avec moi ce soir?,Movie,2018,TV-MA,93 min,France,93,0,8,162,1
ZZ TOP: THAT LITTLE OL' BAND FROM TEXAS,Movie,2019,TV-MA,90 min,"United Kingdom, Canada, United States",90,0,8,520,1
All The Bright Places,Movie,2020,TV-MA,109 min,United States,109,0,8,603,1
Always a Witch,TV Show,2019,TV-14,2 Seasons,Colombia,2,1,6,121,0
Amit Tandon: Family Tandoncies,Movie,2019,TV-14,72 min,India,72,0,6,251,3
Queen Sono,TV Show,2020,TV-MA,1 Season,South Africa,1,1,8,426,0
Toy Boy,TV Show,2019,TV-MA,1 Season,Spain,1,1,8,444,0
Unstoppable,TV Show,2020,TV-MA,1 Season,Mexico,1,1,8,342,0
Ala Vaikunthapurramuloo,Movie,2020,TV-14,162 min,India,162,0,6,251,2
Altered Carbon,TV Show,2020,TV-MA,2 Seasons,United States,2,1,8,603,0
Followers,TV Show,2020,TV-MA,1 Season,Japan,1,1,8,319,0
Pokémon: Mewtwo Strikes Back - Evolution,Movie,2019,TV-Y7,98 min,Japan,98,0,11,319,1
Six Windows in the Desert,TV Show,2020,TV-14,1 Season,Saudi Arabia,1,1,6,412,0
Couple of Days,Movie,2016,TV-14,103 min,Nigeria,103,0,6,368,1
Gbomo Gbomo Express,Movie,2015,TV-MA,97 min,Nigeria,97,0,8,368,1
I Am Not Okay With This,TV Show,2020,TV-MA,1 Season,United States,1,1,8,603,0
Taxi Driver,Movie,2015,TV-MA,94 min,Nigeria,94,0,8,368,1
The Arbitration,Movie,2016,TV-MA,101 min,Nigeria,101,0,8,368,1
The Trials of Gabriel Fernandez,TV Show,2020,TV-MA,1 Season,United States,1,1,8,603,0
When Love Happens,Movie,2014,TV-14,109 min,Nigeria,109,0,6,368,1
Pete Davidson: Alive From New York,Movie,2020,TV-MA,50 min,United States,50,0,8,603,3
Full Count,Movie,2019,TV-PG,110 min,United States,110,0,9,603,1
"Hi Bye, Mama!",TV Show,2020,TV-14,1 Season,South Korea,1,1,6,435,0
Girl on the Third Floor,Movie,2019,TV-MA,92 min,United States,92,0,8,603,1
Unabomber - In His Own Words,TV Show,2018,TV-MA,1 Season,Canada,1,1,8,58,0
Gentefied,TV Show,2020,TV-MA,1 Season,United States,1,1,8,603,0
Hyena,TV Show,2020,TV-MA,1 Season,South Korea,1,1,8,435,0
Puerta 7,TV Show,2020,TV-MA,1 Season,Argentina,1,1,8,2,0
System Crasher,Movie,2020,TV-MA,120 min,Germany,120,0,8,212,1
The Body,Movie,2019,TV-14,101 min,India,101,0,6,251,1
The Last Thing He Wanted,Movie,2020,R,116 min,United States,116,0,5,603,1
Yeh Ballet,Movie,2020,TV-MA,117 min,India,117,0,8,251,1
Pretville,Movie,2012,TV-PG,95 min,South Africa,95,0,9,426,1
Spectros,TV Show,2020,TV-MA,1 Season,Brazil,1,1,8,45,0
Untamed Romania,Movie,2018,TV-PG,93 min,"Romania, United Kingdom",93,0,9,405,1
DreamWorks Shrek's Swamp Stories,TV Show,2008,TV-PG,1 Season,United States,1,1,9,603,0
By the Sea,Movie,2015,R,122 min,"France, Malta, United States",122,0,5,192,2
Miss Virginia,Movie,2019,TV-MA,102 min,United States,102,0,8,603,1
MR. RIGHT,Movie,2015,R,96 min,United States,96,0,5,603,1
On the Real,TV Show,2017,TV-MA,1 Season,Nigeria,1,1,8,368,0
Term Life,Movie,2016,R,93 min,United States,93,0,5,603,1
The Forest,Movie,2016,PG-13,93 min,United States,93,0,4,603,1
Talking Tom and Friends,TV Show,2017,TV-Y,1 Season,Cyprus,1,1,10,128,0
A Shaun the Sheep Movie: Farmageddon,Movie,2019,G,87 min,"United Kingdom, France, Belgium, Ireland, United States",87,0,0,534,1
Cuddle Weather,Movie,2019,TV-MA,95 min,Philippines,95,0,8,388,1
Fanatyk,Movie,2017,TV-MA,33 min,Poland,33,0,8,394,0
Isi & Ossi,Movie,2020,TV-MA,113 min,Germany,113,0,8,212,1
Liefling,Movie,2010,TV-PG,118 min,South Africa,118,0,9,426,1
Panipat - The Great Betrayal,Movie,2019,TV-14,171 min,India,171,0,6,251,2
Taj Mahal 1989,TV Show,2020,TV-MA,1 Season,India,1,1,8,251,0
The Ghost and the Tout,Movie,2018,TV-14,100 min,Nigeria,100,0,6,368,1
Dragon Quest Your Story,Movie,2019,TV-PG,103 min,Japan,103,0,9,319,1
Love Is Blind,TV Show,2021,TV-MA,1 Season,United States,1,1,8,603,0
Narcos: Mexico,TV Show,2020,TV-MA,2 Seasons,"Mexico, United States",2,1,8,350,0
Sleepless Society: Insomnia,TV Show,2019,TV-MA,1 Season,Thailand,1,1,8,488,0
French Toast,Movie,2015,TV-PG,86 min,South Africa,86,0,9,426,1
To All the Boys: P.S. I Still Love You,Movie,2020,TV-14,102 min,United States,102,0,6,603,1
We Bare Bears,TV Show,2018,TV-Y,2 Seasons,United States,2,1,10,603,0
Captain Underpants Epic Choice-o-Rama,Movie,2020,TV-Y7,81 min,United States,81,0,11,603,3
Good Time,Movie,2017,R,101 min,United States,101,0,5,603,1
ROAD TO ROMA,Movie,2020,TV-PG,73 min,Mexico,73,0,9,342,3
Love for Sale 2,Movie,2019,TV-14,96 min,Indonesia,96,0,6,272,1
Better Call Saul,TV Show,2018,TV-MA,4 Seasons,United States,4,1,8,603,0
Fronteras,Movie,2018,TV-MA,106 min,United States,106,0,8,603,1
Polaroid,Movie,2019,PG-13,88 min,"United States, Norway, Canada",88,0,4,700,1
The Coldest Game,Movie,2019,TV-MA,103 min,"Poland, United States",103,0,8,396,1
Thottappan,Movie,2019,TV-14,139 min,India,139,0,6,251,2
Azali,Movie,2018,TV-14,89 min,Ghana,89,0,6,235,1
Dragons: Rescue Riders,TV Show,2020,TV-Y,2 Seasons,United States,2,1,10,603,0
Fifty: The Series,TV Show,2018,TV-14,2 Seasons,Nigeria,2,1,6,368,0
Horse Girl,Movie,2020,R,104 min,United States,104,0,5,603,1
Jada,Movie,2019,TV-14,124 min,India,124,0,6,251,2
Locke & Key,TV Show,2020,TV-14,1 Season,"Canada, United States",1,1,6,86,0
The Ballad of Lefty Brown,Movie,2017,R,112 min,United States,112,0,5,603,1
Who Killed Malcolm X?,TV Show,2020,TV-MA,1 Season,United States,1,1,8,603,0
Cagaster of an Insect Cage,TV Show,2020,TV-MA,1 Season,Japan,1,1,8,319,0
Gardeners of Eden,Movie,2014,TV-14,70 min,"Kenya, United States",70,0,6,325,3
Arrow,TV Show,2019,TV-14,8 Seasons,United States,8,1,6,603,0
The Pharmacist,TV Show,2020,TV-MA,1 Season,United States,1,1,8,603,0
Uppity: The Willy T. Ribbs Story,Movie,2020,TV-MA,106 min,United States,106,0,8,603,1
Dragonheart: Vengeance,Movie,2020,PG-13,97 min,United States,97,0,4,603,1
"Faith, Hope & Love",Movie,2019,PG,106 min,United States,106,0,3,603,1
Tom Papa: You're Doing Great!,Movie,2020,TV-14,60 min,United States,60,0,6,603,3
Team Kaylie,TV Show,2020,TV-PG,3 Seasons,United States,3,1,9,603,0
Thambi,Movie,2019,TV-14,148 min,India,148,0,6,251,2
The Silent War,Movie,2020,TV-MA,122 min,Spain,122,0,8,444,2
Chronically Metropolitan,Movie,2016,TV-MA,86 min,United States,86,0,8,603,1
Hum Aapke Hain Koun,Movie,1994,TV-14,193 min,India,193,0,6,251,2
Is It Wrong to Try to Pick Up Girls in a Dungeon?,TV Show,2015,TV-MA,1 Season,Japan,1,1,8,319,0
Itaewon Class,TV Show,2020,TV-MA,1 Season,South Korea,1,1,8,435,0
Justice,Movie,2017,R,92 min,United States,92,0,5,603,1
Love Jacked,Movie,2018,PG-13,94 min,"Canada, South Africa",94,0,4,79,1
Miraculous: Tales of Ladybug & Cat Noir,TV Show,2019,TV-Y7,5 Seasons,"France, South Korea, Japan, United States",5,1,11,201,0
Misfit 2,Movie,2019,TV-G,82 min,Netherlands,82,0,7,354,3
Night on Earth: Shot in the Dark,Movie,2020,TV-PG,59 min,United Kingdom,59,0,9,506,3
No Game No Life,TV Show,2014,TV-MA,1 Season,Japan,1,1,8,319,0
Pop Team Epic,TV Show,2018,TV-14,1 Season,Japan,1,1,6,319,0
Shopkins,TV Show,2014,TV-Y,1 Season,United States,1,1,10,603,0
The Car: Road to Revenge,Movie,2019,TV-MA,89 min,United States,89,0,8,603,1
Together For Eternity,Movie,1999,TV-G,176 min,India,176,0,7,251,2
37 Seconds,Movie,2020,TV-MA,116 min,Japan,116,0,8,319,1
Diablero,TV Show,2020,TV-MA,2 Seasons,Mexico,2,1,8,342,0
Gang of the Caribbean,Movie,2016,TV-MA,86 min,France,86,0,8,162,1
Hakkunde,Movie,2017,TV-14,93 min,Nigeria,93,0,6,368,1
Luna Nera,TV Show,2020,TV-MA,1 Season,Italy,1,1,8,302,0
Miss Americana,Movie,2020,TV-MA,85 min,United States,85,0,8,603,1
Unauthorized Living,TV Show,2020,TV-MA,2 Seasons,Spain,2,1,8,444,0
Ainori Love Wagon: African Journey,TV Show,2019,TV-14,1 Season,Japan,1,1,6,319,0
Kevin Hart: I'm a Grown Little Man,Movie,2009,TV-MA,62 min,United States,62,0,8,603,3
THE STRANGER,TV Show,2020,TV-MA,1 Season,United Kingdom,1,1,8,506,0
What the Love! with Karan Johar,TV Show,2020,TV-14,1 Season,United States,1,1,6,603,0
Close Enemies,Movie,2018,TV-MA,112 min,"France, Belgium",112,0,8,165,1
Night on Earth,TV Show,2020,TV-PG,1 Season,United Kingdom,1,1,9,506,0
Omniscient,TV Show,2020,TV-MA,1 Season,Brazil,1,1,8,45,0
Shimla Mirchi,Movie,2020,TV-14,121 min,India,121,0,6,251,2
Sillu Karuppatti,Movie,2019,TV-14,133 min,India,133,0,6,251,2
Vir Das: For India,Movie,2020,TV-MA,76 min,India,76,0,8,251,3
Menashe,Movie,2017,PG,82 min,United States,82,0,3,603,3
A Sun,Movie,2019,TV-MA,156 min,Taiwan,156,0,8,483,2
Die Ontwaking,Movie,2015,TV-MA,90 min,South Africa,90,0,8,426,1
Sons of the Caliphate,TV Show,2017,TV-14,2 Seasons,Nigeria,2,1,6,368,0
The goop lab with Gwyneth Paltrow,TV Show,2020,TV-MA,1 Season,United States,1,1,8,603,0
The Ranch,TV Show,2020,TV-MA,8 Seasons,United States,8,1,8,603,0
Airplane Mode,Movie,2020,TV-PG,97 min,United States,97,0,9,603,1
Alex Fernández: The Best Comedian in the World,Movie,2020,TV-MA,51 min,Mexico,51,0,8,342,3
October Faction,TV Show,2020,TV-MA,1 Season,United States,1,1,8,603,0
​SAINT SEIYA: Knights of the Zodiac,TV Show,2020,TV-14,2 Seasons,Japan,2,1,6,319,0
The Ghost Bride,TV Show,2020,TV-14,1 Season,"Taiwan, Malaysia",1,1,6,487,0
Pandemic: How to Prevent an Outbreak,TV Show,2020,TV-14,1 Season,United States,1,1,6,603,0
Playing with Fire,TV Show,2019,TV-MA,1 Season,United States,1,1,8,603,0
Whisky,Movie,2004,TV-MA,98 min,"Uruguay, Argentina, Germany, Spain",98,0,8,738,1
Fortune Feimster: Sweet & Salty,Movie,2020,TV-MA,61 min,United States,61,0,8,603,3
KD (A) Karuppudurai,Movie,2019,TV-14,116 min,India,116,0,6,251,1
DreamWorks How to Train Your Dragon Legends,TV Show,2011,TV-PG,1 Season,United States,1,1,9,603,0
Motichoor Chaknachoor,Movie,2019,TV-14,132 min,India,132,0,6,251,2
WHAT DID JACK DO?,Movie,2020,TV-14,17 min,United States,17,0,6,603,0
The Bling Ring,Movie,2013,R,91 min,"United States, United Kingdom, France, Germany, Japan",91,0,5,725,1
A Fall from Grace,Movie,2020,TV-MA,121 min,United States,121,0,8,603,2
Ares,TV Show,2020,TV-MA,1 Season,Netherlands,1,1,8,354,0
Hip-Hop Evolution,TV Show,2020,TV-MA,4 Seasons,Canada,4,1,8,58,0
Nailed It! Germany,TV Show,2020,TV-14,1 Season,Germany,1,1,6,212,0
Tiny House Nation,TV Show,2019,TV-PG,2 Seasons,United States,2,1,9,603,0
Deadcon,Movie,2019,TV-14,78 min,United States,78,0,6,603,3
Handsome Siblings,TV Show,2020,TV-14,1 Season,China,1,1,6,105,0
Hop,Movie,2011,PG,95 min,"United States, France, Japan",95,0,3,650,1
Jezebel,Movie,2019,TV-MA,86 min,United States,86,0,8,603,1
Legend,Movie,2015,R,132 min,"United Kingdom, France, United States",132,0,5,542,2
NiNoKuni,Movie,2019,TV-14,107 min,Japan,107,0,6,319,1
Soul Eater,TV Show,2008,TV-14,1 Season,Japan,1,1,6,319,0
Steve Jobs,Movie,2015,R,122 min,"United Kingdom, United States",122,0,5,589,2
Bulbul Can Sing,Movie,2018,TV-14,95 min,India,95,0,6,251,1
Eye For An Eye,Movie,2019,TV-MA,108 min,"Spain, France, United States",108,0,8,456,1
Killer Inside: The Mind of Aaron Hernandez,TV Show,2020,TV-MA,1 Season,United States,1,1,8,603,0
MindGamers,Movie,2017,R,99 min,Austria,99,0,5,31,1
The Brave,Movie,2019,TV-MA,103 min,United States,103,0,8,603,1
Leslie Jones: Time Machine,Movie,2020,TV-MA,66 min,United States,66,0,8,603,3
The Ollie & Moon Show,TV Show,2018,TV-Y,1 Season,France,1,1,10,162,0
Women of Mafia 2,Movie,2019,TV-MA,132 min,Poland,132,0,8,394,2
Betty White: First Lady of Television,Movie,2018,TV-14,56 min,United States,56,0,6,603,3
Made in China,Movie,2019,TV-MA,128 min,India,128,0,8,251,2
AJ and the Queen,TV Show,2020,TV-14,1 Season,United States,1,1,6,603,0
Giri / Haji,TV Show,2019,TV-MA,1 Season,United Kingdom,1,1,8,506,0
Harvey Street Kids,TV Show,2020,TV-Y7,4 Seasons,United States,4,1,11,603,0
Jamtara - Sabka Number Ayega,TV Show,2020,TV-MA,1 Season,India,1,1,8,251,0
Medical Police,TV Show,2020,TV-MA,1 Season,United States,1,1,8,603,0
Monsters: Dark Continent,Movie,2014,R,119 min,United Kingdom,119,0,5,506,1
The InBESTigators,TV Show,2020,TV-Y,2 Seasons,Australia,2,1,10,15,0
Until Dawn,TV Show,2020,TV-MA,1 Season,France,1,1,8,162,0
Bulletproof 2,Movie,2020,TV-MA,97 min,United States,97,0,8,603,1
Cheer,TV Show,2020,TV-MA,1 Season,United States,1,1,8,603,0
A Ghost Story,Movie,2017,R,92 min,United States,92,0,5,603,1
"Live Twice, Love Once",Movie,2020,TV-MA,102 min,Spain,102,0,8,444,1
Dracula,TV Show,2020,TV-14,1 Season,United Kingdom,1,1,6,506,0
All the Freckles in the World,Movie,2020,TV-14,90 min,Mexico,90,0,6,342,1
Anne with an E,TV Show,2019,TV-PG,3 Seasons,Canada,3,1,9,58,0
Half Girlfriend,Movie,2017,TV-14,129 min,India,129,0,6,251,2
"Sex, Explained",TV Show,2020,TV-MA,1 Season,United States,1,1,8,603,0
Thieves of the Wood,TV Show,2019,TV-MA,1 Season,Belgium,1,1,8,38,0
Aruna & Her Palate,Movie,2018,TV-14,106 min,"Indonesia, South Korea, Singapore",106,0,6,275,1
Because This Is My First Life,TV Show,2017,TV-14,1 Season,South Korea,1,1,6,435,0
Border Security: America's Front Line,TV Show,2018,TV-14,1 Season,Canada,1,1,6,58,0
Breaking the Bank,Movie,2014,TV-PG,105 min,United Kingdom,105,0,9,506,1
Cells at Work!,TV Show,2018,TV-PG,1 Season,Japan,1,1,9,319,0
Garfield Gets Real,Movie,2007,TV-Y,78 min,United States,78,0,10,603,3
Garfield's Fun Fest,Movie,2008,TV-Y7,79 min,"United States, South Korea",79,0,11,707,3
Garfield's Pet Force,Movie,2009,G,78 min,"South Korea, United States",78,0,0,442,3
Ghost Stories,Movie,2020,TV-MA,145 min,India,145,0,8,251,2
Jeff Dunham: Unhinged in Hollywood,Movie,2015,TV-MA,71 min,United States,71,0,8,603,3
Jimmy Neutron: Boy Genius,Movie,2001,G,83 min,"United States, Spain",83,0,0,710,3
Live Up To Your Name,TV Show,2017,TV-MA,1 Season,South Korea,1,1,8,435,0
Messiah,TV Show,2020,TV-MA,1 Season,United States,1,1,8,603,0
Mia and Me,TV Show,2017,TV-Y7,2 Seasons,"Netherlands, Germany, Italy, Canada",2,1,11,361,0
"Nisman: The Prosecutor, the President, and the Spy",TV Show,2020,TV-MA,1 Season,"Spain, Germany, Denmark, United States",1,1,8,459,0
Pan's Labyrinth,Movie,2006,R,119 min,"Mexico, Spain",119,0,5,349,2
Pokémon the Movie: Power of Us,Movie,2018,TV-Y7,98 min,Japan,98,0,11,319,1
Posesif,Movie,2017,TV-MA,102 min,Indonesia,102,0,8,272,1
Reply 1988,TV Show,2015,TV-14,1 Season,South Korea,1,1,6,435,0
Road Trip: Beer Pong,Movie,2009,R,97 min,United States,97,0,5,603,1
Save Me,TV Show,2017,TV-MA,1 Season,South Korea,1,1,8,435,0
Spinning Out,TV Show,2020,TV-MA,1 Season,United States,1,1,8,603,0
The Bride of Habaek,TV Show,2017,TV-14,1 Season,South Korea,1,1,6,435,0
Aaviri,Movie,2019,TV-14,110 min,India,110,0,6,251,1
Albert Pinto Ko Gussa Kyun Aata Hai?,Movie,2019,TV-MA,85 min,India,85,0,8,251,1
ARASHI's Diary -Voyage-,TV Show,2019,TV-PG,1 Season,Japan,1,1,9,319,0
Benchwarmers 2: Breaking Balls,Movie,2019,PG-13,90 min,United States,90,0,4,603,1
How High 2,Movie,2019,TV-MA,89 min,United States,89,0,8,603,1
Occupied,TV Show,2019,TV-MA,3 Seasons,"Norway, Sweden",3,1,8,377,0
Rainbow Ruby,TV Show,2016,TV-Y,1 Season,"South Korea, Canada, United States, China",1,1,10,436,0
Robot Trains,TV Show,2018,TV-Y7,2 Seasons,South Korea,2,1,11,435,0
Yanxi Palace: Princess Adventures,TV Show,2019,TV-14,1 Season,China,1,1,6,105,0
The Disastrous Life of Saiki K.: Reawakened,TV Show,2019,TV-14,1 Season,Japan,1,1,6,319,0
Hot Gimmick: Girl Meets Boy,Movie,2019,TV-MA,120 min,Japan,120,0,8,319,1
Blitz Patrollie,Movie,2013,TV-MA,102 min,South Africa,102,0,8,426,1
"El Pepe, a Supreme Life",Movie,2018,TV-14,73 min,"Argentina, Uruguay, Serbia",73,0,6,12,3
Kevin Hart: Don’t F**k This Up,TV Show,2019,TV-MA,1 Season,United States,1,1,8,603,0
The App,Movie,2019,TV-MA,79 min,Italy,79,0,8,302,3
The Bonfire of Destiny,TV Show,2019,TV-MA,1 Season,France,1,1,8,162,0
You,TV Show,2019,TV-MA,2 Seasons,United States,2,1,8,603,0
Doom: Annihilation,Movie,2019,R,97 min,United States,97,0,5,603,1
Fireworks,Movie,2017,TV-PG,91 min,Japan,91,0,9,319,1
Grand-Daddy Day Care,Movie,2019,PG-13,96 min,United States,96,0,4,603,1
Jarhead: Law of Return,Movie,2019,R,103 min,"Israel, United States",103,0,5,301,1
MFKZ,Movie,2017,R,95 min,"France, Japan",95,0,5,186,1
Sweetheart,Movie,2019,PG-13,83 min,United States,83,0,4,603,3
CAROLE & TUESDAY,TV Show,2019,TV-MA,2 Seasons,Japan,2,1,8,319,0
Como caído del cielo,Movie,2019,TV-14,117 min,Mexico,117,0,6,342,1
John Mulaney & The Sack Lunch Bunch,Movie,2019,TV-PG,70 min,United States,70,0,9,603,3
Lost in Space,TV Show,2019,TV-PG,2 Seasons,United States,2,1,9,603,0
Jacob's Ladder,Movie,2019,R,90 min,United States,90,0,5,603,1
Private Practice,TV Show,2012,TV-14,6 Seasons,United States,6,1,6,603,0
Back of the Net,Movie,2019,TV-Y,86 min,Australia,86,0,10,15,1
Lost in London,Movie,2017,TV-PG,86 min,Nigeria,86,0,9,368,1
Agent,TV Show,2019,TV-MA,1 Season,"Mauritius, South Africa",1,1,8,341,0
Being Mrs Elliot,Movie,2014,TV-14,113 min,Nigeria,113,0,6,368,1
Iyore,Movie,2015,TV-PG,141 min,Nigeria,141,0,9,368,2
The Two Popes,Movie,2019,PG-13,126 min,"United Kingdom, Italy",126,0,4,561,2
The Witcher,TV Show,2019,TV-MA,1 Season,"United States, Poland",1,1,8,702,0
After the Raid,Movie,2019,TV-PG,25 min,"United States, Mexico",25,0,9,690,0
Twice Upon A Time,TV Show,2019,TV-MA,1 Season,France,1,1,8,162,0
Ultraviolet,TV Show,2019,TV-MA,2 Seasons,Poland,2,1,8,394,0
Don't F**k with Cats: Hunting an Internet Killer,TV Show,2019,TV-MA,1 Season,"United Kingdom, United States",1,1,8,589,0
Soundtrack,TV Show,2019,TV-MA,1 Season,United States,1,1,8,603,0
Ronny Chieng: Asian Comedian Destroys America!,Movie,2019,TV-MA,63 min,United States,63,0,8,603,3
"Sincerely Yours, Dhaka",Movie,2018,TV-MA,136 min,Bangladesh,136,0,8,36,2
The Danish Girl,Movie,2015,R,120 min,"United Kingdom, United States, Germany, Denmark, Belgium, Japan",120,0,5,597,2
Bangistan,Movie,2015,TV-14,134 min,India,134,0,6,251,2
Cinderella and the Four Knights,TV Show,2016,TV-PG,1 Season,South Korea,1,1,9,435,0
Cocomong,TV Show,2015,TV-Y,2 Seasons,United States,2,1,10,603,0
Crash Landing on You,TV Show,2019,TV-14,1 Season,South Korea,1,1,6,435,0
"Crazy, Lovely, Cool",TV Show,2018,TV-MA,1 Season,Nigeria,1,1,8,368,0
Dil Chahta Hai,Movie,2001,TV-14,185 min,India,185,0,6,251,2
Dil Dhadakne Do,Movie,2015,TV-MA,174 min,India,174,0,8,251,2
Don,Movie,2006,TV-14,169 min,India,169,0,6,251,2
Don 2,Movie,2011,TV-14,148 min,"India, Germany",148,0,6,255,2
Fukrey,Movie,2013,TV-14,135 min,India,135,0,6,251,2
Game,Movie,2011,TV-14,135 min,India,135,0,6,251,2
Girls und Panzer,TV Show,2012,TV-PG,1 Season,Japan,1,1,9,319,0
Honeymoon Travels Pvt. Ltd.,Movie,2007,TV-14,119 min,India,119,0,6,251,2
Isoken,Movie,2017,TV-14,98 min,Nigeria,98,0,6,368,1
Karthik Calling Karthik,Movie,2010,TV-14,135 min,India,135,0,6,251,2
Lakshya,Movie,2004,TV-PG,185 min,India,185,0,9,251,2
Luck by Chance,Movie,2009,TV-14,156 min,India,156,0,6,251,2
Potato Potahto,Movie,2017,TV-MA,104 min,Ghana,104,0,8,235,1
Rock On!!,Movie,2008,TV-14,139 min,India,139,0,6,251,2
Scooby-Doo!: Mystery Incorporated,TV Show,2012,TV-Y7,2 Seasons,United States,2,1,11,603,0
Talaash,Movie,2012,TV-14,140 min,India,140,0,6,251,2
What's New Scooby-Doo?,TV Show,2005,TV-Y7,3 Seasons,United States,3,1,11,603,0
Zindagi Na Milegi Dobara,Movie,2011,TV-14,154 min,India,154,0,6,251,2
6 Underground,Movie,2019,R,129 min,United States,129,0,5,603,2
A Trip to Jamaica,Movie,2016,TV-MA,99 min,Nigeria,99,0,8,368,1
My Wife and I,Movie,2017,TV-MA,100 min,South Africa,100,0,8,426,1
Okafor's Law,Movie,2016,TV-14,110 min,Nigeria,110,0,6,368,1
The 9th Precinct,Movie,2019,TV-MA,95 min,Taiwan,95,0,8,483,1
Jack Whitehall: Christmas with My Father,Movie,2019,TV-MA,65 min,United Kingdom,65,0,8,506,3
The Sky Is Pink,Movie,2019,TV-MA,143 min,"India, United Kingdom, Canada, United States",143,0,8,268,2
Good and Prosperous,Movie,2017,TV-14,101 min,Egypt,101,0,6,150,1
Michelle Wolf: Joke Show,Movie,2019,TV-MA,60 min,United States,60,0,8,603,3
A Family Reunion Christmas,Movie,2019,TV-PG,29 min,United States,29,0,9,603,0
It Comes at Night,Movie,2017,R,92 min,United States,92,0,5,603,1
Saaho,Movie,2019,TV-14,172 min,India,172,0,6,251,2
Nothing to Lose 2,Movie,2019,PG-13,97 min,Brazil,97,0,4,45,1
Astronomy Club: The Sketch Show,TV Show,2019,TV-MA,1 Season,United States,1,1,8,603,0
Banana Island Ghost,Movie,2017,TV-14,108 min,Nigeria,108,0,6,368,1
Fuller House,TV Show,2020,TV-PG,5 Seasons,United States,5,1,9,603,0
Marriage Story,Movie,2019,R,137 min,"United Kingdom, United States",137,0,5,589,2
No Game No Life: Zero,Movie,2017,TV-MA,106 min,Japan,106,0,8,319,1
Slow Country,Movie,2017,TV-MA,115 min,Nigeria,115,0,8,368,1
Spirit Riding Free: Spirit of Christmas,Movie,2019,TV-Y7,46 min,United States,46,0,11,603,3
Teasing Master Takagi-san,TV Show,2019,TV-PG,1 Season,Japan,1,1,9,319,0
The Chosen One,TV Show,2019,TV-MA,2 Seasons,Brazil,2,1,8,45,0
The Confession Killer,TV Show,2019,TV-14,1 Season,United States,1,1,6,603,0
Three Days of Christmas,TV Show,2019,TV-MA,1 Season,Spain,1,1,8,444,0
Wives on Strike,Movie,2016,TV-14,92 min,Nigeria,92,0,6,368,1
Wives on Strike: The Revolution,Movie,2017,TV-PG,93 min,"United Kingdom, Nigeria",93,0,9,571,1
A Christmas Prince: The Royal Baby,Movie,2019,TV-PG,85 min,United States,85,0,9,603,1
The Irishman: In Conversation,Movie,2019,TV-MA,24 min,United States,24,0,8,603,0
V Wars,TV Show,2019,TV-MA,1 Season,United States,1,1,8,603,0
The Last O.G.,TV Show,2019,TV-MA,2 Seasons,United States,2,1,8,603,0
The Prince of Tennis ~ Match! Tennis Juniors ~,TV Show,2019,TV-PG,1 Season,China,1,1,9,105,0
The Road to Love,TV Show,2019,TV-14,1 Season,Colombia,1,1,6,121,0
Tiffany Haddish: Black Mitzvah,Movie,2019,TV-MA,56 min,United States,56,0,8,603,3
Nightflyers,TV Show,2018,TV-MA,1 Season,United States,1,1,8,603,0
A Cinderella Story: Christmas Wish,Movie,2019,PG,86 min,United States,86,0,3,603,1
Baby Dolls,Movie,2019,TV-PG,127 min,India,127,0,9,251,2
Cut Bank,Movie,2014,R,93 min,United States,93,0,5,603,1
Dead Kids,Movie,2019,TV-MA,94 min,"Philippines, United States",94,0,8,393,1
Eastsiders,TV Show,2018,TV-MA,4 Seasons,United States,4,1,8,603,0
High End Yaariyan,Movie,2019,TV-14,120 min,India,120,0,6,251,1
Iron Fists and Kung-Fu Kicks,Movie,2019,TV-MA,108 min,Australia,108,0,8,15,1
Jindua,Movie,2017,TV-14,135 min,India,135,0,6,251,2
Lakeeran,Movie,2016,TV-PG,111 min,India,111,0,9,251,1
Mahi NRI,Movie,2017,TV-14,134 min,United Kingdom,134,0,6,506,2
Qismat,Movie,2018,TV-PG,137 min,India,137,0,9,251,2
Tee Shot: Ariya Jutanugarn,Movie,2019,TV-14,103 min,Thailand,103,0,6,488,1
Thug Life,Movie,2017,TV-14,133 min,India,133,0,6,251,2
Wandering Stars,Movie,2019,TV-MA,95 min,France,95,0,8,162,1
Why Me?,Movie,2015,TV-MA,126 min,"Romania, Bulgaria, Hungary",126,0,8,403,2
Chocolate,TV Show,2019,TV-14,1 Season,South Korea,1,1,6,435,0
Guatemala: Heart of the Mayan World,Movie,2019,TV-G,67 min,"Uruguay, Guatemala",67,0,7,741,3
The Zoya Factor,Movie,2019,TV-14,135 min,India,135,0,6,251,2
Atlantics,Movie,2019,TV-14,106 min,"France, Senegal, Belgium",106,0,6,199,1
Chip and Potato,TV Show,2019,TV-Y,2 Seasons,"United Kingdom, Canada",2,1,10,516,0
Crazy people,Movie,2018,TV-MA,107 min,Nigeria,107,0,8,368,1
I Lost My Body,Movie,2019,TV-MA,81 min,France,81,0,8,162,3
Kalushi: The Story of Solomon Mahlangu,Movie,2016,TV-MA,107 min,South Africa,107,0,8,426,1
La Reina del Sur,TV Show,2019,TV-MA,2 Seasons,"Mexico, United States, Spain, Colombia",2,1,8,351,0
Payday,Movie,2018,TV-MA,110 min,Nigeria,110,0,8,368,1
The Accidental Spy,Movie,2017,TV-MA,104 min,Nigeria,104,0,8,368,1
The Island,Movie,2018,TV-14,93 min,Nigeria,93,0,6,368,1
Holiday Rush,Movie,2019,TV-PG,94 min,United States,94,0,9,603,1
Levius,TV Show,2019,TV-14,1 Season,Japan,1,1,6,319,0
Lugar de Mulher,TV Show,2019,TV-MA,1 Season,Brazil,1,1,8,45,0
Merry Happy Whatever,TV Show,2019,TV-PG,1 Season,United States,1,1,9,603,0
Mythomaniac,TV Show,2019,TV-MA,1 Season,France,1,1,8,162,0
Defiance,Movie,2008,R,137 min,United States,137,0,5,603,2
Evvarikee Cheppoddu,Movie,2019,TV-14,134 min,India,134,0,6,251,2
The Body Remembers When the World Broke Open,Movie,2019,TV-MA,106 min,"Canada, Norway",106,0,8,78,1
The Irishman,Movie,2019,R,209 min,United States,209,0,5,603,2
Mike Birbiglia: The New One,Movie,2019,TV-MA,86 min,United States,86,0,8,603,1
Super Monsters Save Christmas,Movie,2019,TV-Y,24 min,United States,24,0,10,603,0
The Crime,TV Show,2015,TV-MA,2 Seasons,Poland,2,1,8,394,0
Zona Rosa,TV Show,2019,TV-MA,1 Season,Mexico,1,1,8,342,0
Pranaam,Movie,2019,TV-14,117 min,India,117,0,6,251,1
What the F* Is Going On?,Movie,2019,TV-MA,87 min,Spain,87,0,8,444,1
Shot Caller,Movie,2017,R,121 min,United States,121,0,5,603,2
Once Upon A Time In Lingjian Mountain,TV Show,2019,TV-14,1 Season,China,1,1,6,105,0
Brother,Movie,2019,TV-MA,97 min,France,97,0,8,162,1
Dolly Parton's Heartstrings,TV Show,2019,TV-14,1 Season,United States,1,1,6,603,0
Girls und Panzer der Film,Movie,2015,TV-MA,121 min,Japan,121,0,8,319,2
Mike Birbiglia: What I Should Have Said Was Nothing: Tales from My Secret Public Journal,Movie,2008,TV-MA,56 min,United States,56,0,8,603,3
Nailed It! Holiday!,TV Show,2019,TV-PG,2 Seasons,United States,2,1,9,603,0
Narcoworld: Dope Stories,TV Show,2019,TV-MA,1 Season,United States,1,1,8,603,0
Nobody's Looking,TV Show,2019,TV-MA,1 Season,Brazil,1,1,8,45,0
Shelby American,Movie,2019,TV-MA,119 min,United States,119,0,8,603,1
Singapore Social,TV Show,2019,TV-MA,1 Season,"Singapore, United States",1,1,8,423,0
The Dragon Prince,TV Show,2019,TV-Y7,3 Seasons,"United States, Canada",3,1,11,621,0
Trolls: The Beat Goes On!,TV Show,2019,TV-Y7,8 Seasons,United States,8,1,11,603,0
The Knight Before Christmas,Movie,2019,TV-14,93 min,United States,93,0,6,603,1
Bangkok Buddies,TV Show,2019,TV-MA,1 Season,Thailand,1,1,8,488,0
"Bikram: Yogi, Guru, Predator",Movie,2019,TV-MA,86 min,United States,86,0,8,603,1
Dorasaani,Movie,2019,TV-14,134 min,India,134,0,6,251,2
Holiday Secrets,TV Show,2019,TV-MA,1 Season,Germany,1,1,8,212,0
"Lorena, Light-Footed Woman",Movie,2019,TV-G,28 min,Mexico,28,0,7,342,0
Mallesham,Movie,2019,TV-14,131 min,India,131,0,6,251,2
Who Killed Little Gregory?,TV Show,2019,TV-MA,1 Season,France,1,1,8,162,0
Iliza Shlesinger: Unveiled,Movie,2019,TV-MA,78 min,United States,78,0,8,603,3
Candy Online,TV Show,2019,TV-MA,1 Season,Taiwan,1,1,8,483,0
Iron Sky: The Coming Race,Movie,2019,TV-MA,93 min,"Finland, Germany, Belgium",93,0,8,159,1
Jeff Dunham: All Over the Map,Movie,2014,TV-MA,84 min,United States,84,0,8,603,3
Suffragette,Movie,2015,PG-13,107 min,"United Kingdom, France",107,0,4,531,1
The Green Inferno,Movie,2013,R,101 min,"United States, Chile",101,0,5,630,1
At the Dolphin Bay,TV Show,2003,TV-14,1 Season,Taiwan,1,1,6,483,0
Earthquake Bird,Movie,2019,R,107 min,"United Kingdom, Japan, United States",107,0,5,564,1
El sendero de la anaconda,Movie,2019,TV-14,74 min,Colombia,74,0,6,121,3
GO! The Unforgettable Party,Movie,2019,TV-PG,60 min,Argentina,60,0,9,2,3
Guna 369,Movie,2019,TV-MA,143 min,India,143,0,8,251,2
House Arrest,Movie,2019,TV-14,105 min,India,105,0,6,251,1
I'm with the Band: Nasty Cherry,TV Show,2019,TV-MA,1 Season,United States,1,1,8,603,0
Inheritors,TV Show,2013,TV-14,1 Season,South Korea,1,1,6,435,0
K-On!,TV Show,2010,TV-PG,2 Seasons,Japan,2,1,9,319,0
K-on! the movie,Movie,2011,TV-PG,110 min,Japan,110,0,9,319,1
Klaus,Movie,2019,PG,98 min,"Spain, United Kingdom",98,0,3,467,1
La Robe De Mariee Des Cieux,TV Show,2004,TV-MA,1 Season,Taiwan,1,1,8,483,0
Llama Llama,TV Show,2019,TV-Y,2 Seasons,United States,2,1,10,603,0
My MVP Valentine,TV Show,2002,TV-PG,1 Season,Taiwan,1,1,9,483,0
My Sassy Girl,TV Show,2017,TV-14,1 Season,South Korea,1,1,6,435,0
SunGanges,Movie,2018,TV-14,74 min,"India, United States",74,0,6,271,3
The Club,TV Show,2019,TV-MA,1 Season,Mexico,1,1,8,342,0
The Garden of Words,Movie,2013,TV-14,46 min,Japan,46,0,6,319,3
The Stranded,TV Show,2019,TV-MA,1 Season,Thailand,1,1,8,488,0
The Toys That Made Us,TV Show,2019,TV-14,3 Seasons,United States,3,1,6,603,0
The Yard,TV Show,2019,TV-MA,2 Seasons,Turkey,2,1,8,492,0
Fadily Camara : La plus drôle de tes copines,Movie,2019,TV-MA,54 min,France,54,0,8,162,3
My Dear Warrior,TV Show,2019,TV-14,1 Season,Thailand,1,1,6,488,0
Maradona in Mexico,TV Show,2020,TV-MA,1 Season,"Argentina, United States, Mexico",1,1,8,11,0
Chief of Staff,TV Show,2019,TV-14,2 Seasons,South Korea,2,1,6,435,0
Jeff Garlin: Our Man In Chicago,Movie,2019,TV-MA,59 min,United States,59,0,8,603,3
A Single Man,Movie,2009,R,100 min,United States,100,0,5,603,1
Put Your Head on My Shoulder,TV Show,2019,TV-14,1 Season,China,1,1,6,105,0
To Be of Service,Movie,2019,TV-MA,88 min,United States,88,0,8,603,1
Little Things,TV Show,2019,TV-MA,3 Seasons,India,3,1,8,251,0
Greatest Events of WWII in Colour,TV Show,2019,TV-14,1 Season,United Kingdom,1,1,6,506,0
Green Eggs and Ham,TV Show,2019,TV-Y7,1 Season,"United Kingdom, Canada, United States",1,1,11,520,0
Let It Snow,Movie,2019,PG-13,93 min,United States,93,0,4,603,1
Paradise Beach,Movie,2019,TV-MA,94 min,France,94,0,8,162,1
Wild District,TV Show,2019,TV-MA,2 Seasons,Colombia,2,1,8,121,0
U Turn,Movie,2016,TV-14,121 min,India,121,0,6,251,2
Burning Cane,Movie,2019,TV-MA,78 min,United States,78,0,8,603,3
SCAMS,TV Show,2019,TV-14,1 Season,Japan,1,1,6,319,0
Shadow,Movie,2018,TV-14,116 min,"China, Hong Kong",116,0,6,108,1
Luccas Neto in: Summer Camp,Movie,2019,TV-G,87 min,Brazil,87,0,7,45,1
Sam & Cat,TV Show,2014,TV-PG,2 Seasons,United States,2,1,9,603,0
Seth Meyers: Lobby Baby,Movie,2019,TV-MA,61 min,United States,61,0,8,603,3
The End of the F***ing World,TV Show,2019,TV-MA,2 Seasons,United Kingdom,2,1,8,506,0
The Lovers,Movie,2017,R,98 min,United States,98,0,5,603,1
Tune in for Love,Movie,2019,TV-MA,123 min,South Korea,123,0,8,435,2
Undercover Brother 2,Movie,2019,R,85 min,United States,85,0,5,603,1
Meet the Adebanjos,TV Show,2016,TV-PG,3 Seasons,United Kingdom,3,1,9,506,0
Minimalism: A Documentary About the Important Things,Movie,2016,TV-14,78 min,United States,78,0,6,603,3
Oththa Seruppu Size 7,Movie,2019,TV-MA,103 min,India,103,0,8,251,1
The Devil Next Door,TV Show,2019,TV-MA,1 Season,United States,1,1,8,603,0
100 Things to do Before High School,Movie,2014,TV-Y,44 min,United States,44,0,10,603,3
A Fairly Odd Summer,Movie,2014,TV-Y7,68 min,United States,68,0,11,603,3
Bella and the Bulldogs,TV Show,2015,TV-G,1 Season,United States,1,1,7,603,0
Big Time Movie,Movie,2012,TV-PG,68 min,"United States, Canada",68,0,9,621,3
Escape from Mr. Lemoncello’s Library,Movie,2017,TV-Y,69 min,United States,69,0,10,603,3
Hey Arnold! The Jungle Movie,Movie,2017,TV-PG,81 min,"United States, South Korea, Japan",81,0,9,709,3
Jinxed,Movie,2013,TV-Y,69 min,"United States, Canada",69,0,10,621,3
LEGENDS OF THE HIDDEN TEMPLE,Movie,2016,TV-PG,68 min,United States,68,0,9,603,3
"Liar, Liar, Vampire",Movie,2015,TV-PG,68 min,United States,68,0,9,603,3
The Boy Who Cried Werewolf,Movie,2010,TV-Y,86 min,"United States, Canada",86,0,10,621,1
The Massively Mixed-Up Middle School Mystery,Movie,2015,TV-Y,40 min,United States,40,0,10,603,3
Victorious,TV Show,2013,TV-G,3 Seasons,United States,3,1,7,603,0
A Remarkable Tale,Movie,2019,TV-MA,94 min,Spain,94,0,8,444,1
A Year In Space,TV Show,2015,TV-PG,1 Season,United States,1,1,9,603,0
Ad Vitam,TV Show,2018,TV-MA,1 Season,France,1,1,8,162,0
American Son,Movie,2019,TV-MA,90 min,United States,90,0,8,603,1
Billy on the Street,TV Show,2016,TV-14,4 Seasons,United States,4,1,6,603,0
Christmas in the Heartland,Movie,2017,TV-PG,112 min,United States,112,0,9,603,1
Christmas Survival,Movie,2018,TV-MA,101 min,United Kingdom,101,0,8,506,1
CLANNAD,TV Show,2008,TV-PG,2 Seasons,Japan,2,1,9,319,0
Drive,Movie,2019,TV-14,119 min,India,119,0,6,251,1
Fire in Paradise,Movie,2019,TV-MA,40 min,United States,40,0,8,603,3
Haikyu!!,TV Show,2015,TV-14,2 Seasons,Japan,2,1,6,319,0
Holiday in the Wild,Movie,2019,TV-PG,86 min,United States,86,0,9,603,1
Holly Star,Movie,2018,PG,92 min,United States,92,0,3,603,1
"Love, Chunibyo & Other Delusions!",TV Show,2014,TV-PG,2 Seasons,Japan,2,1,9,319,0
Maid-Sama!,TV Show,2010,TV-14,1 Season,Japan,1,1,6,319,0
Mobile Suit Gundam: Iron-Blooded Orphans,TV Show,2016,TV-14,2 Seasons,Japan,2,1,6,319,0
Queer Eye: We're in Japan!,TV Show,2019,TV-14,1 Season,"United States, Japan",1,1,6,686,0
Santa Girl,Movie,2019,TV-PG,91 min,United States,91,0,9,603,1
The Boulet Brothers Dragula,TV Show,2019,TV-MA,2 Seasons,United States,2,1,8,603,0
The Deep,TV Show,2019,TV-Y7,3 Seasons,"Canada, Australia",3,1,11,59,0
The King,Movie,2019,R,141 min,"United Kingdom, Hungary, Australia",141,0,5,554,2
The Man Without Gravity,Movie,2019,TV-MA,107 min,"Italy, Belgium",107,0,8,303,1
The Old Thieves: The Legend of Artegios,Movie,2007,TV-MA,97 min,Mexico,97,0,8,342,1
True: Grabbleapple Harvest,Movie,2019,TV-Y,24 min,Canada,24,0,10,58,0
Vientos de agua,TV Show,2006,TV-MA,1 Season,"Argentina, Spain",1,1,8,9,0
We Are the Wave,TV Show,2019,TV-MA,1 Season,Germany,1,1,8,212,0
Zoé: Panoramas,Movie,2016,TV-MA,89 min,Mexico,89,0,8,342,1
Grego Rossello: Disculpe las molestias,Movie,2019,TV-MA,65 min,Argentina,65,0,8,2,3
KENGAN ASHURA,TV Show,2019,TV-MA,2 Seasons,"United States, Japan",2,1,8,686,0
Nowhere Man,TV Show,2019,TV-MA,1 Season,Taiwan,1,1,8,483,0
"Bring It On, Ghost",TV Show,2016,TV-14,1 Season,South Korea,1,1,6,435,0
Mehandi Circus,Movie,2019,TV-MA,126 min,India,126,0,8,251,2
Tomorrow with You,TV Show,2017,TV-14,1 Season,South Korea,1,1,6,435,0
Arsenio Hall: Smart & Classy,Movie,2019,TV-MA,63 min,United States,63,0,8,603,3
Shine On with Reese,TV Show,2018,TV-MA,1 Season,United States,1,1,8,603,0
The Road to El Camino: Behind the Scenes of El Camino: A Breaking Bad Movie,Movie,2019,TV-14,14 min,United States,14,0,6,603,0
A 3 Minute Hug,Movie,2019,TV-PG,28 min,"Mexico, United States",28,0,9,350,0
Little Miss Sumo,Movie,2018,TV-G,20 min,United Kingdom,20,0,7,506,0
"Wait, My Youth",TV Show,2019,TV-PG,1 Season,China,1,1,9,105,0
A Little Thing Called First Love,TV Show,2019,TV-G,1 Season,China,1,1,7,105,0
BoJack Horseman,TV Show,2020,TV-MA,6 Seasons,United States,6,1,8,603,0
Brotherhood,TV Show,2019,TV-MA,1 Season,Brazil,1,1,8,45,0
Consequences,Movie,2014,TV-MA,106 min,Turkey,106,0,8,492,1
Dolemite Is My Name,Movie,2019,R,118 min,United States,118,0,5,603,1
Drug Squad: Costa del Sol,TV Show,2019,TV-MA,1 Season,Spain,1,1,8,444,0
It Takes a Lunatic,Movie,2019,TV-MA,127 min,"United States, United Kingdom, Germany",127,0,8,726,2
Monzón: A Knockout Blow,TV Show,2018,TV-MA,1 Season,Argentina,1,1,8,2,0
Nailed It! France,TV Show,2019,TV-14,1 Season,France,1,1,6,162,0
Nailed It! Spain,TV Show,2019,TV-PG,1 Season,Spain,1,1,9,444,0
Rattlesnake,Movie,2019,TV-MA,86 min,United States,86,0,8,603,1
The Awakening of Motti Wolkenbruch,Movie,2018,TV-MA,94 min,Switzerland,94,0,8,475,1
The Untamed,TV Show,2019,TV-14,1 Season,China,1,1,6,105,0
Daybreak,TV Show,2019,TV-MA,1 Season,United States,1,1,8,603,0
Echo in the Canyon,Movie,2019,PG-13,82 min,United States,82,0,4,603,3
Revenge of the Pontianak,Movie,2019,TV-14,92 min,"Singapore, Malaysia",92,0,6,422,1
"Breakfast, Lunch & Dinner",TV Show,2019,TV-MA,1 Season,United States,1,1,8,603,0
Dancing with the Birds,Movie,2019,TV-PG,52 min,United States,52,0,9,603,3
Master Z: The Ip Man Legacy,Movie,2018,TV-14,108 min,"Hong Kong, China",108,0,6,241,1
Jenny Slate: Stage Fright,Movie,2019,TV-MA,67 min,United States,67,0,8,603,3
Free Fire,Movie,2016,R,91 min,United Kingdom,91,0,5,506,1
The Command,Movie,2018,PG-13,118 min,"France, Belgium, Luxembourg, Romania, Canada, United States",118,0,4,169,1
10 Days in Sun City,Movie,2017,TV-14,87 min,"South Africa, Nigeria",87,0,6,430,1
Eli,Movie,2019,TV-MA,98 min,United States,98,0,8,603,1
Interior Design Masters,TV Show,2019,TV-PG,1 Season,United Kingdom,1,1,9,506,0
Little Baby Bum: Nursery Rhyme Friends,TV Show,2019,TV-Y,2 Seasons,United Kingdom,2,1,10,506,0
"Love, Surreal and Odd",Movie,2017,TV-14,95 min,Turkey,95,0,6,492,1
Mighty Little Bheem: Diwali,TV Show,2019,TV-Y,1 Season,India,1,1,10,251,0
Seventeen,Movie,2019,TV-MA,100 min,Spain,100,0,8,444,1
Spirit Riding Free: Pony Tales,TV Show,2019,TV-Y7,2 Seasons,United States,2,1,11,603,0
Tatu,Movie,2017,TV-MA,101 min,Nigeria,101,0,8,368,1
Tell Me Who I Am,Movie,2019,TV-MA,86 min,United Kingdom,86,0,8,506,1
The Laundromat,Movie,2019,R,96 min,United States,96,0,5,603,1
Toon,TV Show,2017,TV-MA,2 Seasons,Netherlands,2,1,8,354,0
Up North,Movie,2018,TV-14,99 min,Nigeria,99,0,6,368,1
Upstarts,Movie,2019,TV-14,112 min,India,112,0,6,251,1
Verses of Love 2,Movie,2017,TV-14,127 min,Indonesia,127,0,6,272,2
Chosen,TV Show,2019,TV-14,2 Seasons,China,2,1,6,105,0
THE UNLISTED,TV Show,2019,TV-PG,1 Season,Australia,1,1,9,15,0
Another Miss Oh,TV Show,2016,TV-MA,1 Season,South Korea,1,1,8,435,0
Ghosts of Sugar Land,Movie,2019,TV-MA,22 min,United States,22,0,8,603,0
League of Legends Origins,Movie,2019,TV-MA,78 min,United States,78,0,8,603,3
Park Na-rae: Glamour Warning,Movie,2019,TV-MA,63 min,South Korea,63,0,8,435,3
Second 20s,TV Show,2015,TV-14,1 Season,South Korea,1,1,6,435,0
Sinister 2,Movie,2015,R,97 min,"United States, United Kingdom",97,0,5,718,1
The Game Changers,Movie,2018,TV-MA,86 min,United States,86,0,8,603,1
Black Money Love,TV Show,2014,TV-MA,1 Season,Turkey,1,1,8,492,0
"Martin Matte: La vie, la mort...eh la la..!",Movie,2019,TV-14,62 min,Canada,62,0,6,58,3
Street Flow,Movie,2019,TV-MA,96 min,France,96,0,8,162,1
The Lies Within,TV Show,2019,TV-14,1 Season,South Korea,1,1,6,435,0
Bygones Be Bygones,Movie,2017,TV-MA,104 min,Turkey,104,0,8,492,1
El Camino: A Breaking Bad Movie,Movie,2019,TV-MA,123 min,United States,123,0,8,603,2
Fractured,Movie,2019,TV-MA,100 min,United States,100,0,8,603,1
Insatiable,TV Show,2019,TV-MA,2 Seasons,United States,2,1,8,603,0
The Bling Lagosians,Movie,2019,TV-14,99 min,Nigeria,99,0,6,368,1
The Forest of Love,Movie,2019,TV-MA,151 min,Japan,151,0,8,319,2
The Hook Up Plan,TV Show,2020,TV-MA,2 Seasons,France,2,1,8,162,0
The Influence,Movie,2019,TV-MA,102 min,"Spain, France",102,0,8,451,1
Ultramarine Magmell,TV Show,2019,TV-14,1 Season,Japan,1,1,6,319,0
After,Movie,2019,PG-13,106 min,United States,106,0,4,603,1
Home Is Where the Killer Is,Movie,2019,TV-14,87 min,United States,87,0,6,603,1
Rhythm + Flow,TV Show,2019,TV-MA,1 Season,United States,1,1,8,603,0
Deon Cole: Cole Hearted,Movie,2019,TV-MA,70 min,United States,70,0,8,603,3
The Spooky Tale of Captain Underpants Hack-a-ween,Movie,2019,TV-Y7,46 min,United States,46,0,11,603,3
Love for Sale,Movie,2018,TV-14,101 min,Indonesia,101,0,6,272,1
Legend Quest: Masters of Myth,TV Show,2019,TV-Y7,1 Season,Mexico,1,1,11,342,0
My Country: The New Age,TV Show,2019,TV-14,1 Season,South Korea,1,1,6,435,0
Noblemen,Movie,2019,TV-MA,109 min,India,109,0,8,251,1
A Plastic Ocean,Movie,2016,TV-14,100 min,"United Kingdom, Hong Kong",100,0,6,553,1
Brother in Love,Movie,2019,TV-MA,110 min,Turkey,110,0,8,492,1
Creeped Out,TV Show,2019,TV-PG,2 Seasons,"United Kingdom, Canada",2,1,9,516,0
In the Tall Grass,Movie,2019,TV-MA,102 min,"Canada, United States",102,0,8,86,1
Kids on the Block,Movie,2019,TV-PG,102 min,Turkey,102,0,9,492,1
Peaky Blinders,TV Show,2019,TV-MA,5 Seasons,United Kingdom,5,1,8,506,0
Raising Dion,TV Show,2019,TV-PG,1 Season,United States,1,1,9,603,0
Rotten,TV Show,2019,TV-MA,2 Seasons,United States,2,1,8,603,0
Super Monsters: Vida's First Halloween,Movie,2019,TV-Y,24 min,United States,24,0,10,603,0
Seis Manos,TV Show,2019,TV-MA,1 Season,United States,1,1,8,603,0
Living Undocumented,TV Show,2019,TV-MA,1 Season,United States,1,1,8,603,0
Ready to Mingle,Movie,2019,TV-MA,98 min,Mexico,98,0,8,342,1
Salam - The First ****** Nobel Laureate,Movie,2018,TV-PG,76 min,United States,76,0,9,603,3
Cheese in the Trap,TV Show,2016,TV-14,1 Season,South Korea,1,1,6,435,0
Chicago Typewriter,TV Show,2017,TV-14,1 Season,South Korea,1,1,6,435,0
College Romance,TV Show,2018,TV-MA,1 Season,India,1,1,8,251,0
Engineering Girls,TV Show,2018,TV-MA,1 Season,India,1,1,8,251,0
First Kiss,Movie,2018,TV-14,90 min,Netherlands,90,0,6,354,1
Girls Hostel,TV Show,2018,TV-MA,1 Season,India,1,1,8,251,0
Inmates,TV Show,2017,TV-MA,1 Season,India,1,1,8,251,0
Limitless,Movie,2017,TV-PG,59 min,India,59,0,9,251,3
Miniforce X,TV Show,2018,TV-Y7,1 Season,South Korea,1,1,11,435,0
Nikki Glaser: Bangin’,Movie,2019,TV-MA,64 min,United States,64,0,8,603,3
Rugrats in Paris: The Movie,Movie,2000,G,79 min,"Germany, United States",79,0,0,228,3
The K2,TV Show,2016,TV-14,1 Season,South Korea,1,1,6,435,0
The Liar and His Lover,TV Show,2017,TV-PG,1 Season,South Korea,1,1,9,435,0
The Rugrats Movie,Movie,1998,G,81 min,United States,81,0,0,603,3
The Squid and the Whale,Movie,2005,R,81 min,United States,81,0,5,603,3
Gotham,TV Show,2019,TV-MA,5 Seasons,United States,5,1,8,603,0
Mo Gilligan: Momentum,Movie,2019,TV-MA,64 min,United Kingdom,64,0,8,506,3
TUNA GIRL,Movie,2019,TV-PG,90 min,Japan,90,0,9,319,1
Bard of Blood,TV Show,2019,TV-MA,1 Season,India,1,1,8,251,0
Deliha 2,Movie,2018,TV-PG,102 min,Turkey,102,0,9,492,1
El Marginal,TV Show,2019,TV-MA,3 Seasons,Argentina,3,1,8,2,0
In the Shadow of the Moon,Movie,2019,TV-MA,116 min,"United States, Canada",116,0,8,621,1
Sturgill Simpson Presents Sound & Fury,Movie,2019,TV-MA,42 min,United States,42,0,8,603,3
Malaal,Movie,2019,TV-14,133 min,India,133,0,6,251,2
The Grandmaster,Movie,2013,PG-13,108 min,"Hong Kong, China",108,0,4,241,1
The Inmate,TV Show,2018,TV-MA,1 Season,Mexico,1,1,8,342,0
Abstract: The Art of Design,TV Show,2019,TV-14,2 Seasons,United States,2,1,6,603,0
Birders,Movie,2019,TV-G,38 min,"United States, Mexico",38,0,7,690,3
Glitch,TV Show,2019,TV-MA,3 Seasons,Australia,3,1,8,15,0
Inside Man: Most Wanted,Movie,2019,R,106 min,United States,106,0,5,603,1
Jeff Dunham: Beside Himself,Movie,2019,TV-MA,58 min,United States,58,0,8,603,3
Manmadhudu 2,Movie,2019,TV-MA,152 min,India,152,0,8,251,2
Under the Eiffel Tower,Movie,2018,TV-MA,87 min,United States,87,0,8,603,1
Do Paise Ki Dhoop Chaar Aane Ki Baarish,Movie,2009,TV-MA,121 min,India,121,0,8,251,2
Vagabond,TV Show,2019,TV-MA,1 Season,South Korea,1,1,8,435,0
Between Two Ferns: The Movie,Movie,2019,TV-MA,83 min,United States,83,0,8,603,3
Criminal: Germany,TV Show,2019,TV-MA,1 Season,Germany,1,1,8,212,0
Criminal: Spain,TV Show,2019,TV-MA,1 Season,Spain,1,1,8,444,0
Fastest Car,TV Show,2019,TV-MA,2 Seasons,United States,2,1,8,603,0
Inside Bill's Brain: Decoding Bill Gates,TV Show,2019,TV-14,1 Season,United States,1,1,6,603,0
The Hockey Girls,TV Show,2019,TV-MA,1 Season,Spain,1,1,8,444,0
Travel Mates 2,Movie,2018,TV-MA,111 min,Turkey,111,0,8,492,1
True: Tricky Treat Day,Movie,2019,TV-Y,24 min,Canada,24,0,10,58,0
Kabir Singh,Movie,2019,TV-MA,171 min,India,171,0,8,251,2
When the Camellia Blooms,TV Show,2019,TV-14,1 Season,South Korea,1,1,6,435,0
Avengement,Movie,2019,TV-MA,88 min,United Kingdom,88,0,8,506,1
Sebastian Maniscalco: What's Wrong with People?,Movie,2012,TV-MA,76 min,United States,76,0,8,603,3
Los Tigres del Norte at Folsom Prison,Movie,2019,TV-PG,64 min,United States,64,0,9,603,3
Steal a Pencil for Me,Movie,2006,TV-14,94 min,United States,94,0,6,603,1
Surviving R. Kelly,TV Show,2019,TV-MA,1 Season,United States,1,1,8,603,0
Oh! Baby,Movie,2019,TV-14,157 min,India,157,0,6,251,2
The Crystal Calls Making the Dark Crystal: Age of Resistance,Movie,2019,TV-PG,83 min,United States,83,0,9,603,3
"Hello, Privilege. It's Me, Chelsea",Movie,2019,TV-MA,65 min,United States,65,0,8,603,3
Kabaneri of the Iron Fortress: The Battle of Unato,TV Show,2019,TV-MA,1 Season,Japan,1,1,8,319,0
Locked on You,Movie,2018,TV-14,105 min,Turkey,105,0,6,492,1
Marianne,TV Show,2019,TV-MA,1 Season,France,1,1,8,162,0
Shanghai Fortress,Movie,2019,TV-14,107 min,China,107,0,6,105,1
Tall Girl,Movie,2019,TV-PG,103 min,United States,103,0,9,603,1
Unbelievable,TV Show,2019,TV-MA,1 Season,United States,1,1,8,603,0
The I-Land,TV Show,2019,TV-MA,1 Season,United States,1,1,8,603,0
"The Mind, Explained",TV Show,2019,TV-14,1 Season,United States,1,1,6,603,0
Bill Burr: Paper Tiger,Movie,2019,TV-MA,67 min,"United States, United Kingdom",67,0,8,718,3
Evelyn,Movie,2019,TV-MA,96 min,United Kingdom,96,0,8,506,1
Article 15,Movie,2019,TV-MA,125 min,India,125,0,8,251,2
Care of Kancharapalem,Movie,2018,TV-MA,142 min,India,142,0,8,251,2
Ee Nagaraniki Emaindi,Movie,2018,TV-14,133 min,India,133,0,6,251,2
Kill Me If You Dare,Movie,2019,TV-14,100 min,Turkey,100,0,6,492,1
The Spy,TV Show,2019,TV-MA,1 Season,France,1,1,8,162,0
American Factory: A Conversation with the Obamas,Movie,2019,TV-G,10 min,United States,10,0,7,603,0
Saawan,Movie,2016,TV-14,128 min,Pakistan,128,0,6,380,2
Watchman,Movie,2019,TV-14,93 min,India,93,0,6,251,1
Elena,Movie,2012,TV-MA,81 min,"Brazil, United States",81,0,8,51,3
Moving Art,TV Show,2018,TV-G,3 Seasons,United States,3,1,7,603,0
Naruto,TV Show,2006,TV-14,9 Seasons,Japan,9,1,6,319,0
Olmo & the Seagull,Movie,2014,TV-MA,82 min,"Denmark, Brazil, France, Portugal, Sweden",82,0,8,135,3
Serial Killer with Piers Morgan,TV Show,2018,TV-14,1 Season,United Kingdom,1,1,6,506,0
Spookley the Square Pumpkin,Movie,2004,G,47 min,United States,47,0,0,603,3
Uncle Naji in UAE,Movie,2019,TV-14,95 min,United Arab Emirates,95,0,6,499,1
Luo Bao Bei,TV Show,2018,TV-Y,1 Season,"China, United Kingdom",1,1,10,116,0
Feo pero sabroso,Movie,2018,TV-MA,91 min,Colombia,91,0,8,121,1
Mi amigo Alexis,Movie,2019,TV-PG,102 min,Chile,102,0,9,96,1
The Dark Crystal: Age of Resistance,TV Show,2019,TV-PG,1 Season,"United Kingdom, United States",1,1,9,589,0
The Good Bandit,TV Show,2018,TV-MA,1 Season,Colombia,1,1,8,121,0
True and the Rainbow Kingdom,TV Show,2019,TV-Y,3 Seasons,"United States, Canada",3,1,10,621,0
Unbridled,Movie,2018,TV-MA,100 min,Spain,100,0,8,444,1
Falling Inn Love,Movie,2019,TV-PG,98 min,United States,98,0,9,603,1
Kardec,Movie,2019,TV-14,110 min,Brazil,110,0,6,45,1
Travis Scott: Look Mom I Can Fly,Movie,2019,TV-MA,85 min,United States,85,0,8,603,1
Million Pound Menu,TV Show,2019,TV-MA,2 Seasons,United Kingdom,2,1,8,506,0
Dave Chappelle: Sticks & Stones,Movie,2019,TV-MA,66 min,United States,66,0,8,603,3
Drink Drank Drunk,Movie,2016,TV-MA,92 min,Hong Kong,92,0,8,239,1
13 Reasons Why: Beyond the Reasons,TV Show,2019,TV-MA,3 Seasons,United States,3,1,8,603,0
Kaake Da Viyah,Movie,2019,TV-PG,133 min,India,133,0,9,251,2
Marriage Palace,Movie,2018,TV-14,135 min,India,135,0,6,251,2
Mayday Life,Movie,2019,TV-PG,120 min,"China, Taiwan",120,0,9,115,1
Saavat,Movie,2019,TV-14,118 min,India,118,0,6,251,1
American Factory,Movie,2019,TV-14,110 min,United States,110,0,6,603,1
Game Over (Tamil Version),Movie,2019,TV-MA,98 min,"India, Turkey",98,0,8,266,1
Hyperdrive,TV Show,2019,TV-PG,1 Season,United States,1,1,9,603,0
The Girl Allergic to Wi-Fi,Movie,2018,TV-MA,104 min,Philippines,104,0,8,388,1
Our Planet - Behind The Scenes,Movie,2019,TV-G,63 min,United Kingdom,63,0,7,506,3
Simon Amstell: Set Free,Movie,2019,TV-MA,52 min,United Kingdom,52,0,8,506,3
45 rpm,TV Show,2019,TV-MA,1 Season,Spain,1,1,8,444,0
Apache: The Life of Carlos Tevez,TV Show,2019,TV-MA,1 Season,Argentina,1,1,8,2,0
Better Than Us,TV Show,2019,TV-MA,1 Season,Russia,1,1,8,407,0
Diagnosis,TV Show,2019,TV-14,1 Season,United States,1,1,6,603,0
Green Frontier,TV Show,2019,TV-MA,1 Season,Colombia,1,1,8,121,0
Invader Zim: Enter the Florpus,Movie,2019,TV-Y7,72 min,"South Korea, United States",72,0,11,442,3
MINDHUNTER,TV Show,2019,TV-MA,2 Seasons,United States,2,1,8,603,0
Selfless,Movie,2015,PG-13,117 min,United States,117,0,4,603,1
Sextuplets,Movie,2019,TV-14,100 min,United States,100,0,6,603,1
Super Monsters Back to School,Movie,2019,TV-Y,24 min,Canada,24,0,10,58,0
The King's Avatar,TV Show,2019,TV-MA,1 Season,China,1,1,8,105,0
The Little Switzerland,Movie,2019,TV-MA,86 min,Spain,86,0,8,444,1
Victim Number 8,TV Show,2018,TV-MA,1 Season,Spain,1,1,8,444,0
Cannon Busters,TV Show,2019,TV-MA,1 Season,"United States, Japan",1,1,8,686,0
Sacred Games,TV Show,2019,TV-MA,2 Seasons,"India, United States",2,1,8,271,0
Til Death Do Us Part,TV Show,2019,TV-MA,1 Season,Taiwan,1,1,8,483,0
Whindersson Nunes: Adult,Movie,2019,TV-MA,69 min,Brazil,69,0,8,45,3
Uyare,Movie,2019,TV-14,119 min,India,119,0,6,251,1
90 ML,Movie,2019,TV-MA,123 min,India,123,0,8,251,2
Calum von Moger: Unbroken,Movie,2019,TV-MA,93 min,United States,93,0,8,603,1
Hasta los dientes,Movie,2018,TV-MA,109 min,Mexico,109,0,8,342,1
Knightfall,TV Show,2019,TV-MA,2 Seasons,United States,2,1,8,603,0
DC Super Hero Girls,TV Show,2019,TV-Y7,1 Season,United States,1,1,11,603,0
GLOW,TV Show,2019,TV-MA,3 Seasons,United States,3,1,8,603,0
IZombie,TV Show,2019,TV-MA,5 Seasons,United States,5,1,8,603,0
Jaoon Kahan Bata Ae Dil,Movie,2018,TV-MA,107 min,India,107,0,8,251,1
Rocko's Modern Life: Static Cling,Movie,2019,TV-Y7,46 min,United States,46,0,11,603,3
Sintonia,TV Show,2019,TV-MA,1 Season,Brazil,1,1,8,45,0
The Family,TV Show,2019,TV-14,1 Season,United States,1,1,6,603,0
Bad Guys,TV Show,2014,TV-MA,1 Season,South Korea,1,1,8,435,0
Dollar,TV Show,2019,TV-MA,1 Season,Lebanon,1,1,8,328,0
Jane The Virgin,TV Show,2019,TV-14,5 Seasons,United States,5,1,6,603,0
Let's Eat 2,TV Show,2015,TV-MA,1 Season,"Malaysia, Singapore, Hong Kong",1,1,8,339,0
Let’s Eat,TV Show,2013,TV-PG,1 Season,South Korea,1,1,9,435,0
Misaeng,TV Show,2014,TV-MA,1 Season,South Korea,1,1,8,435,0
Oh My Ghost,TV Show,2015,TV-MA,1 Season,South Korea,1,1,8,435,0
Reply 1994,TV Show,2014,TV-MA,1 Season,South Korea,1,1,8,435,0
Reply 1997,TV Show,2012,TV-MA,1 Season,South Korea,1,1,8,435,0
Wu Assassins,TV Show,2019,TV-MA,1 Season,United States,1,1,8,603,0
Badla,Movie,2019,TV-14,117 min,India,117,0,6,251,1
Theo Von: No Offense,Movie,2016,TV-MA,67 min,United States,67,0,8,603,3
Crazy Beautiful You,Movie,2015,TV-14,114 min,Philippines,114,0,6,388,1
I'm Brent Morin,Movie,2015,TV-MA,67 min,United States,67,0,8,603,3
Jim Jefferies : BARE,Movie,2014,TV-MA,77 min,United States,77,0,8,603,3
Screwball,Movie,2018,TV-MA,105 min,United States,105,0,8,603,1
Sebastian Maniscalco: Why Would You Do That,Movie,2016,TV-MA,63 min,United States,63,0,8,603,3
Enter the Anime,Movie,2019,TV-MA,59 min,"United States, Japan",59,0,8,686,3
No Good Nick,TV Show,2019,TV-PG,2 Seasons,United States,2,1,9,603,0
No One Will Ever Know,Movie,2017,TV-MA,102 min,Mexico,102,0,8,342,1
Misfit,Movie,2017,TV-14,81 min,Netherlands,81,0,6,354,3
Basketball or Nothing,TV Show,2019,TV-PG,1 Season,United States,1,1,9,603,0
Otherhood,Movie,2019,R,101 min,"United Kingdom, United States",101,0,5,589,1
Uriyadi 2,Movie,2019,TV-14,116 min,India,116,0,6,251,1
Manu,Movie,2018,TV-14,177 min,India,177,0,6,251,2
Sleepless Society: Nyctophobia,TV Show,2019,TV-MA,1 Season,Thailand,1,1,8,488,0
The Letdown,TV Show,2019,TV-MA,2 Seasons,Australia,2,1,8,15,0
The Red Sea Diving Resort,Movie,2019,TV-MA,130 min,Canada,130,0,8,58,2
Twelve Forever,TV Show,2019,TV-PG,1 Season,United States,1,1,9,603,0
Boi,Movie,2018,TV-MA,111 min,Spain,111,0,8,444,1
Eerie,Movie,2019,TV-14,100 min,"Philippines, Singapore",100,0,6,391,1
Girls With Balls,Movie,2019,TV-MA,77 min,"France, Belgium",77,0,8,165,3
My First First Love,TV Show,2019,TV-14,2 Seasons,South Korea,2,1,6,435,0
The Son,Movie,2019,TV-MA,93 min,Argentina,93,0,8,2,1
Another Life,TV Show,2019,TV-MA,1 Season,United States,1,1,8,603,0
The Great Hack,Movie,2019,TV-MA,114 min,United States,114,0,8,603,1
Beat Bugs,TV Show,2018,TV-Y,3 Seasons,"Australia, Canada",3,1,10,17,0
D.L. Hughley: Contrarian,Movie,2018,TV-MA,58 min,United States,58,0,8,603,3
Demetri Martin: The Overthinker,Movie,2018,TV-MA,56 min,United States,56,0,8,603,3
The Beast Stalker,Movie,2008,TV-14,110 min,Hong Kong,110,0,6,239,1
The Midas Touch,Movie,2013,TV-14,98 min,Hong Kong,98,0,6,239,1
The Twins Effect II,Movie,2004,TV-14,106 min,"Hong Kong, China",106,0,6,241,1
Twins Mission,Movie,2007,TV-MA,102 min,"Hong Kong, China",102,0,8,241,1
Sexy Central,TV Show,2019,TV-MA,1 Season,Hong Kong,1,1,8,239,0
"¡Ay, mi madre!",Movie,2019,TV-MA,81 min,Spain,81,0,8,444,3
Comedians in Cars Getting Coffee,TV Show,2019,TV-14,6 Seasons,United States,6,1,6,603,0
The Epic Tales of Captain Underpants,TV Show,2019,TV-Y7,3 Seasons,United States,3,1,11,603,0
Typewriter,TV Show,2019,TV-MA,1 Season,India,1,1,8,251,0
Rookie Historian Goo Hae-Ryung,TV Show,2019,TV-14,1 Season,South Korea,1,1,6,435,0
Secret Obsession,Movie,2019,TV-14,98 min,United States,98,0,6,603,1
Mauli,Movie,2018,TV-14,136 min,India,136,0,6,251,2
Pinky Malinky,TV Show,2019,TV-Y7,3 Seasons,United States,3,1,11,603,0
Unrequited Love,TV Show,2019,TV-14,1 Season,China,1,1,6,105,0
Bogda,Movie,2018,TV-PG,161 min,India,161,0,9,251,2
"Frankenstein’s Monster’s Monster, Frankenstein",Movie,2019,TV-14,32 min,United States,32,0,6,603,0
Angel Beats!,TV Show,2010,TV-PG,1 Season,Japan,1,1,9,319,0
Anohana: The Flower We Saw That Day,TV Show,2011,TV-14,1 Season,Japan,1,1,6,319,0
God Eater,TV Show,2015,TV-14,1 Season,Japan,1,1,6,319,0
GRANBLUE FANTASY the Animation,TV Show,2017,TV-PG,1 Season,Japan,1,1,9,319,0
3Below: Tales of Arcadia,TV Show,2019,TV-Y7,2 Seasons,United States,2,1,11,603,0
4L,Movie,2019,TV-MA,105 min,Spain,105,0,8,444,1
Bonus Family,TV Show,2019,TV-MA,3 Seasons,Sweden,3,1,8,470,0
Cities of Last Things,Movie,2018,TV-MA,106 min,"Taiwan, China, France, United States",106,0,8,485,1
Kidnapping Stella,Movie,2019,TV-MA,90 min,Germany,90,0,8,212,1
One Spring Night,TV Show,2019,TV-14,1 Season,South Korea,1,1,6,435,0
Point Blank,Movie,2019,TV-MA,87 min,"France, United States",87,0,8,206,1
The Milk System,Movie,2017,TV-14,91 min,"Germany, Italy",91,0,6,223,1
Parchís: the Documentary,Movie,2019,TV-14,106 min,Spain,106,0,6,444,1
Aziz Ansari: RIGHT NOW,Movie,2019,TV-MA,65 min,United States,65,0,8,603,3
Free Rein,TV Show,2019,TV-G,3 Seasons,United States,3,1,7,603,0
"River, el más grande siempre",Movie,2019,TV-G,105 min,Argentina,105,0,7,2,1
The Legend of White Snake,TV Show,2019,TV-14,1 Season,China,1,1,6,105,0
Cristina,Movie,2016,TV-14,40 min,United States,40,0,6,603,3
Stranger Things,TV Show,2019,TV-14,3 Seasons,United States,3,1,6,603,0
The Last Czars,TV Show,2019,TV-MA,1 Season,United States,1,1,8,603,0
Yummy Mummies,TV Show,2019,TV-MA,2 Seasons,Australia,2,1,8,15,0
Bangkok Love Stories: Objects of Affection,TV Show,2019,TV-14,1 Season,Thailand,1,1,6,488,0
Bangkok Love Stories: Plead,TV Show,2019,TV-14,1 Season,Thailand,1,1,6,488,0
Designated Survivor: 60 Days,TV Show,2019,TV-14,1 Season,South Korea,1,1,6,435,0
DreamWorks Kung Fu Panda Awesome Secrets,TV Show,2008,TV-PG,1 Season,United States,1,1,9,603,0
Hatchimals | Adventures in Hatchtopia,TV Show,2018,TV-Y,2 Seasons,United States,2,1,10,603,0
Katherine Ryan: Glitter Room,Movie,2019,TV-MA,66 min,United States,66,0,8,603,3
Molang,TV Show,2015,TV-Y,1 Season,France,1,1,10,162,0
Rabbids Invasion,TV Show,2018,TV-Y7,1 Season,France,1,1,11,162,0
Record of Grancrest War,TV Show,2018,TV-MA,1 Season,Japan,1,1,8,319,0
War Against Women,Movie,2013,TV-MA,61 min,"United States, Spain",61,0,8,710,3
Inhuman Kiss,Movie,2019,TV-MA,122 min,Thailand,122,0,8,488,2
Romeo Akbar Walter,Movie,2019,TV-14,141 min,India,141,0,6,251,2
Scare Tactics,TV Show,2011,TV-MA,2 Seasons,United States,2,1,8,603,0
Super Deluxe,Movie,2019,TV-MA,176 min,India,176,0,8,251,2
Dope,TV Show,2019,TV-MA,3 Seasons,United States,3,1,8,603,0
El testigo,Movie,2018,TV-14,73 min,"Colombia, Peru, United Kingdom",73,0,6,124,3
Exhibit A,TV Show,2019,TV-MA,1 Season,United States,1,1,8,603,0
Instant Hotel,TV Show,2019,TV-MA,2 Seasons,Australia,2,1,8,15,0
La Leyenda del Diamante,Movie,2017,TV-MA,87 min,Mexico,87,0,8,342,1
Motown Magic,TV Show,2019,TV-Y,2 Seasons,"Australia, United States",2,1,10,30,0
Paquita Salas,TV Show,2018,TV-MA,3 Seasons,Spain,3,1,8,444,0
ANIMA,Movie,2019,TV-PG,15 min,United Kingdom,15,0,9,506,0
Daniel Sosa: Maleducado,Movie,2019,TV-MA,55 min,Mexico,55,0,8,342,3
Hikaru Utada Laughter in the Dark Tour 2018,Movie,2018,TV-PG,141 min,Japan,141,0,9,319,2
Kahaani,Movie,2012,TV-14,122 min,India,122,0,6,251,2
Unbroken,Movie,2019,TV-14,109 min,India,109,0,6,251,1
Mike Epps: Only One Mike,Movie,2019,TV-MA,63 min,United States,63,0,8,603,3
Forest of Piano,TV Show,2019,TV-14,2 Seasons,Japan,2,1,6,319,0
Triple Threat,Movie,2019,R,96 min,"Thailand, China, United States",96,0,5,490,1
Blood Will Tell,Movie,2019,TV-MA,113 min,"Argentina, United States",113,0,8,10,1
Bolívar,TV Show,2019,TV-MA,1 Season,Colombia,1,1,8,121,0
EVANGELION: DEATH (TRUE)²,Movie,1998,TV-MA,69 min,Japan,69,0,8,319,3
Girls Incarcerated,TV Show,2019,TV-MA,2 Seasons,United States,2,1,8,603,0
Go! Live Your Way,TV Show,2019,TV-PG,2 Seasons,Argentina,2,1,9,2,0
Magi: The Labyrinth of Magic,TV Show,2013,TV-MA,2 Seasons,Japan,2,1,8,319,0
Neon Genesis Evangelion,TV Show,1995,TV-MA,1 Season,Japan,1,1,8,319,0
Shooter,TV Show,2018,TV-14,3 Seasons,United States,3,1,6,603,0
The Casketeers,TV Show,2019,TV-14,2 Seasons,New Zealand,2,1,6,363,0
The Confession Tapes,TV Show,2019,TV-MA,2 Seasons,United States,2,1,8,603,0
The End of Evangelion,Movie,1997,TV-MA,87 min,Japan,87,0,8,319,1
Rakkhosh,Movie,2019,TV-MA,116 min,India,116,0,8,251,1
The Wolf's Call,Movie,2019,TV-14,116 min,France,116,0,6,162,1
Beats,Movie,2019,TV-MA,110 min,United States,110,0,8,603,1
The Edge of Democracy,Movie,2019,TV-14,122 min,Brazil,122,0,6,45,2
Adam Devine: Best Time of Our Lives,Movie,2019,TV-MA,59 min,United States,59,0,8,603,3
Cop Car,Movie,2015,R,88 min,United States,88,0,5,603,1
Right Here Right Now,Movie,2018,TV-MA,91 min,Germany,91,0,8,212,1
Fate/Zero,TV Show,2012,TV-MA,2 Seasons,Japan,2,1,8,319,0
Kill la Kill,TV Show,2014,TV-MA,1 Season,Japan,1,1,8,319,0
Life Overtakes Me,Movie,2019,TV-PG,40 min,"Sweden, United States",40,0,9,474,3
Luckee,Movie,2019,TV-14,113 min,India,113,0,6,251,1
Pihu,Movie,2018,TV-14,90 min,India,90,0,6,251,1
Puella Magi Madoka Magica,TV Show,2011,TV-14,1 Season,Japan,1,1,6,319,0
Somewhere Only We Know,TV Show,2019,TV-MA,1 Season,China,1,1,8,105,0
The Alcàsser Murders,TV Show,2019,TV-MA,1 Season,Spain,1,1,8,444,0
Unit 42,TV Show,2017,TV-MA,1 Season,Belgium,1,1,8,38,0
Awake: The Million Dollar Game,TV Show,2019,TV-PG,1 Season,United States,1,1,9,603,0
Black Spot,TV Show,2019,TV-MA,2 Seasons,"France, Belgium",2,1,8,165,0
DJ Cinderella,Movie,2019,TV-PG,95 min,Brazil,95,0,9,45,1
Girlfriends' Guide to Divorce,TV Show,2019,TV-MA,5 Seasons,United States,5,1,8,603,0
Leila,TV Show,2019,TV-MA,1 Season,India,1,1,8,251,0
Marlon,TV Show,2018,TV-14,2 Seasons,United States,2,1,6,603,0
Marvel's Jessica Jones,TV Show,2019,TV-MA,3 Seasons,United States,3,1,8,603,0
Murder Mystery,Movie,2019,PG-13,98 min,United States,98,0,4,603,1
Yankee,TV Show,2019,TV-MA,1 Season,Mexico,1,1,8,342,0
Jinn,TV Show,2019,TV-MA,1 Season,Jordan,1,1,8,323,0
Oprah Presents When They See Us Now,Movie,2019,TV-PG,61 min,United States,61,0,9,603,3
The 3rd Eye 2,Movie,2019,TV-MA,117 min,Indonesia,117,0,8,272,1
Jo Koy: Comin' In Hot,Movie,2019,TV-MA,60 min,United States,60,0,8,603,3
Rolling Thunder Revue: A Bob Dylan Story by Martin Scorsese,Movie,2019,TV-MA,142 min,United States,142,0,8,603,2
Upin & Ipin,TV Show,2011,TV-Y,1 Season,Malaysia,1,1,10,338,0
Belmonte,Movie,2018,TV-MA,74 min,"Uruguay, Spain, Mexico",74,0,8,742,3
Designated Survivor,TV Show,2019,TV-MA,3 Seasons,United States,3,1,8,603,0
Elisa & Marcela,Movie,2019,TV-MA,119 min,Spain,119,0,8,444,1
I Am Mother,Movie,2019,TV-PG,114 min,Australia,114,0,9,15,1
Luka Chuppi,Movie,2019,TV-PG,125 min,India,125,0,9,251,2
Pachamama,Movie,2019,PG,71 min,"France, Luxembourg, Canada",71,0,3,190,3
Rock My Heart,Movie,2019,TV-PG,110 min,Germany,110,0,9,212,1
Stree,Movie,2018,TV-MA,127 min,India,127,0,8,251,2
Super Monsters Monster Pets,TV Show,2019,TV-Y,1 Season,United States,1,1,10,603,0
Tales of the City,TV Show,2019,TV-MA,1 Season,United States,1,1,8,603,0
The Black Godfather,Movie,2019,TV-MA,118 min,United States,118,0,8,603,1
Alles ist gut,Movie,2019,TV-MA,90 min,Germany,90,0,8,212,1
A Silent Voice,Movie,2016,TV-14,130 min,Japan,130,0,6,319,2
Black Mirror,TV Show,2019,TV-MA,5 Seasons,United Kingdom,5,1,8,506,0
Cosmos Laundromat: First Cycle,Movie,2015,TV-MA,12 min,Netherlands,12,0,8,354,0
Miranda Sings Live…Your Welcome,Movie,2019,TV-14,62 min,United States,62,0,6,603,3
Silent,Movie,2014,TV-Y,3 min,United States,3,0,10,603,0
Documentary Now!,TV Show,2019,TV-14,3 Seasons,United States,3,1,6,603,0
Malibu Rescue: The Series,TV Show,2019,TV-G,1 Season,United States,1,1,7,603,0
Arthdal Chronicles,TV Show,2019,TV-MA,1 Season,South Korea,1,1,8,435,0
Krutant,Movie,2019,TV-14,114 min,India,114,0,6,251,1
A Thousand Goodnights,TV Show,2019,TV-14,1 Season,Taiwan,1,1,6,483,0
III Smoking Barrels,Movie,2017,TV-MA,128 min,India,128,0,8,251,2
March Comes in Like a Lion,TV Show,2017,TV-14,2 Seasons,Japan,2,1,6,319,0
"Oh, Ramona!",Movie,2019,TV-MA,109 min,Romania,109,0,8,402,1
We Are Legends,Movie,2019,TV-14,109 min,Hong Kong,109,0,6,239,1
Bad Blood,TV Show,2019,TV-MA,2 Seasons,Canada,2,1,8,58,0
Chopsticks,Movie,2019,TV-MA,101 min,India,101,0,8,251,1
Mere Pyare Prime Minister,Movie,2019,TV-MA,103 min,India,103,0,8,251,1
Pegasus,Movie,2019,TV-MA,98 min,China,98,0,8,105,1
When They See Us,TV Show,2019,TV-MA,1 Season,United States,1,1,8,603,0
Svaha: The Sixth Finger,Movie,2019,TV-MA,123 min,South Korea,123,0,8,435,2
Historical Roasts,TV Show,2019,TV-MA,1 Season,United States,1,1,8,603,0
After Maria,Movie,2019,TV-PG,38 min,United States,38,0,9,603,3
Joy,Movie,2019,TV-MA,101 min,Austria,101,0,8,31,1
Rim of the World,Movie,2019,TV-14,99 min,United States,99,0,6,603,1
She's Gotta Have It,TV Show,2018,TV-MA,2 Seasons,United States,2,1,8,603,0
The Perfection,Movie,2019,TV-MA,91 min,United States,91,0,8,603,1
WHAT / IF,TV Show,2019,TV-MA,1 Season,United States,1,1,8,603,0
A Tale of Two Kitchens,Movie,2019,TV-PG,30 min,"United States, Mexico",30,0,9,690,0
The Man Who Feels No Pain,Movie,2018,TV-14,137 min,India,137,0,6,251,2
Wanda Sykes: Not Normal,Movie,2019,TV-MA,66 min,United States,66,0,8,603,3
Prince of Peoria,TV Show,2019,TV-G,2 Seasons,United States,2,1,7,603,0
Rosario Tijeras,TV Show,2018,TV-MA,2 Seasons,Mexico,2,1,8,342,0
1994,TV Show,2019,TV-MA,1 Season,Mexico,1,1,8,342,0
Born in Gaza,Movie,2014,TV-14,70 min,Spain,70,0,6,444,3
Born in Syria,Movie,2016,TV-14,87 min,"Denmark, Spain",87,0,6,144,1
Dying to Tell,Movie,2018,TV-MA,88 min,Spain,88,0,8,444,1
It's Bruno!,TV Show,2019,TV-MA,1 Season,United States,1,1,8,603,0
Maria,Movie,2019,TV-MA,90 min,Philippines,90,0,8,388,1
Saverio Raimondo: Il Satiro Parlante,Movie,2019,TV-MA,53 min,Italy,53,0,8,302,3
See You Yesterday,Movie,2019,TV-MA,87 min,United States,87,0,8,603,1
White Gold,TV Show,2019,TV-MA,2 Seasons,United Kingdom,2,1,8,506,0
Good Sam,Movie,2019,TV-PG,90 min,United States,90,0,9,603,1
Jonaki,Movie,2018,TV-MA,96 min,India,96,0,8,251,1
PATRICK (2019),Movie,2019,TV-PG,94 min,United Kingdom,94,0,9,506,1
Dennis and Gnasher Unleashed,TV Show,2017,TV-Y,1 Season,United Kingdom,1,1,10,506,0
Hamid,Movie,2018,TV-MA,108 min,India,108,0,8,251,1
"Heidi, bienvenida a casa",TV Show,2017,TV-Y,1 Season,Argentina,1,1,10,2,0
Backdraft 2,Movie,2019,R,102 min,United States,102,0,5,603,1
Revisions,TV Show,2018,TV-14,1 Season,Japan,1,1,6,319,0
Still LAUGH-IN: The Stars Celebrate,Movie,2019,TV-MA,61 min,United States,61,0,8,603,3
Weed the People,Movie,2018,TV-MA,94 min,United States,94,0,8,603,1
Malibu Rescue,Movie,2019,TV-G,70 min,United States,70,0,7,603,3
Merata: How Mum Decolonised the Screen,Movie,2018,TV-14,88 min,New Zealand,88,0,6,363,1
The Defected,TV Show,2019,TV-14,1 Season,"China, Hong Kong",1,1,6,108,0
Dry Martina,Movie,2018,TV-MA,100 min,"Chile, Argentina",100,0,8,97,1
Shéhérazade,Movie,2019,TV-MA,111 min,France,111,0,8,162,1
The Great Magician,Movie,2011,TV-14,128 min,"Hong Kong, China",128,0,6,241,2
Easy,TV Show,2019,TV-MA,3 Seasons,United States,3,1,8,603,0
In Family I Trust,Movie,2018,TV-MA,98 min,Spain,98,0,8,444,1
The Mechanism,TV Show,2019,TV-MA,2 Seasons,Brazil,2,1,8,45,0
The Princess Weiyoung,TV Show,2016,TV-14,1 Season,China,1,1,6,105,0
The Society,TV Show,2019,TV-MA,1 Season,United States,1,1,8,603,0
Wine Country,Movie,2019,R,104 min,United States,104,0,5,603,1
Gatao 2: Rise of the King,Movie,2018,TV-MA,126 min,Taiwan,126,0,8,483,2
Abyss,TV Show,2019,TV-14,1 Season,South Korea,1,1,6,435,0
In the Bosom of a Thorn,TV Show,2019,TV-14,1 Season,Kuwait,1,1,6,326,0
The Writer,TV Show,2019,TV-14,1 Season,Lebanon,1,1,6,328,0
Last Breath,Movie,2019,TV-MA,86 min,"United Kingdom, Belgium, Sweden",86,0,8,514,1
The Wandering Earth,Movie,2019,TV-MA,125 min,China,125,0,8,105,2
All In My Family,Movie,2019,TV-14,40 min,United States,40,0,6,603,3
Crime Diaries: Night Out,TV Show,2019,TV-MA,1 Season,Mexico,1,1,8,342,0
Cupcake & Dino - General Services,TV Show,2019,TV-Y7,2 Seasons,"Canada, Brazil",2,1,11,61,0
Despite Everything,Movie,2019,TV-MA,79 min,Spain,79,0,8,444,3
"Extremely Wicked, Shockingly Evil and Vile",Movie,2019,R,110 min,United States,110,0,5,603,1
Flinch,TV Show,2019,TV-PG,1 Season,United Kingdom,1,1,9,506,0
Jo Pil-ho: The Dawning Rage,Movie,2018,TV-MA,128 min,South Korea,128,0,8,435,2
The Last Summer,Movie,2019,TV-14,110 min,United States,110,0,6,603,1
Tuca & Bertie,TV Show,2019,TV-MA,1 Season,United States,1,1,8,603,0
Laatu,Movie,2018,TV-PG,116 min,India,116,0,9,251,1
Olympus Has Fallen,Movie,2013,R,119 min,United States,119,0,5,603,1
Code Geass: Lelouch of the Rebellion,TV Show,2008,TV-MA,2 Seasons,Japan,2,1,8,319,0
John & Yoko: Above Us Only Sky,Movie,2018,TV-MA,90 min,United Kingdom,90,0,8,506,1
Knock Down The House,Movie,2019,PG,88 min,United States,88,0,3,603,1
Munafik 2,Movie,2018,TV-MA,104 min,Malaysia,104,0,8,338,1
Sur Sapata,Movie,2019,TV-14,140 min,India,140,0,6,251,2
A Home with A View,Movie,2019,TV-MA,92 min,Hong Kong,92,0,8,239,1
Angel 'N' Devil,TV Show,2014,TV-14,1 Season,Taiwan,1,1,6,483,0
Anthony Jeselnik: Fire in the Maternity Ward,Movie,2019,TV-MA,64 min,United States,64,0,8,603,3
Hong Kong West Side Stories,TV Show,2018,TV-MA,1 Season,Hong Kong,1,1,8,239,0
Ingress: The Animation,TV Show,2018,TV-MA,1 Season,Japan,1,1,8,319,0
K.O.3an Guo,TV Show,2009,TV-14,1 Season,Taiwan,1,1,6,483,0
The Outsiders,TV Show,2004,TV-MA,1 Season,Taiwan,1,1,8,483,0
Ash vs. Evil Dead,TV Show,2018,TV-MA,3 Seasons,United States,3,1,8,603,0
Teen Aur Aadha,Movie,2018,TV-MA,119 min,India,119,0,8,251,1
Señora Acero,TV Show,2018,TV-MA,5 Seasons,"Mexico, United States",5,1,8,350,0
Chambers,TV Show,2019,TV-MA,1 Season,United States,1,1,8,603,0
Loving is Losing,Movie,2019,TV-MA,91 min,Colombia,91,0,8,121,1
Money Trap,Movie,2019,TV-MA,122 min,Turkey,122,0,8,492,2
Njan Prakashan,Movie,2018,TV-PG,125 min,India,125,0,9,251,2
ReMastered: Devil at the Crossroads,Movie,2019,TV-14,49 min,United States,49,0,6,603,3
Street Food,TV Show,2019,TV-PG,1 Season,United States,1,1,9,603,0
A Fortunate Man,Movie,2018,TV-MA,168 min,Denmark,168,0,8,134,2
KO One,TV Show,2005,TV-MA,1 Season,Taiwan,1,1,8,483,0
Lunatics,TV Show,2019,TV-MA,1 Season,Australia,1,1,8,15,0
Music Teacher,Movie,2019,TV-14,102 min,India,102,0,6,251,1
My Dear Boy,TV Show,2017,TV-MA,1 Season,Taiwan,1,1,8,483,0
Rilakkuma and Kaoru,TV Show,2019,TV-PG,1 Season,"Japan, United States",1,1,9,322,0
Samantha!,TV Show,2019,TV-MA,2 Seasons,Brazil,2,1,8,45,0
Someone Great,Movie,2019,R,92 min,United States,92,0,5,603,1
The Ruthless,Movie,2019,TV-MA,111 min,"Italy, France",111,0,8,306,1
A Little Chaos,Movie,2014,R,113 min,United Kingdom,113,0,5,506,1
Franco Escamilla: Bienvenido al mundo,Movie,2019,TV-MA,54 min,Mexico,54,0,8,342,3
About Time,Movie,2013,R,123 min,United Kingdom,123,0,5,506,2
Bollywood Calling,Movie,2001,TV-MA,102 min,India,102,0,8,251,1
Ek Khiladi Ek Haseena,Movie,2005,TV-14,141 min,India,141,0,6,251,2
Generation Iron 3,Movie,2018,TV-MA,95 min,United States,95,0,8,603,1
Hazaaron Khwaishein Aisi,Movie,2003,TV-MA,111 min,"India, France",111,0,8,254,1
Jhankaar Beats,Movie,2003,TV-14,131 min,India,131,0,6,251,2
Mumbai Matinee,Movie,2003,TV-14,116 min,India,116,0,6,251,1
Rainbow Jelly,Movie,2018,TV-14,119 min,India,119,0,6,251,1
Shabd,Movie,2005,TV-14,146 min,India,146,0,6,251,2
Shortcut Safari,Movie,2016,TV-PG,101 min,India,101,0,9,251,1
Thriller,Movie,2018,TV-MA,87 min,United States,87,0,8,603,1
Crazy Ex-Girlfriend,TV Show,2019,TV-MA,4 Seasons,United States,4,1,8,603,0
Who Would You Take to a Deserted Island?,Movie,2019,TV-MA,94 min,Spain,94,0,8,444,1
Dabbe 5: Zehr-i Cin,Movie,2014,TV-MA,133 min,Turkey,133,0,8,492,2
Dabbe: The Possession,Movie,2013,TV-MA,135 min,Turkey,135,0,8,492,2
Francesco De Carlo: Cose di Questo Mondo,Movie,2019,TV-MA,61 min,Italy,61,0,8,302,3
Huge in France,TV Show,2019,TV-MA,1 Season,United States,1,1,8,603,0
The Perfect Date,Movie,2019,TV-14,91 min,United States,91,0,6,603,1
New Girl,TV Show,2018,TV-14,7 Seasons,United States,7,1,6,603,0
Persona,TV Show,2019,TV-MA,1 Season,South Korea,1,1,8,435,0
Liss Pereira: Reteniendo líquidos,Movie,2019,TV-14,59 min,Brazil,59,0,6,45,3
The Silence,Movie,2019,PG-13,91 min,"Canada, Germany",91,0,4,65,1
You vs. Wild,TV Show,2019,TV-PG,1 Season,United States,1,1,9,603,0
Sarvam Thaala Mayam (Telugu Version),Movie,2018,TV-14,131 min,India,131,0,6,251,2
Time: The Kalief Browder Story,TV Show,2017,TV-MA,1 Season,United States,1,1,8,603,0
Alien Warfare,Movie,2019,TV-MA,88 min,United States,88,0,8,603,1
Derek,TV Show,2015,TV-MA,3 Seasons,United Kingdom,3,1,8,506,0
Imposters,TV Show,2017,TV-MA,2 Seasons,United States,2,1,8,603,0
Our Planet,TV Show,2019,TV-PG,1 Season,"United States, United Kingdom",1,1,9,718,0
Petta,Movie,2019,TV-14,170 min,India,170,0,6,251,2
Quicksand,TV Show,2019,TV-MA,1 Season,Sweden,1,1,8,470,0
Rimba Racer,TV Show,2017,TV-PG,1 Season,Malaysia,1,1,9,338,0
Roman Empire: Reign of Blood,TV Show,2019,TV-MA,3 Seasons,"Canada, United States",3,1,8,86,0
Spirit: Riding Free,TV Show,2019,TV-Y7,8 Seasons,United States,8,1,11,603,0
Tijuana,TV Show,2019,TV-MA,1 Season,Mexico,1,1,8,342,0
Unicorn Store,Movie,2019,TV-14,92 min,United States,92,0,6,603,1
Possessed,TV Show,2019,TV-MA,1 Season,South Korea,1,1,8,435,0
Suzzanna: Buried Alive,Movie,2018,TV-MA,126 min,Indonesia,126,0,8,272,2
Tango,TV Show,2018,TV-14,1 Season,Lebanon,1,1,6,328,0
Ek Ladki Ko Dekha Toh Aisa Laga,Movie,2019,TV-14,120 min,India,120,0,6,251,1
Jagat,Movie,2015,TV-MA,76 min,Malaysia,76,0,8,338,3
Kevin Hart: Irresponsible,Movie,2019,TV-MA,60 min,United States,60,0,8,603,3
Love O2O,Movie,2016,TV-14,103 min,China,103,0,6,105,1
Pinky Memsaab,Movie,2018,TV-MA,124 min,"Pakistan, United Arab Emirates",124,0,8,382,2
"That Winter, the Wind Blows",TV Show,2013,TV-MA,1 Season,South Korea,1,1,8,435,0
The Trap,Movie,2017,TV-MA,91 min,United States,91,0,8,603,1
Ultraman,TV Show,2019,TV-14,1 Season,"United States, Japan",1,1,6,686,0
Mercy Black,Movie,2019,TV-14,88 min,United States,88,0,6,603,1
The Burial of Kojo,Movie,2018,TV-14,81 min,"Ghana, United States",81,0,6,236,3
Pablo,TV Show,2017,TV-Y,1 Season,United Kingdom,1,1,10,506,0
15 August,Movie,2019,TV-14,124 min,India,124,0,6,251,2
Bayonet,Movie,2019,TV-MA,102 min,"Mexico, Finland",102,0,8,345,1
Osmosis,TV Show,2019,TV-MA,1 Season,France,1,1,8,162,0
Santa Clarita Diet,TV Show,2019,TV-MA,3 Seasons,United States,3,1,8,603,0
The Highwaymen,Movie,2019,R,132 min,United States,132,0,5,603,2
The Legend of Cocaine Island,Movie,2019,TV-MA,87 min,United States,87,0,8,603,1
Traitors,TV Show,2019,TV-MA,1 Season,United Kingdom,1,1,8,506,0
Versailles,TV Show,2018,TV-MA,3 Seasons,"France, Canada",3,1,8,173,0
Ainori Love Wagon: Asian Journey,TV Show,2018,TV-MA,2 Seasons,Japan,2,1,8,319,0
Danur: I Can See Ghosts,Movie,2017,TV-MA,75 min,Indonesia,75,0,8,272,3
Verses of Love,Movie,2008,TV-PG,126 min,Indonesia,126,0,9,272,2
Nate Bargatze: The Tennessee Kid,Movie,2019,TV-PG,61 min,United States,61,0,9,603,3
Sei,Movie,2018,TV-14,126 min,India,126,0,6,251,2
Superlopez,Movie,2018,TV-MA,108 min,Spain,108,0,8,444,1
Oversize Cops,Movie,2017,TV-MA,100 min,Thailand,100,0,8,488,1
Charlie's Colorforms City,TV Show,2019,TV-Y,1 Season,United States,1,1,10,603,0
Crime Diaries: The Candidate,TV Show,2019,TV-MA,1 Season,Mexico,1,1,8,342,0
Delhi Crime,TV Show,2019,TV-MA,1 Season,India,1,1,8,251,0
Mirage,Movie,2018,TV-MA,129 min,Spain,129,0,8,444,2
ReMastered: The Miami Showband Massacre,Movie,2019,TV-MA,71 min,United States,71,0,8,603,3
The Dirt,Movie,2019,TV-MA,108 min,United States,108,0,8,603,1
The OA,TV Show,2019,TV-MA,2 Seasons,United States,2,1,8,603,0
Bo on the Go!,TV Show,2007,TV-Y,1 Season,Canada,1,1,10,58,0
Stay Tuned!,TV Show,2019,TV-14,1 Season,Japan,1,1,6,319,0
The Amazing Praybeyt Benjamin,Movie,2014,TV-14,105 min,Philippines,105,0,6,388,1
The Super Parental Guardians,Movie,2016,TV-14,115 min,Philippines,115,0,6,388,1
The Third Party,Movie,2016,TV-MA,118 min,Philippines,118,0,8,388,1
The Unmarried Wife,Movie,2016,TV-MA,130 min,Philippines,130,0,8,388,2
Vince and Kath and James,Movie,2016,TV-PG,115 min,Philippines,115,0,9,388,1
Alexis Viera: A Story of Surviving,Movie,2019,TV-MA,69 min,Uruguay,69,0,8,736,3
Imago,Movie,2018,TV-PG,97 min,India,97,0,9,251,1
My Husband Won't Fit,TV Show,2019,TV-MA,1 Season,Japan,1,1,8,319,0
Amy Schumer Growing,Movie,2019,TV-MA,61 min,United States,61,0,8,603,3
5 Flights Up,Movie,2014,PG-13,92 min,United States,92,0,4,603,1
Green Door,TV Show,2019,TV-MA,1 Season,Taiwan,1,1,8,483,0
Bombairiya,Movie,2018,TV-MA,108 min,"United Arab Emirates, United Kingdom, India",108,0,8,503,1
Burn Out,Movie,2017,TV-MA,104 min,"France, Belgium",104,0,8,165,1
Edoardo Ferrario: Temi Caldi,Movie,2019,TV-MA,65 min,Italy,65,0,8,302,3
Girl,Movie,2018,R,106 min,"Netherlands, Belgium",106,0,5,355,1
If I Hadn't Met You,TV Show,2018,TV-MA,1 Season,Spain,1,1,8,444,0
Jeff Dunham: Arguing with Myself,Movie,2006,TV-MA,69 min,United States,69,0,8,603,3
Jeff Dunham: Controlled Chaos,Movie,2011,TV-MA,97 min,United States,97,0,8,603,1
Jeff Dunham: Minding the Monsters,Movie,2012,TV-MA,80 min,United States,80,0,8,603,3
Jeff Dunham's Very Special Christmas Special,Movie,2008,TV-MA,85 min,United States,85,0,8,603,1
Late Life: The Chien-Ming Wang Story,Movie,2018,TV-14,98 min,"United States, Taiwan",98,0,6,715,1
Paskal,Movie,2018,TV-14,115 min,Malaysia,115,0,6,338,1
Robozuna,TV Show,2018,TV-Y7,2 Seasons,United Kingdom,2,1,11,506,0
Turn Up Charlie,TV Show,2019,TV-MA,1 Season,United Kingdom,1,1,8,506,0
A Love Story,Movie,2007,TV-14,117 min,Philippines,117,0,6,388,1
Barcelona: A Love Untold,Movie,2016,TV-14,132 min,Philippines,132,0,6,388,2
Everything About Her,Movie,2016,TV-MA,127 min,Philippines,127,0,8,388,2
Finally Found Someone,Movie,2017,TV-14,125 min,Philippines,125,0,6,388,2
Seven Sundays,Movie,2017,TV-MA,128 min,Philippines,128,0,8,388,2
More to Say,TV Show,2018,TV-14,1 Season,Egypt,1,1,6,150,0
The Land of Hypocrisy,TV Show,2018,TV-14,1 Season,Egypt,1,1,6,150,0
Triple Frontier,Movie,2019,R,126 min,United States,126,0,5,603,2
Eugenie Nights,TV Show,2018,TV-14,1 Season,Egypt,1,1,6,150,0
This Evening,TV Show,2017,TV-14,1 Season,Egypt,1,1,6,150,0
Into the Badlands,TV Show,2018,TV-MA,3 Seasons,United States,3,1,8,603,0
Disappearance,TV Show,2018,TV-MA,1 Season,Egypt,1,1,8,150,0
Hajwala 2: Mysterious Mission,Movie,2018,TV-14,116 min,United Arab Emirates,116,0,6,499,1
Immortals,TV Show,2018,TV-MA,1 Season,Turkey,1,1,8,492,0
Juanita,Movie,2019,TV-MA,90 min,United States,90,0,8,603,1
Lady J,Movie,2019,TV-MA,111 min,France,111,0,8,162,1
Walk. Ride. Rodeo.,Movie,2019,TV-PG,100 min,United States,100,0,9,603,1
Nappily Ever After,Movie,2018,TV-MA,99 min,United States,99,0,8,603,1
Sisterakas,Movie,2012,TV-14,105 min,Philippines,105,0,6,388,1
Starting Over Again,Movie,2014,TV-14,128 min,Philippines,128,0,6,388,2
That Thing Called Tadhana,Movie,2015,TV-MA,91 min,Philippines,91,0,8,388,1
The Love Affair,Movie,2015,TV-MA,127 min,Philippines,127,0,8,388,2
American Crime Story: The People v. O.J. Simpson,TV Show,2016,TV-MA,1 Season,United States,1,1,8,603,0
Secret City,TV Show,2016,TV-MA,2 Seasons,Australia,2,1,8,15,0
A Korean Odyssey,TV Show,2017,TV-MA,1 Season,South Korea,1,1,8,435,0
The Hard Way,Movie,2019,TV-MA,94 min,United States,94,0,8,603,1
Everyday I Love You,Movie,2015,TV-14,124 min,Philippines,124,0,6,388,2
No Other Woman,Movie,2011,TV-MA,103 min,Philippines,103,0,8,388,1
River's Edge,Movie,2018,TV-MA,118 min,Japan,118,0,8,319,1
Weapon of Choice,Movie,2018,TV-MA,89 min,"Austria, Iraq, United States",89,0,8,34,1
"2,215",Movie,2018,TV-MA,89 min,Thailand,89,0,8,488,1
BNK48: Girls Don't Cry,Movie,2018,TV-14,108 min,Thailand,108,0,6,488,1
Budapest,Movie,2018,TV-MA,103 min,"France, Belgium",103,0,8,165,1
Cricket Fever: Mumbai Indians,TV Show,2019,TV-MA,1 Season,India,1,1,8,251,0
Northern Rescue,TV Show,2019,TV-14,1 Season,Canada,1,1,6,58,0
Pants on Fire,Movie,2014,TV-G,87 min,Canada,87,0,7,58,1
Paranormal Investigation,Movie,2018,TV-14,93 min,"United States, France",93,0,6,643,1
Radio Rebel,Movie,2012,TV-G,90 min,United States,90,0,7,603,1
The Boy Who Harnessed the Wind,Movie,2019,TV-PG,114 min,"United Kingdom, Malawi",114,0,9,568,1
The Disastrous Life of Saiki K.,TV Show,2018,TV-14,3 Seasons,Japan,3,1,6,319,0
The Last Runway,Movie,2018,TV-MA,107 min,"Paraguay, Argentina",107,0,8,384,1
The Spiderwick Chronicles,Movie,2008,PG,97 min,United States,97,0,3,603,1
Your Son,Movie,2018,TV-MA,103 min,"Spain, France",103,0,8,451,1
Quién te cantará,Movie,2018,TV-MA,125 min,"Spain, France",125,0,8,451,2
A Second Chance,Movie,2015,TV-MA,130 min,Philippines,130,0,8,388,2
Beauty and the Bestie,Movie,2015,TV-14,119 min,Philippines,119,0,6,388,1
Bride For Rent,Movie,2014,TV-PG,110 min,Philippines,110,0,9,388,1
Can't Help Falling in Love,Movie,2017,TV-14,120 min,Philippines,120,0,6,388,1
Evening Shadows,Movie,2018,TV-PG,102 min,India,102,0,9,251,1
Four Sisters and a Wedding,Movie,2013,TV-14,125 min,Philippines,125,0,6,388,2
It Takes a Man and a Woman,Movie,2013,TV-PG,127 min,Philippines,127,0,9,388,2
My Ex & Whys,Movie,2017,TV-14,121 min,Philippines,121,0,6,388,2
She's Dating the Gangster,Movie,2014,TV-14,113 min,Philippines,113,0,6,388,1
The Breakup Playlist,Movie,2015,TV-MA,118 min,Philippines,118,0,8,388,1
The Mistress,Movie,2012,TV-MA,132 min,Philippines,132,0,8,388,2
Unsolved,TV Show,2018,TV-MA,1 Season,United States,1,1,8,603,0
Zach Galifianakis: Live at the Purple Onion,Movie,2006,TV-MA,61 min,United States,61,0,8,603,3
Life of An Outcast,Movie,2018,TV-PG,80 min,India,80,0,9,251,3
The Photographer Of Mauthausen,Movie,2018,TV-MA,110 min,Spain,110,0,8,444,1
Bert Kreischer: The Machine,Movie,2016,TV-MA,70 min,United States,70,0,8,603,3
Chef's Table,TV Show,2019,TV-MA,6 Seasons,United States,6,1,8,603,0
Firebrand,Movie,2019,TV-MA,117 min,India,117,0,8,251,1
Paddleton,Movie,2019,TV-MA,89 min,United States,89,0,8,603,1
Paris Is Us,Movie,2019,TV-MA,84 min,France,84,0,8,162,3
Shonar Pahar,Movie,2018,TV-PG,131 min,India,131,0,9,251,2
The Big Family Cooking Showdown,TV Show,2018,TV-PG,2 Seasons,United Kingdom,2,1,9,506,0
Z4,TV Show,2018,TV-PG,2 Seasons,Brazil,2,1,9,45,0
The Drug King,Movie,2018,TV-MA,139 min,South Korea,139,0,8,435,2
Kevin James: Sweat the Small Stuff,Movie,2001,TV-PG,42 min,United States,42,0,9,603,3
Transformer,Movie,2017,TV-MA,79 min,Canada,79,0,8,58,3
Genius,Movie,2018,TV-14,96 min,India,96,0,6,251,1
Black Sea,Movie,2015,R,114 min,"United Kingdom, Russia, United States",114,0,5,577,1
Studio 54,Movie,2018,TV-MA,99 min,United States,99,0,8,603,1
Awe,Movie,2018,TV-MA,111 min,India,111,0,8,251,1
Ayana,Movie,2017,TV-MA,112 min,India,112,0,8,251,1
Behind the Curve,Movie,2018,TV-14,96 min,United States,96,0,6,603,1
Buddies,Movie,2012,TV-MA,103 min,Brazil,103,0,8,45,1
Candyflip,Movie,2017,TV-MA,104 min,India,104,0,8,251,1
Chameli,Movie,2004,TV-14,102 min,India,102,0,6,251,1
Fatso,Movie,2012,TV-14,97 min,India,97,0,6,251,1
Hjørdis,TV Show,2015,TV-MA,1 Season,Denmark,1,1,8,134,0
Neevevaro,Movie,2018,TV-14,132 min,India,132,0,6,251,2
Pyaar Ke Side Effects,Movie,2006,TV-MA,120 min,India,120,0,8,251,2
Sur: The Melody of Life,Movie,2002,TV-14,137 min,India,137,0,6,251,2
The Breaker Upperers,Movie,2018,TV-MA,82 min,New Zealand,82,0,8,363,3
The Kirlian Frequency,TV Show,2017,TV-14,1 Season,Argentina,1,1,6,2,0
Ugly Aur Pagli,Movie,2008,TV-14,115 min,India,115,0,6,251,1
Yucatán,Movie,2018,TV-MA,130 min,Spain,130,0,8,444,2
Barbie Dreamhouse Adventures,TV Show,2018,TV-Y,3 Seasons,"United States, Canada",3,1,10,621,0
"Ken Jeong: You Complete Me, Ho",Movie,2019,TV-MA,62 min,United States,62,0,8,603,3
Velvet Colección,TV Show,2018,TV-14,2 Seasons,Spain,2,1,6,444,0
Period. End of Sentence.,Movie,2018,TV-PG,26 min,United States,26,0,9,603,0
Iron Ladies,TV Show,2018,TV-14,1 Season,Taiwan,1,1,6,483,0
The Break,TV Show,2018,TV-MA,2 Seasons,Belgium,2,1,8,38,0
High Flying Bird,Movie,2019,TV-MA,91 min,United States,91,0,8,603,1
Kevin Hart's Guide to Black History,Movie,2019,TV-PG,63 min,United States,63,0,9,603,3
One Day at a Time,TV Show,2019,TV-PG,3 Seasons,United States,3,1,9,603,0
ReMastered: The Two Killings of Sam Cooke,Movie,2019,TV-MA,74 min,United States,74,0,8,603,3
The Tree of Blood,Movie,2018,TV-MA,136 min,Spain,136,0,8,444,2
The Last of the Schmucks,TV Show,2017,TV-MA,1 Season,Egypt,1,1,8,150,0
Hidden Worlds,TV Show,2018,TV-14,1 Season,Egypt,1,1,6,150,0
Live,TV Show,2018,TV-MA,1 Season,South Korea,1,1,8,435,0
"Ray Romano: Right Here, Around the Corner",Movie,2019,TV-MA,59 min,United States,59,0,8,603,3
Safe,TV Show,2018,TV-MA,1 Season,United Kingdom,1,1,8,506,0
Tayee,TV Show,2018,TV-MA,1 Season,Egypt,1,1,8,150,0
Violet Evergarden,TV Show,2018,TV-14,1 Season,Japan,1,1,6,319,0
Romance is a bonus book,TV Show,2019,TV-14,1 Season,South Korea,1,1,6,435,0
Await Further Instructions,Movie,2018,TV-MA,91 min,United Kingdom,91,0,8,506,1
Manusangada,Movie,2017,TV-14,93 min,India,93,0,6,251,1
14 Minutes from Earth,Movie,2016,TV-MA,84 min,United States,84,0,8,603,3
Dear Ex,Movie,2018,TV-MA,100 min,Taiwan,100,0,8,483,1
Free Rein: Valentine's Day,Movie,2019,TV-G,51 min,United States,51,0,7,603,3
Lego DC Comics: Batman Be-Leaguered,Movie,2014,TV-Y7,22 min,United States,22,0,11,603,0
LEGO Marvel Super Heroes: Black Panther,Movie,2018,TV-Y7,22 min,United States,22,0,11,603,0
LEGO Marvel Super Heroes: Guardians of the Galaxy,Movie,2017,TV-Y,22 min,United States,22,0,10,603,0
Littlest Pet Shop: A World of Our Own,TV Show,2018,TV-Y7,2 Seasons,United States,2,1,11,603,0
Russian Doll,TV Show,2019,TV-MA,1 Season,United States,1,1,8,603,0
Sparta,TV Show,2018,TV-MA,1 Season,Russia,1,1,8,407,0
Sword Art Online Alternative: Gun Gale Online,TV Show,2018,TV-MA,1 Season,Japan,1,1,8,319,0
True: Happy Hearts Day,Movie,2019,TV-Y,24 min,"United States, Canada",24,0,10,621,0
Velvet Buzzsaw,Movie,2019,R,113 min,United States,113,0,5,603,1
Hantu Kak Limah,Movie,2018,TV-PG,110 min,Malaysia,110,0,9,338,1
Love Off the Cuff,Movie,2017,TV-MA,120 min,"China, Hong Kong",120,0,8,108,1
Virsa,Movie,2010,TV-14,127 min,"India, Pakistan",127,0,6,263,2
Bhasmasur,Movie,2017,TV-14,74 min,India,74,0,6,251,3
High Society,Movie,2018,TV-MA,137 min,South Korea,137,0,8,435,2
Up Among  The Stars,Movie,2018,TV-MA,86 min,Spain,86,0,8,444,1
Habibie & Ainun,Movie,2012,TV-14,125 min,"Indonesia, Singapore",125,0,6,274,2
Nathicharami,Movie,2018,TV-MA,114 min,India,114,0,8,251,1
Rudy Habibie,Movie,2016,TV-14,143 min,Indonesia,143,0,6,272,2
Surga Yang Tak Dirindukan,Movie,2015,TV-14,121 min,Indonesia,121,0,6,272,2
Surga Yang Tak Dirindukan 2,Movie,2017,TV-14,119 min,Indonesia,119,0,6,272,1
A Taiwanese Tale of Two Cities,TV Show,2018,TV-MA,1 Season,Taiwan,1,1,8,483,0
Z Nation,TV Show,2018,TV-MA,5 Seasons,United States,5,1,8,603,0
Goyo: The Boy General,Movie,2018,TV-MA,150 min,Philippines,150,0,8,388,2
Animas,Movie,2018,TV-MA,88 min,"Spain, Belgium",88,0,8,446,1
Black Earth Rising,TV Show,2018,TV-MA,1 Season,United Kingdom,1,1,8,506,0
Club of Crows,TV Show,2019,TV-MA,4 Seasons,Mexico,4,1,8,342,0
Examination of Conscience,TV Show,2019,TV-MA,1 Season,Spain,1,1,8,444,0
Mi Obra Maestra,Movie,2018,TV-MA,105 min,"Argentina, Spain",105,0,8,9,1
Polar,Movie,2019,TV-MA,119 min,"United States, Germany",119,0,8,656,1
Conversations with a Killer: The Ted Bundy Tapes,TV Show,2019,TV-MA,1 Season,United States,1,1,8,603,0
Just Love,Movie,2018,TV-MA,96 min,Argentina,96,0,8,2,1
Innocent,TV Show,2017,TV-MA,1 Season,Turkey,1,1,8,492,0
Close,Movie,2019,TV-MA,95 min,"United Kingdom, United States",95,0,8,589,1
FYRE: The Greatest Party That Never Happened,Movie,2019,TV-MA,98 min,United States,98,0,8,603,1
IO,Movie,2019,TV-14,96 min,United States,96,0,6,603,1
Marvel's The Punisher,TV Show,2019,TV-MA,2 Seasons,United States,2,1,8,603,0
Old Lord Savanna,Movie,2018,TV-14,96 min,Brazil,96,0,6,45,1
Patria,Movie,2019,TV-MA,90 min,Mexico,90,0,8,342,1
Soni,Movie,2018,TV-MA,97 min,India,97,0,8,251,1
The World's Most Extraordinary Homes,TV Show,2019,TV-G,3 Seasons,United Kingdom,3,1,7,506,0
Abducted in Plain Sight,Movie,2017,TV-14,90 min,United States,90,0,6,603,1
"Abdullah, The Final Witness",Movie,2016,TV-14,88 min,Pakistan,88,0,6,380,1
Adhugo,Movie,2018,TV-14,105 min,India,105,0,6,251,1
Echcharikkai,Movie,2018,TV-14,127 min,India,127,0,6,251,2
Lavender,TV Show,2002,TV-14,1 Season,Taiwan,1,1,6,483,0
Pandigai,Movie,2017,TV-MA,125 min,India,125,0,8,251,2
Pari,Movie,2018,TV-14,116 min,Pakistan,116,0,6,380,1
Revenger,Movie,2018,TV-MA,102 min,South Korea,102,0,8,435,1
Sebastian Maniscalco: Stay Hungry,Movie,2019,TV-MA,65 min,United States,65,0,8,603,3
The Doll,Movie,2016,TV-MA,106 min,Indonesia,106,0,8,272,1
The Doll 2,Movie,2017,TV-MA,117 min,Indonesia,117,0,8,272,1
La Grande Chaumière Violette,TV Show,2016,TV-14,1 Season,Taiwan,1,1,6,483,0
Baazaar,Movie,2018,TV-MA,136 min,India,136,0,8,251,2
All of You,Movie,2017,TV-MA,104 min,Philippines,104,0,8,388,1
Friends from College,TV Show,2019,TV-MA,2 Seasons,United States,2,1,8,603,0
Hardy Bucks,TV Show,2018,TV-MA,4 Seasons,Ireland,4,1,8,279,0
Horrid Henry,TV Show,2019,TV-Y7,2 Seasons,United Kingdom,2,1,11,506,0
ReMastered: Massacre at the Stadium,Movie,2019,TV-MA,65 min,United States,65,0,8,603,3
Solo,Movie,2018,TV-MA,91 min,Spain,91,0,8,444,1
The Last Laugh,Movie,2019,TV-MA,99 min,United States,99,0,8,603,1
Pocoyo,TV Show,2017,TV-Y,4 Seasons,"Spain, United Kingdom",4,1,10,467,0
When Heroes Fly,TV Show,2018,TV-MA,1 Season,Israel,1,1,8,296,0
GODZILLA The Planet Eater,Movie,2018,TV-PG,91 min,Japan,91,0,9,319,1
Next Enti?,Movie,2018,TV-14,117 min,India,117,0,6,251,1
Komola Rocket,Movie,2018,TV-14,95 min,Bangladesh,95,0,6,36,1
Nang Nak,Movie,1999,TV-MA,101 min,Thailand,101,0,8,488,1
And Breathe Normally,Movie,2018,TV-14,102 min,"Iceland, Sweden, Belgium",102,0,6,250,1
Lionheart,Movie,2018,TV-PG,95 min,Nigeria,95,0,9,368,1
Monty Python and the Holy Grail,Movie,1975,PG,92 min,United Kingdom,92,0,3,506,1
A Series of Unfortunate Events,TV Show,2019,TV-PG,3 Seasons,United States,3,1,9,603,0
Back to the 90s,Movie,2015,TV-14,111 min,Thailand,111,0,6,488,1
COMEDIANS of the world,TV Show,2019,TV-MA,13 Seasons,United States,13,1,8,603,0
Merku Thodarchi Malai,Movie,2018,TV-MA,115 min,India,115,0,8,251,1
Moshe Kasher: Live in Oakland,Movie,2012,TV-MA,61 min,United States,61,0,8,603,3
Pokémon the Movie: I Choose You!,Movie,2017,TV-Y7,97 min,Japan,97,0,11,319,1
Puriyatha Puthir,Movie,2017,TV-MA,120 min,India,120,0,8,251,1
Taramani,Movie,2017,TV-MA,148 min,India,148,0,8,251,2
The Paper,TV Show,2018,TV-MA,2 Seasons,Croatia,2,1,8,126,0
Tidying Up with Marie Kondo,TV Show,2019,TV-PG,1 Season,United States,1,1,9,603,0
Whitney Cummings: Money Shot,Movie,2010,TV-MA,48 min,United States,48,0,8,603,3
Bill Hicks: One Night Stand,Movie,1991,TV-MA,28 min,United Kingdom,28,0,8,506,0
Bill Hicks: Relentless,Movie,1992,TV-MA,61 min,United Kingdom,61,0,8,506,3
Bill Hicks: Revelations,Movie,1993,TV-MA,56 min,United Kingdom,56,0,8,506,3
Bill Hicks: Sane Man,Movie,1989,TV-MA,81 min,United States,81,0,8,603,3
Gina Yashere: Skinny B*tch,Movie,2008,TV-MA,58 min,United Kingdom,58,0,8,506,3
Mexicanos de Bronce,Movie,2016,TV-MA,100 min,Mexico,100,0,8,342,1
Sam Kinison: Breaking the Rules,Movie,1987,TV-MA,50 min,United States,50,0,8,603,3
Sam Kinison: Family Entertainment Hour,Movie,1991,TV-MA,49 min,United States,49,0,8,603,3
Sam Kinison: Live in Vegas,Movie,1991,TV-MA,71 min,United States,71,0,8,603,3
Sam Kinison: The Scream Continues,Movie,2016,TV-MA,29 min,United States,29,0,8,603,0
Secrets in the Hot Spring,Movie,2018,TV-14,108 min,Taiwan,108,0,6,483,1
The Seven Deadly Sins the Movie: Prisoners of the Sky,Movie,2018,TV-14,100 min,Japan,100,0,6,319,1
Tim Allen: Men Are Pigs,Movie,1990,TV-MA,30 min,United States,30,0,8,603,0
Tim Allen: ReWires America,Movie,1991,TV-MA,30 min,United States,30,0,8,603,0
Tim Minchin And The Heritage Orchestra Live,Movie,2011,TV-MA,146 min,United Kingdom,146,0,8,506,2
Tim Minchin: So F**king Rock,Movie,2008,TV-MA,127 min,United Kingdom,127,0,8,506,2
Todd Glass: Stand-Up Special,Movie,2012,TV-MA,46 min,United States,46,0,8,603,3
Tom Papa Live in New York City,Movie,2011,TV-14,57 min,United States,57,0,6,603,3
In Family We Trust,TV Show,2018,TV-MA,1 Season,Thailand,1,1,8,488,0
A Twelve Year Night,Movie,2018,TV-MA,122 min,"Uruguay, Argentina, Spain",122,0,8,739,2
Black Mirror: Bandersnatch,Movie,2018,TV-MA,312 min,United States,312,0,8,603,2
Hashoter Hatov,TV Show,2015,TV-MA,1 Season,Israel,1,1,8,296,0
Life Ki Toh Lag Gayi,Movie,2012,TV-MA,109 min,India,109,0,8,251,1
Murder Mountain,TV Show,2018,TV-MA,1 Season,United States,1,1,8,603,0
Selection Day,TV Show,2018,TV-14,1 Season,India,1,1,6,251,0
When Angels Sleep,Movie,2018,TV-MA,96 min,Spain,96,0,8,444,1
Stand Up and Away! with Brian Regan,TV Show,2018,TV-PG,1 Season,United States,1,1,9,603,0
Way Back into Love,TV Show,2011,TV-14,1 Season,Taiwan,1,1,6,483,0
Watership Down,TV Show,2018,TV-PG,1 Season,"United Kingdom, Ireland, United States",1,1,9,559,0
People Just Do Nothing,TV Show,2018,TV-MA,5 Seasons,United Kingdom,5,1,8,506,0
7 Days Out,TV Show,2018,TV-PG,1 Season,United States,1,1,9,603,0
Bad Seeds,Movie,2018,TV-MA,105 min,"France, Belgium",105,0,8,165,1
Bird Box,Movie,2018,R,124 min,United States,124,0,5,603,2
Jojo's World,TV Show,2017,TV-14,1 Season,Taiwan,1,1,6,483,0
LAST HOPE,TV Show,2018,TV-14,2 Seasons,Japan,2,1,6,319,0
Lion Pride,TV Show,2017,TV-MA,1 Season,Taiwan,1,1,8,483,0
Love @ Seventeen,TV Show,2016,TV-14,1 Season,Taiwan,1,1,6,483,0
Perfume,TV Show,2018,TV-MA,1 Season,Germany,1,1,8,212,0
Sirius the Jaeger,TV Show,2018,TV-MA,1 Season,Japan,1,1,8,319,0
Struggle: The Life and Lost Art of Szukalski,Movie,2018,TV-MA,105 min,"Poland, United States",105,0,8,396,1
Wolf,TV Show,2018,TV-MA,1 Season,Turkey,1,1,8,492,0
23:59,Movie,2011,R,78 min,Singapore,78,0,5,419,3
Aggretsuko: We Wish You a Metal Christmas,Movie,2018,TV-PG,22 min,Japan,22,0,9,319,0
Fate/stay night: Unlimited Blade Works,TV Show,2015,TV-14,2 Seasons,Japan,2,1,6,319,0
Imperfect,Movie,2012,TV-MA,95 min,Singapore,95,0,8,419,1
Lang Tong,Movie,2015,TV-MA,82 min,Singapore,82,0,8,419,3
Miss J Contemplates Her Choice,Movie,2014,TV-MA,89 min,Singapore,89,0,8,419,1
Ascharyachakit!,Movie,2018,TV-MA,90 min,India,90,0,8,251,1
Ellen DeGeneres: Relatable,TV Show,2018,TV-MA,1 Season,United States,1,1,8,603,0
Lilli,Movie,2018,TV-MA,85 min,India,85,0,8,251,1
Prince of Peoria: A Christmas Moose Miracle,Movie,2018,TV-G,29 min,United States,29,0,7,603,0
Andhadhun,Movie,2018,TV-14,137 min,India,137,0,6,251,2
Ashes of Love,TV Show,2018,TV-14,1 Season,China,1,1,6,105,0
Dragons: Dawn of the Dragon Racers,Movie,2014,TV-PG,27 min,United States,27,0,9,603,0
DreamWorks Holiday Classics,TV Show,2011,TV-PG,1 Season,United States,1,1,9,603,0
Kill the Messenger,Movie,2014,R,112 min,United States,112,0,5,603,1
Maps to the Stars,Movie,2014,R,112 min,"Canada, Germany, France, United States",112,0,5,66,1
Springsteen on Broadway,Movie,2018,TV-MA,153 min,United States,153,0,8,603,2
The Theory of Everything,Movie,2014,PG-13,123 min,"United Kingdom, Japan",123,0,4,563,2
F.R.E.D.I.,Movie,2018,TV-PG,90 min,United States,90,0,9,603,1
Flowers,TV Show,2018,TV-MA,2 Seasons,United Kingdom,2,1,8,506,0
Kita Kita,Movie,2017,TV-14,84 min,Philippines,84,0,6,388,3
Once in a Lifetime Sessions with George Ezra,Movie,2018,TV-MA,78 min,United States,78,0,8,603,3
Once in a Lifetime Sessions with Kasabian,Movie,2018,TV-MA,79 min,United States,79,0,8,603,3
Once in a Lifetime Sessions with OneRepublic,Movie,2018,TV-PG,73 min,United States,73,0,9,603,3
Once in a Lifetime Sessions with Snow Patrol,Movie,2018,TV-MA,83 min,United States,83,0,8,603,3
Sad Hill Unearthed,Movie,2017,TV-14,83 min,Spain,83,0,6,444,3
Vanjagar Ulagam,Movie,2018,TV-MA,145 min,India,145,0,8,251,2
Hymn of Death,TV Show,2018,TV-14,1 Season,South Korea,1,1,6,435,0
ROMA,Movie,2018,R,135 min,"Mexico, United States",135,0,5,350,2
The Fix,TV Show,2018,TV-MA,1 Season,United States,1,1,8,603,0
The Innocent Man,TV Show,2018,TV-MA,1 Season,United States,1,1,8,603,0
Tidelands,TV Show,2018,TV-MA,1 Season,Australia,1,1,8,15,0
Travelers,TV Show,2018,TV-MA,3 Seasons,"Canada, United States",3,1,8,86,0
Voltron: Legendary Defender,TV Show,2018,TV-Y7,8 Seasons,United States,8,1,11,603,0
Back Street Girls -GOKUDOLS-,TV Show,2018,TV-MA,1 Season,Japan,1,1,8,319,0
"Out of Many, One",Movie,2018,TV-PG,35 min,United States,35,0,9,603,0
Vir Das: Losing It,Movie,2018,TV-MA,68 min,United States,68,0,8,603,3
5 Star Christmas,Movie,2018,TV-14,96 min,Italy,96,0,6,302,1
Dogs of Berlin,TV Show,2018,TV-MA,1 Season,Germany,1,1,8,212,0
Dumplin',Movie,2018,PG-13,110 min,United States,110,0,4,603,1
Mowgli: Legend of the Jungle,Movie,2018,PG-13,105 min,"United Kingdom, United States",105,0,4,589,1
Neo Yokio,TV Show,2018,TV-MA,2 Seasons,United States,2,1,8,603,0
Pine Gap,TV Show,2018,TV-MA,1 Season,Australia,1,1,8,15,0
The American Meme,Movie,2018,TV-MA,98 min,United States,98,0,8,603,1
The Sound of Your Heart: Reboot,TV Show,2018,TV-14,2 Seasons,South Korea,2,1,6,435,0
Memories of the Alhambra,TV Show,2018,TV-MA,1 Season,South Korea,1,1,8,435,0
Teefa in Trouble,Movie,2018,TV-14,155 min,Pakistan,155,0,6,380,2
A Beautiful Life,Movie,2011,TV-14,122 min,"China, Hong Kong",122,0,6,108,2
Accident,Movie,2009,TV-MA,87 min,Hong Kong,87,0,8,239,1
"Ayotzinapa, el paso de la tortuga",Movie,2018,TV-MA,73 min,Mexico,73,0,8,342,3
Battle,Movie,2018,TV-MA,98 min,"Norway, Denmark, Netherlands, Sweden",98,0,8,372,1
Blind Detective,Movie,2013,TV-MA,130 min,"Hong Kong, China",130,0,8,241,2
Break Up 100,Movie,2014,TV-14,105 min,Hong Kong,105,0,6,239,1
Chal Bhaag,Movie,2014,TV-14,110 min,India,110,0,6,251,1
Crossroads: One Two Jaga,Movie,2018,TV-14,81 min,Malaysia,81,0,6,338,3
Don't Go Breaking My Heart,Movie,2011,TV-PG,115 min,Hong Kong,115,0,9,239,1
Don't Go Breaking My Heart 2,Movie,2014,TV-14,113 min,"Hong Kong, China",113,0,6,241,1
Faraar,Movie,2015,TV-14,146 min,Australia,146,0,6,15,2
Helios,Movie,2015,TV-14,118 min,"Hong Kong, China, United States",118,0,6,243,1
Line Walker,Movie,2016,TV-MA,109 min,"China, Hong Kong",109,0,8,108,1
Look for a Star,Movie,2009,TV-14,117 min,Hong Kong,117,0,6,239,1
Once a Gangster,Movie,2010,TV-MA,95 min,Hong Kong,95,0,8,239,1
Power Paandi,Movie,2017,TV-MA,124 min,India,124,0,8,251,2
Roll With Me,Movie,2017,TV-MA,90 min,United States,90,0,8,603,1
SDU: Sex Duties Unit,Movie,2013,TV-MA,96 min,Hong Kong,96,0,8,239,1
Set Off,Movie,2008,TV-MA,96 min,China,96,0,8,105,1
1983,TV Show,2018,TV-MA,1 Season,"Poland, United States",1,1,8,396,0
A Christmas Prince: The Royal Wedding,Movie,2018,TV-PG,93 min,United States,93,0,9,603,1
Angela's Christmas,Movie,2018,TV-Y,30 min,"Ireland, Canada",30,0,10,280,0
Death by Magic,TV Show,2018,TV-PG,1 Season,United States,1,1,9,603,0
El club de los insomnes,Movie,2018,TV-MA,82 min,Mexico,82,0,8,342,3
Happy as Lazzaro,Movie,2018,PG-13,127 min,"Italy, Switzerland, France, Germany",127,0,4,312,2
Love and Fortune,TV Show,2018,TV-MA,1 Season,Japan,1,1,8,319,0
Manto,Movie,2018,TV-MA,114 min,India,114,0,8,251,1
Rajma Chawal,Movie,2018,TV-MA,119 min,India,119,0,8,251,1
Spy Kids: Mission Critical,TV Show,2018,TV-Y7,2 Seasons,"United States, Canada",2,1,11,621,0
The World Is Yours,Movie,2018,TV-MA,101 min,France,101,0,8,162,1
Time Share,Movie,2018,TV-MA,96 min,"Mexico, Netherlands",96,0,8,348,1
Bumping Mics with Jeff Ross & Dave Attell,TV Show,2018,TV-MA,1 Season,United States,1,1,8,603,0
Minecraft: Story Mode,TV Show,2015,TV-PG,1 Season,"United States, Sweden",1,1,9,712,0
My Little Pony Friendship Is Magic: Best Gift Ever,Movie,2018,TV-Y,44 min,United States,44,0,10,603,3
Frontier,TV Show,2018,TV-MA,3 Seasons,Canada,3,1,8,58,0
Fugitiva,TV Show,2018,TV-MA,1 Season,Spain,1,1,8,444,0
Sick Note,TV Show,2018,TV-MA,2 Seasons,United Kingdom,2,1,8,506,0
Mystery Science Theater 3000: The Return,TV Show,2018,TV-14,2 Seasons,United States,2,1,6,603,0
The Christmas Chronicles,Movie,2018,TV-PG,104 min,United States,104,0,9,603,1
The Tribe,Movie,2018,TV-MA,91 min,Spain,91,0,8,444,1
Puppy Star Christmas,Movie,2018,PG,91 min,"United States, Canada",91,0,3,621,1
Sabrina,Movie,2018,TV-MA,114 min,Indonesia,114,0,8,272,1
Target,Movie,2018,TV-14,91 min,Indonesia,91,0,6,272,1
The Final Table,TV Show,2018,TV-PG,1 Season,United States,1,1,9,603,0
Trevor Noah: Son of Patricia,Movie,2018,TV-MA,64 min,United States,64,0,8,603,3
The Pixar Story,Movie,2007,G,89 min,United States,89,0,0,603,1
Eternal Love,TV Show,2017,TV-14,1 Season,China,1,1,6,105,0
La Doña,TV Show,2016,TV-14,1 Season,"United States, Mexico",1,1,6,690,0
Silvana Sin Lana,TV Show,2016,TV-14,1 Season,United States,1,1,6,603,0
Cam,Movie,2018,TV-MA,95 min,United States,95,0,8,603,1
Nothing to Hide,Movie,2018,TV-MA,94 min,"France, Belgium",94,0,8,165,1
Ponysitters Club,TV Show,2018,TV-G,2 Seasons,Canada,2,1,7,58,0
The Ballad of Buster Scruggs,Movie,2018,R,133 min,United States,133,0,5,603,2
The Princess Switch,Movie,2018,TV-G,102 min,United States,102,0,7,603,1
Vai Anitta,TV Show,2018,TV-MA,1 Season,Brazil,1,1,8,45,0
Aalorukkam,Movie,2018,TV-PG,122 min,India,122,0,9,251,2
Christmas Wedding Planner,Movie,2017,PG,86 min,Canada,86,0,3,58,1
Halkaa,Movie,2018,TV-14,111 min,India,111,0,6,251,1
May the Devil Take You,Movie,2018,TV-MA,111 min,Indonesia,111,0,8,272,1
Muzaffarnagar Baaqi Hai,Movie,2015,TV-MA,136 min,India,136,0,8,251,2
Odu Raja Odu,Movie,2018,TV-14,121 min,India,121,0,6,251,2
Savita Damodar Paranjpe,Movie,2018,TV-14,119 min,India,119,0,6,251,1
The Giant,Movie,2017,TV-14,115 min,Spain,115,0,6,444,1
BuyBust,Movie,2018,TV-MA,128 min,Philippines,128,0,8,388,2
Warrior,TV Show,2018,TV-MA,1 Season,Denmark,1,1,8,134,0
Age of Tanks,TV Show,2017,TV-PG,1 Season,"Germany, France, Russia",1,1,9,221,0
"All's Well, End's Well (2009)",Movie,2009,TV-14,99 min,Hong Kong,99,0,6,239,1
Lommbock,Movie,2017,TV-MA,106 min,Germany,106,0,8,212,1
Medal of Honor,TV Show,2018,TV-MA,1 Season,United States,1,1,8,603,0
Outlaw King,Movie,2018,R,122 min,"United Kingdom, United States",122,0,5,589,2
Super Drags,TV Show,2018,TV-MA,1 Season,Brazil,1,1,8,45,0
The Queen of Flow,TV Show,2018,TV-MA,1 Season,Colombia,1,1,8,121,0
Treehouse Detectives,TV Show,2018,TV-Y,2 Seasons,"South Korea, United States",2,1,10,442,0
Westside,TV Show,2018,TV-MA,1 Season,United States,1,1,8,603,0
Transfers,TV Show,2017,TV-MA,1 Season,"France, Belgium",1,1,8,165,0
Damnation,TV Show,2017,TV-MA,1 Season,United States,1,1,8,603,0
Bucket List,Movie,2018,TV-14,129 min,India,129,0,6,251,2
John Leguizamo's Latin History for Morons,Movie,2018,TV-MA,90 min,United States,90,0,8,603,1
Kopitiam,TV Show,2003,TV-14,7 Seasons,Malaysia,7,1,6,338,0
Ana e Vitória,Movie,2018,TV-MA,116 min,Brazil,116,0,8,45,1
ReMastered: Tricky Dick & The Man in Black,Movie,2018,TV-14,59 min,United States,59,0,6,603,3
The Holiday Calendar,Movie,2018,TV-G,95 min,United States,95,0,7,603,1
The Other Side of the Wind,Movie,2018,R,122 min,"France, Iran, United States",122,0,5,184,2
They’ll Love Me When I’m Dead,Movie,2018,TV-MA,98 min,United States,98,0,8,603,1
Aagey Se Right,Movie,2009,TV-14,117 min,India,117,0,6,251,1
Aamir,Movie,2008,TV-14,95 min,India,95,0,6,251,1
ABCD 2,Movie,2015,TV-14,146 min,India,146,0,6,251,2
ABCD: Any Body Can Dance,Movie,2013,TV-14,136 min,India,136,0,6,251,2
Arjun: The Warrior Prince,Movie,2011,TV-14,91 min,India,91,0,6,251,1
Asees,Movie,2018,TV-14,123 min,India,123,0,6,251,2
Barfi!,Movie,2012,TV-14,144 min,India,144,0,6,251,2
Chance Pe Dance,Movie,2010,TV-14,121 min,India,121,0,6,251,2
Christmas With A View,Movie,2018,TV-PG,91 min,Canada,91,0,9,58,1
Chup Chup Ke,Movie,2006,TV-14,158 min,India,158,0,6,251,2
Creators,TV Show,2015,TV-Y,2 Seasons,Argentina,2,1,10,2,0
Dhan Dhana Dhan Goal,Movie,2007,TV-14,157 min,"United Kingdom, India",157,0,6,555,2
Dhoondte Reh Jaoge,Movie,2009,TV-14,124 min,India,124,0,6,251,2
Do Dooni Chaar,Movie,2010,TV-PG,106 min,India,106,0,9,251,1
Edge of Fear,Movie,2018,TV-MA,92 min,United States,92,0,8,603,1
"Edmilson Filho: Notas, Comedy about Relationships",Movie,2017,TV-MA,80 min,Brazil,80,0,8,45,3
Follow This,TV Show,2018,TV-MA,3 Seasons,United States,3,1,8,603,0
Gaddar: the Traitor,Movie,2015,TV-14,126 min,India,126,0,6,251,2
Ghanchakkar,Movie,2013,TV-MA,129 min,India,129,0,8,251,2
Grandmaster,Movie,2012,TV-14,133 min,India,133,0,6,251,2
Hattrick,Movie,2007,TV-14,109 min,India,109,0,6,251,1
Heroine,Movie,2012,TV-MA,143 min,India,143,0,8,251,2
Himmatwala,Movie,2013,TV-14,140 min,India,140,0,6,251,2
Husbands in Goa,Movie,2012,TV-14,150 min,India,150,0,6,251,2
Jatts in Golmaal,Movie,2013,TV-PG,128 min,India,128,0,9,251,2
Kai Po Che!,Movie,2013,TV-MA,120 min,India,120,0,8,251,2
Kalakalappu,Movie,2012,TV-14,154 min,India,154,0,6,251,2
Katt Williams: The Pimp Chronicles: Pt. 1,Movie,2006,TV-MA,45 min,United States,45,0,8,603,3
Katti Batti,Movie,2015,TV-14,132 min,India,132,0,6,251,2
Life in a ... Metro,Movie,2007,TV-14,126 min,India,126,0,6,251,2
Marc Maron: Thinky Pain,Movie,2013,TV-MA,95 min,United States,95,0,8,603,1
Mumbai Meri Jaan,Movie,2008,TV-MA,135 min,India,135,0,8,251,2
Mundeyan Ton Bachke Rahin,Movie,2014,TV-14,139 min,India,139,0,6,251,2
No One Killed Jessica,Movie,2011,TV-MA,131 min,India,131,0,8,251,2
Oye Lucky! Lucky Oye!,Movie,2008,TV-14,118 min,India,118,0,6,251,1
Paan Singh Tomar,Movie,2010,TV-14,129 min,India,129,0,6,251,2
Raja Natwarlal,Movie,2014,TV-14,131 min,India,131,0,6,251,2
Satyagraha,Movie,2013,TV-14,146 min,India,146,0,6,251,2
Settai,Movie,2013,TV-14,123 min,India,123,0,6,251,2
Sigaram Thodu,Movie,2014,TV-14,141 min,India,141,0,6,251,2
Sommore: The Reign Continues,Movie,2015,TV-MA,93 min,United States,93,0,8,603,1
The Untold Tales of Armistead Maupin,Movie,2017,TV-MA,91 min,United States,91,0,8,603,1
Vaya,Movie,2016,TV-MA,106 min,South Africa,106,0,8,426,1
Welcome to Sajjanpur,Movie,2008,TV-14,131 min,India,131,0,6,251,2
Yeh Hai Bakrapur,Movie,2014,TV-PG,95 min,India,95,0,9,251,1
Zokkomon,Movie,2011,PG,104 min,India,104,0,3,251,1
Gun City,Movie,2018,TV-MA,126 min,"Spain, France",126,0,8,451,2
Heneral Luna,Movie,2015,R,118 min,Philippines,118,0,5,388,1
Fate/EXTRA Last Encore,TV Show,2018,TV-MA,2 Seasons,Japan,2,1,8,319,0
Dragon Tiger Gate,Movie,2006,TV-14,94 min,"Hong Kong, China",94,0,6,241,1
Dovlatov,Movie,2018,PG-13,126 min,"Russia, Poland, Serbia",126,0,4,408,2
Jefe,Movie,2018,TV-MA,90 min,"Spain, Portugal",90,0,8,464,1
Santo Cachón,Movie,2018,TV-14,87 min,Colombia,87,0,6,121,1
Shirkers,Movie,2018,TV-14,97 min,"United States, United Kingdom",97,0,6,718,1
Terrorism Close Calls,TV Show,2018,TV-MA,1 Season,"United States, Czech Republic",1,1,8,639,0
W/O Ram,Movie,2018,TV-MA,115 min,India,115,0,8,251,1
DreamWorks Spooky Stories,TV Show,2009,TV-PG,1 Season,United States,1,1,9,603,0
Great News,TV Show,2017,TV-14,2 Seasons,United States,2,1,6,603,0
Ronnie Coleman: The King,Movie,2018,TV-MA,93 min,United States,93,0,8,603,1
ADAM SANDLER 100% FRESH,Movie,2018,TV-MA,74 min,United States,74,0,8,603,3
Here to Heart,TV Show,2018,TV-14,1 Season,China,1,1,6,105,0
Scorpion King 5: Book of Souls,Movie,2018,PG-13,102 min,United States,102,0,4,603,1
The Hollywood Masters,TV Show,2017,TV-MA,3 Seasons,United States,3,1,8,603,0
How to Get Over a Breakup,Movie,2018,TV-MA,104 min,Peru,104,0,8,385,1
Accidentally in Love,TV Show,2018,TV-14,1 Season,China,1,1,6,105,0
Ask the Doctor,TV Show,2017,TV-PG,1 Season,Australia,1,1,9,15,0
Best.Worst.Weekend.Ever.,TV Show,2018,TV-PG,1 Season,United States,1,1,9,603,0
"Club de Cuervos Presents: I, Potro",Movie,2018,TV-MA,51 min,"Mexico, Argentina",51,0,8,343,3
Gnome Alone,Movie,2018,PG,86 min,"United Kingdom, Canada, United States, Cayman Islands",86,0,3,521,1
Illang: The Wolf Brigade,Movie,2018,TV-MA,140 min,South Korea,140,0,8,435,2
Making a Murderer,TV Show,2018,TV-14,2 Seasons,United States,2,1,6,603,0
Marvel's Daredevil,TV Show,2018,TV-MA,3 Seasons,United States,3,1,8,603,0
Naa Bangaaru Talli,Movie,2013,TV-14,122 min,India,122,0,6,251,2
Project S The Series,TV Show,2017,TV-MA,4 Seasons,Thailand,4,1,8,488,0
S Storm,Movie,2016,TV-MA,95 min,"Hong Kong, China",95,0,8,241,1
The Night Comes for Us,Movie,2018,TV-MA,121 min,"Indonesia, United States",121,0,8,277,2
Wanderlust,TV Show,2018,TV-MA,1 Season,United Kingdom,1,1,8,506,0
Mr. Chandramouli,Movie,2018,TV-MA,131 min,India,131,0,8,251,2
My Babysitter's a Vampire,TV Show,2012,TV-PG,2 Seasons,Canada,2,1,9,58,0
Rake,TV Show,2018,TV-MA,5 Seasons,Australia,5,1,8,15,0
"Ron White: If You Quit Listening, I'll Shut Up",Movie,2018,TV-MA,63 min,United States,63,0,8,603,3
Meghnadbodh Rohoshyo,Movie,2017,TV-MA,150 min,India,150,0,8,251,2
Sanju,Movie,2018,TV-MA,159 min,India,159,0,8,251,2
Stunt Science,TV Show,2018,TV-MA,1 Season,United Kingdom,1,1,8,506,0
Soorma,Movie,2018,TV-14,131 min,India,131,0,6,251,2
Apostle,Movie,2018,TV-MA,130 min,"United Kingdom, United States",130,0,8,589,2
Errementari: The Blacksmith and the Devil,Movie,2018,TV-MA,99 min,"Spain, France",99,0,8,451,1
Feminists: What Were They Thinking?,Movie,2018,TV-MA,86 min,United States,86,0,8,603,1
Kuntilanak,Movie,2018,TV-14,106 min,Indonesia,106,0,6,272,1
ReMastered: Who Shot the Sheriff,Movie,2018,TV-14,57 min,United States,57,0,6,603,3
The Curious Creations of Christine McConnell,TV Show,2018,TV-PG,1 Season,United States,1,1,9,603,0
The Haunting of Hill House,TV Show,2018,TV-MA,1 Season,United States,1,1,8,603,0
The Kindergarten Teacher,Movie,2018,R,97 min,"United States, Israel, United Kingdom, Canada",97,0,5,681,1
22 July,Movie,2018,R,144 min,"Norway, Iceland, United States",144,0,5,376,2
Blood Pact,TV Show,2018,TV-MA,1 Season,Brazil,1,1,8,45,0
Tales From the Hood 2,Movie,2018,R,110 min,United States,110,0,5,603,1
Mo Amer: The Vagabond,Movie,2018,TV-MA,57 min,United States,57,0,8,603,3
Pulang,Movie,2018,TV-14,119 min,Malaysia,119,0,6,338,1
Sofia the First,TV Show,2017,TV-Y,4 Seasons,United States,4,1,10,603,0
Seven in Heaven,Movie,2018,PG-13,94 min,United States,94,0,4,603,1
Empire Games,TV Show,2018,TV-14,1 Season,"Czech Republic, United States",1,1,6,133,0
LOST SONG,TV Show,2018,TV-14,1 Season,Japan,1,1,6,319,0
Malevolent,Movie,2018,TV-MA,89 min,United Kingdom,89,0,8,506,1
Private Life,Movie,2018,R,124 min,United States,124,0,5,603,2
YG Future Strategy Office,TV Show,2018,TV-MA,1 Season,South Korea,1,1,8,435,0
The Black Prince,Movie,2017,PG-13,121 min,"United Kingdom, India, United States",121,0,4,557,2
Truth or Dare,Movie,2017,TV-MA,88 min,United States,88,0,8,603,1
Death Race: Beyond Anarchy,Movie,2017,R,111 min,"United States, Bulgaria",111,0,5,618,1
Eric ldle's What About Dick?,Movie,2012,TV-MA,81 min,United States,81,0,8,603,3
Monty Python Best Bits (mostly),TV Show,2014,TV-MA,1 Season,United Kingdom,1,1,8,506,0
"Monty Python Live (Mostly): One Down, Five to Go",Movie,2014,TV-MA,137 min,United Kingdom,137,0,8,506,2
Monty Python: Before the Flying Circus,Movie,2000,TV-MA,56 min,United Kingdom,56,0,8,506,3
Monty Python: Live at Aspen,Movie,1998,TV-MA,58 min,United States,58,0,8,603,3
Monty Python: Live at The Hollywood Bowl,Movie,1982,R,80 min,United Kingdom,80,0,5,506,3
Monty Python: The Meaning of Live,Movie,2014,TV-MA,94 min,United Kingdom,94,0,8,506,1
Monty Python's Almost the Truth,TV Show,2009,TV-MA,1 Season,United Kingdom,1,1,8,506,0
Monty Python's Fliegender Zirkus,TV Show,1972,TV-MA,1 Season,"United Kingdom, West Germany",1,1,8,602,0
Monty Python's Flying Circus,TV Show,1974,TV-14,4 Seasons,United Kingdom,4,1,6,506,0
Monty Python's Life of Brian,Movie,1979,R,94 min,United Kingdom,94,0,5,506,1
Monty Python's Personal Best,TV Show,2005,TV-MA,1 Season,"United States, United Kingdom",1,1,8,718,0
Parrot Sketch Not Included: Twenty Years of Monty Python,Movie,1989,TV-14,72 min,United Kingdom,72,0,6,506,3
The Meaning of Monty Python,Movie,2013,TV-MA,60 min,United Kingdom,60,0,8,506,3
25 Kille,Movie,2016,TV-14,140 min,India,140,0,6,251,2
A Witches' Ball,Movie,2017,PG,91 min,Canada,91,0,3,58,1
Agyaat,Movie,2009,TV-14,97 min,India,97,0,6,251,1
Anjaan,Movie,2014,TV-14,146 min,India,146,0,6,251,2
Bathinda Express,Movie,2016,TV-14,118 min,India,118,0,6,251,1
Delhi 6,Movie,2009,TV-14,128 min,India,128,0,6,251,2
Dev.D,Movie,2009,TV-MA,137 min,India,137,0,8,251,2
Dil Vil Pyaar Vyaar,Movie,2014,TV-PG,145 min,India,145,0,9,251,2
Ek Main Aur Ekk Tu,Movie,2012,TV-14,106 min,India,106,0,6,251,1
Haani,Movie,2013,TV-14,137 min,India,137,0,6,251,2
Happy Go Lucky,Movie,2014,TV-14,129 min,India,129,0,6,251,2
Harishchandrachi Factory,Movie,2009,TV-PG,99 min,India,99,0,9,251,1
Hot Date,TV Show,2018,TV-MA,1 Season,United States,1,1,8,603,0
Jagga Jasoos,Movie,2017,TV-14,155 min,India,155,0,6,251,2
Jatt James Bond,Movie,2014,TV-14,142 min,India,142,0,6,251,2
Jodhaa Akbar,Movie,2008,TV-14,214 min,India,214,0,6,251,2
Judge Singh LLB,Movie,2015,TV-PG,137 min,India,137,0,9,251,2
Kaminey,Movie,2009,TV-14,128 min,India,128,0,6,251,2
Khido Khundi,Movie,2018,TV-14,151 min,India,151,0,6,251,2
Khoobsurat,Movie,2014,TV-14,121 min,India,121,0,6,251,2
Kisaan,Movie,2009,TV-14,101 min,India,101,0,6,251,1
Kismat Konnection,Movie,2008,TV-14,145 min,India,145,0,6,251,2
Kurbaan,Movie,2009,TV-14,147 min,India,147,0,6,251,2
Lock,Movie,2016,TV-14,90 min,India,90,0,6,251,1
Luv Shuv Tey Chicken Khurana,Movie,2012,TV-14,129 min,India,129,0,6,251,2
"Main, Meri Patni Aur Woh",Movie,2005,TV-PG,129 min,India,129,0,9,251,2
Manje Bistre,Movie,2017,TV-14,136 min,India,136,0,6,251,2
Motor Mitraan Di,Movie,2016,TV-PG,117 min,India,117,0,9,251,1
Mugamoodi,Movie,2012,TV-14,150 min,India,150,0,6,251,2
Muran,Movie,2011,TV-14,134 min,India,134,0,6,251,2
My Friend Pinto,Movie,2011,TV-14,100 min,India,100,0,6,251,1
My Little Pony Equestria Girls: Forgotten Friendship,Movie,2018,TV-Y,44 min,United States,44,0,10,603,3
My Little Pony Equestria Girls: Rollercoaster of Friendship,Movie,2018,TV-Y,44 min,"United States, Canada",44,0,10,621,3
My Suicide,Movie,2009,TV-MA,111 min,United States,111,0,8,603,1
Naan Sigappu Manithan,Movie,2014,TV-14,147 min,India,147,0,6,251,2
Nasha,Movie,2013,TV-14,115 min,India,115,0,6,251,1
Naughty Jatts,Movie,2013,TV-PG,121 min,India,121,0,9,251,2
Needhi Singh,Movie,2016,TV-14,103 min,India,103,0,6,251,1
Peace Haven,Movie,2016,TV-14,73 min,"India, United States",73,0,6,271,3
Phantom,Movie,2015,TV-14,129 min,India,129,0,6,251,2
Pizza,Movie,2014,TV-14,102 min,India,102,0,6,251,1
Pooja Kiven Aa,Movie,2013,TV-PG,122 min,India,122,0,9,251,2
Race,Movie,2008,TV-14,155 min,India,155,0,6,251,2
Race 2,Movie,2013,TV-14,139 min,India,139,0,6,251,2
Saadey CM Saab,Movie,2015,TV-PG,131 min,India,131,0,9,251,2
Sat Shri Akaal England,Movie,2017,TV-14,127 min,India,127,0,6,251,2
Strong,TV Show,2016,TV-14,1 Season,United States,1,1,6,603,0
Thaandavam,Movie,2012,TV-14,156 min,India,156,0,6,251,2
Theeya Velai Seyyanum Kumaru,Movie,2013,TV-PG,132 min,India,132,0,9,251,2
Three Wives One Husband,TV Show,2018,TV-14,1 Season,United Kingdom,1,1,6,506,0
Tiger,Movie,2016,TV-14,130 min,India,130,0,6,251,2
Udaan,Movie,2010,TV-MA,137 min,India,137,0,8,251,2
Vettai,Movie,2012,TV-14,156 min,India,156,0,6,251,2
Wake Up Sid,Movie,2009,TV-14,132 min,India,132,0,6,251,2
We Are Family,Movie,2010,TV-14,119 min,"India, Australia",119,0,6,252,1
What the Jatt!!,Movie,2015,TV-PG,140 min,India,140,0,9,251,2
Zindagi Kitni Haseen Hay,Movie,2016,TV-14,126 min,Pakistan,126,0,6,380,2
Big Miracle,Movie,2012,PG,107 min,"United States, United Kingdom",107,0,3,718,1
Paradise Lost,Movie,2018,TV-MA,111 min,Brazil,111,0,8,45,1
Animal World,Movie,2018,TV-MA,130 min,China,130,0,8,105,2
Hold the Dark,Movie,2018,TV-MA,126 min,United States,126,0,8,603,2
Lessons from a School Shooting: Notes from Dunblane,Movie,2018,TV-14,24 min,United States,24,0,6,603,0
Made in Mexico,TV Show,2018,TV-MA,1 Season,United States,1,1,8,603,0
Reboot: The Guardian Code,TV Show,2018,TV-Y7,2 Seasons,Canada,2,1,11,58,0
Skylanders Academy,TV Show,2018,TV-Y7,3 Seasons,"South Korea, United States",3,1,11,442,0
The 3rd Eye,Movie,2018,TV-MA,108 min,Indonesia,108,0,8,272,1
Two Catalonias,Movie,2018,TV-MA,117 min,Spain,117,0,8,444,1
In Darkness,Movie,2018,TV-MA,101 min,"United Kingdom, United States",101,0,8,589,1
DRAGON PILOT: Hisone & Masotan,TV Show,2018,TV-14,1 Season,Japan,1,1,6,319,0
Maniac,TV Show,2018,TV-MA,1 Season,United States,1,1,8,603,0
Quincy,Movie,2018,TV-MA,124 min,United States,124,0,8,603,2
Rafinha Bastos: Ultimatum,Movie,2018,TV-MA,63 min,Brazil,63,0,8,45,3
The Good Cop,TV Show,2018,TV-14,1 Season,United States,1,1,6,603,0
Mobile Suit Gundam UC,TV Show,2014,TV-PG,1 Season,Japan,1,1,9,319,0
Transformers: Rescue Bots,TV Show,2016,TV-Y7,1 Season,"Canada, United States",1,1,11,86,0
Al Hayba,TV Show,2017,TV-14,1 Season,Lebanon,1,1,6,328,0
American Vandal,TV Show,2018,TV-MA,2 Seasons,United States,2,1,8,603,0
Ingobernable,TV Show,2018,TV-MA,2 Seasons,Mexico,2,1,8,342,0
Norm Macdonald Has a Show,TV Show,2018,TV-MA,1 Season,United States,1,1,8,603,0
The Angel,Movie,2018,TV-MA,114 min,"Israel, United States",114,0,8,301,1
The Land of Steady Habits,Movie,2018,TV-MA,98 min,United States,98,0,8,603,1
The Rise of Phoenixes,TV Show,2018,TV-14,1 Season,China,1,1,6,105,0
Reversing Roe,Movie,2018,TV-14,100 min,United States,100,0,6,603,1
Life,TV Show,2018,TV-MA,1 Season,South Korea,1,1,8,435,0
On My Skin,Movie,2018,TV-MA,100 min,Italy,100,0,8,302,1
Daniel Sloss: Live Shows,TV Show,2018,TV-MA,1 Season,United States,1,1,8,603,0
The Resistance Banker,Movie,2018,TV-MA,123 min,Netherlands,123,0,8,354,2
Transformers Prime,TV Show,2013,TV-Y7,1 Season,United States,1,1,11,603,0
Transformers: Robots in Disguise,TV Show,2016,TV-Y7,1 Season,United States,1,1,11,603,0
City of Joy,Movie,2018,TV-MA,77 min,"United States,",77,0,8,604,3
Marvel's Iron Fist,TV Show,2018,TV-MA,2 Seasons,United States,2,1,8,603,0
Next Gen,Movie,2018,TV-PG,106 min,"China, Canada, United States",106,0,9,106,1
Sierra Burgess Is A Loser,Movie,2018,PG-13,106 min,United States,106,0,4,603,1
Stretch Armstrong & the Flex Fighters,TV Show,2018,TV-Y7,2 Seasons,United States,2,1,11,603,0
The Most Assassinated Woman in the World,Movie,2018,TV-MA,102 min,"Belgium, United Kingdom, United States",102,0,8,44,1
PK,Movie,2014,TV-14,146 min,India,146,0,6,251,2
The Debt Collector,Movie,2018,TV-MA,96 min,"United Kingdom, United States",96,0,8,589,1
Monkey Twins,TV Show,2018,TV-MA,1 Season,Thailand,1,1,8,488,0
Quantico,TV Show,2018,TV-14,3 Seasons,United States,3,1,6,603,0
Age of Rebellion,TV Show,2018,TV-MA,1 Season,Taiwan,1,1,8,483,0
Carbon,Movie,2017,TV-MA,104 min,"France, Belgium",104,0,8,165,1
Garbage,Movie,2018,TV-MA,109 min,India,109,0,8,251,1
​​Kuch Bheege Alfaaz,Movie,2018,TV-14,110 min,India,110,0,6,251,1
Love and Shukla,Movie,2017,TV-MA,110 min,India,110,0,8,251,1
Once Again,Movie,2018,TV-PG,101 min,"India, Germany, Austria",101,0,9,256,1
Sisters,TV Show,2018,TV-MA,1 Season,Australia,1,1,8,15,0
Sparring,Movie,2017,TV-MA,94 min,France,94,0,8,162,1
Cathedral of the Sea,TV Show,2017,TV-MA,1 Season,Spain,1,1,8,444,0
Inside the Criminal Mind,TV Show,2018,TV-MA,1 Season,"United States, Czech Republic",1,1,8,639,0
The Comedy Lineup,TV Show,2018,TV-MA,2 Seasons,United States,2,1,8,603,0
The Laws of Thermodynamics,Movie,2018,TV-MA,101 min,Spain,101,0,8,444,1
Ultimate Beastmaster,TV Show,2018,TV-PG,3 Seasons,"United States, Brazil, South Korea, Mexico, Japan, Germany",3,1,9,617,0
Undercover Law,TV Show,2017,TV-MA,1 Season,Colombia,1,1,8,121,0
Naam Shabana,Movie,2017,TV-14,141 min,India,141,0,6,251,2
Qarib Qarib Singlle,Movie,2017,TV-14,120 min,India,120,0,6,251,1
Spyder,Movie,2017,TV-14,140 min,India,140,0,6,251,2
Chicken Soup for the Soul's Being Dad,TV Show,2018,TV-MA,1 Season,United States,1,1,8,603,0
Maria Bamford: The Special Special Special,Movie,2012,TV-MA,50 min,United States,50,0,8,603,3
GHOUL,TV Show,2018,TV-MA,1 Season,India,1,1,8,251,0
One Last Shot,Movie,1998,TV-MA,31 min,Canada,31,0,8,58,0
Take My Brother Away,TV Show,2018,TV-14,1 Season,China,1,1,6,105,0
The After Party,Movie,2018,TV-MA,90 min,United States,90,0,8,603,1
The Innocents,TV Show,2018,TV-MA,1 Season,United Kingdom,1,1,8,506,0
Bareilly Ki Barfi,Movie,2017,TV-14,110 min,India,110,0,6,251,1
Mersal,Movie,2017,TV-14,162 min,India,162,0,6,251,2
Mom,Movie,2017,TV-14,139 min,India,139,0,6,251,2
Pad Man,Movie,2018,PG-13,130 min,India,130,0,4,251,2
Toilet: Ek Prem Katha,Movie,2017,TV-14,145 min,India,145,0,6,251,2
Party Monster: Scratching the Surface,Movie,2018,TV-14,33 min,United States,33,0,6,603,0
Stay Here,TV Show,2018,TV-PG,1 Season,United States,1,1,9,603,0
The Motive,Movie,2017,TV-MA,114 min,"Spain, Mexico",114,0,8,462,1
To All the Boys I’ve Loved Before,Movie,2018,TV-14,100 min,United States,100,0,6,603,1
Yoo Byung Jae: Discomfort Zone,Movie,2018,TV-MA,54 min,South Korea,54,0,8,435,3
Bhavesh Joshi Superhero,Movie,2018,TV-14,150 min,India,150,0,6,251,2
For Here or to Go?,Movie,2015,TV-MA,105 min,"United States, India",105,0,8,671,1
72 Dangerous Animals: Asia,TV Show,2018,TV-14,1 Season,Australia,1,1,6,15,0
Afflicted,TV Show,2018,TV-MA,1 Season,United States,1,1,8,603,0
All About the Washingtons,TV Show,2018,TV-PG,1 Season,United States,1,1,9,603,0
The Guernsey Literary and Potato Peel Pie Society,Movie,2018,TV-PG,124 min,"United Kingdom, France, United States",124,0,9,542,2
The Package,Movie,2018,TV-MA,95 min,United States,95,0,8,603,1
Zion,Movie,2018,TV-PG,12 min,United States,12,0,9,603,0
Perdida,Movie,2018,TV-MA,104 min,"Argentina, Spain",104,0,8,9,1
The Originals,TV Show,2018,TV-14,5 Seasons,United States,5,1,6,603,0
On Children,TV Show,2018,TV-14,1 Season,Taiwan,1,1,6,483,0
2 States,Movie,2014,TV-PG,143 min,India,143,0,9,251,2
Baaghi,Movie,2016,TV-14,127 min,India,127,0,6,251,2
Brij Mohan Amar Rahe,Movie,2018,TV-MA,100 min,India,100,0,8,251,1
Flavors of Youth: International Version,Movie,2018,TV-PG,74 min,"China, Japan",74,0,9,111,3
Cocaine Coast,TV Show,2018,TV-MA,1 Season,Spain,1,1,8,444,0
Like Father,Movie,2018,TV-MA,104 min,United States,104,0,8,603,1
7 Khoon Maaf,Movie,2011,TV-MA,148 min,India,148,0,8,251,2
Chillar Party,Movie,2011,TV-PG,127 min,India,127,0,9,251,2
Fashion,Movie,2008,TV-MA,158 min,India,158,0,8,251,2
Fitoor,Movie,2016,TV-14,124 min,India,124,0,6,251,2
Fiza,Movie,2000,TV-14,163 min,India,163,0,6,251,2
Guzaarish,Movie,2010,TV-14,121 min,India,121,0,6,251,2
Haider,Movie,2014,TV-MA,154 min,India,154,0,8,251,2
Highway,Movie,2014,TV-14,127 min,India,127,0,6,251,2
I Hate Luv Storys,Movie,2010,TV-14,128 min,India,128,0,6,251,2
Joker,Movie,2012,TV-PG,98 min,India,98,0,9,251,1
Main aurr Mrs. Khanna,Movie,2009,TV-14,109 min,India,109,0,6,251,1
Mohenjo Daro,Movie,2016,TV-14,168 min,India,168,0,6,251,2
Raajneeti,Movie,2010,TV-14,162 min,India,162,0,6,251,2
Rang De Basanti,Movie,2006,TV-14,159 min,India,159,0,6,251,2
Rowdy Rathore,Movie,2012,TV-14,137 min,India,137,0,6,251,2
Tamasha,Movie,2015,TV-14,133 min,India,133,0,6,251,2
Tere Naal Love Ho Gaya,Movie,2012,TV-14,127 min,India,127,0,6,251,2
Thank You,Movie,2011,TV-14,131 min,India,131,0,6,251,2
The Blue Umbrella,Movie,2005,TV-PG,90 min,India,90,0,9,251,1
Becoming Champions,TV Show,2018,TV-G,1 Season,Mexico,1,1,7,342,0
Being Napoleon,Movie,2018,TV-MA,88 min,United States,88,0,8,603,1
Invisible,Movie,2017,TV-MA,87 min,"Argentina, France",87,0,8,6,1
Switched,TV Show,2018,TV-MA,1 Season,Japan,1,1,8,319,0
The Could’ve-Gone-All-the-Way Committee,TV Show,2018,TV-14,1 Season,Japan,1,1,6,319,0
A Very Secret Service,TV Show,2018,TV-MA,2 Seasons,France,2,1,8,162,0
SWORDGAI The Animation,TV Show,2018,TV-MA,2 Seasons,Japan,2,1,8,319,0
Da Kath & Kim Code,Movie,2005,TV-PG,82 min,Australia,82,0,9,15,3
Kath & Kimderella,Movie,2012,TV-14,86 min,Australia,86,0,6,15,1
Kath and Kim,TV Show,2007,TV-MA,6 Seasons,Australia,6,1,8,15,0
The Mansion,Movie,2017,TV-MA,100 min,"France, Belgium",100,0,8,165,1
Coco y Raulito: Carrusel de ternura,Movie,2018,TV-MA,57 min,Mexico,57,0,8,342,3
El Chapo,TV Show,2018,TV-MA,3 Seasons,"Mexico, United States",3,1,8,350,0
Extinction,Movie,2018,TV-MA,95 min,United States,95,0,8,603,1
Smoking,TV Show,2018,TV-MA,1 Season,Japan,1,1,8,319,0
The Bleeding Edge,Movie,2018,TV-14,101 min,"Australia, United States",101,0,6,30,1
Welcome to the Family,TV Show,2018,TV-MA,1 Season,Spain,1,1,8,444,0
Parmanu: The Story of Pokhran,Movie,2018,TV-PG,124 min,India,124,0,9,251,2
Iliza Shlesinger: Elder Millennial,Movie,2018,TV-MA,72 min,United States,72,0,8,603,3
The Warning,Movie,2018,TV-MA,93 min,Spain,93,0,8,444,1
Amazing Interiors,TV Show,2018,TV-PG,1 Season,United Kingdom,1,1,9,506,0
Dark Tourist,TV Show,2018,TV-MA,1 Season,New Zealand,1,1,8,363,0
Duck Duck Goose,Movie,2018,PG,92 min,"China, United States, United Kingdom",92,0,3,120,1
Father of the Year,Movie,2018,TV-MA,95 min,United States,95,0,8,603,1
Home: Adventures with Tip & Oh,TV Show,2018,TV-Y7,4 Seasons,United States,4,1,11,603,0
Jimmy: The True Story of a True Idiot,TV Show,2018,TV-MA,1 Season,Japan,1,1,8,319,0
Luna Petunia: Return to Amazia,TV Show,2018,TV-Y,2 Seasons,"Canada, United States",2,1,10,86,0
Nothing to Lose,Movie,2018,PG,133 min,Brazil,133,0,3,45,2
El club de los buenos infieles,Movie,2018,TV-MA,85 min,Spain,85,0,8,444,1
Camarón: The Film,Movie,2018,TV-14,105 min,Spain,105,0,6,444,1
GODZILLA City on the Edge of Battle,Movie,2018,TV-14,101 min,Japan,101,0,6,319,1
Going for Gold,Movie,2018,TV-G,88 min,Australia,88,0,7,15,1
The Joel McHale Show with Joel McHale,TV Show,2018,TV-MA,2 Seasons,United States,2,1,8,603,0
Meteor Garden,TV Show,2018,TV-14,1 Season,China,1,1,6,105,0
How It Ends,Movie,2018,TV-MA,113 min,United States,113,0,8,603,1
Jim Jefferies: This Is Me Now,Movie,2018,TV-MA,71 min,United States,71,0,8,603,3
Romina,Movie,2018,TV-MA,75 min,Mexico,75,0,8,342,3
Mossad 101,TV Show,2017,TV-MA,2 Seasons,Israel,2,1,8,296,0
Baby Ballroom,TV Show,2018,TV-MA,2 Seasons,United Kingdom,2,1,8,506,0
Drug Lords,TV Show,2018,TV-MA,2 Seasons,United States,2,1,8,603,0
Mr. Sunshine,TV Show,2018,TV-MA,1 Season,South Korea,1,1,8,435,0
First Team: Juventus,TV Show,2018,TV-PG,2 Seasons,United States,2,1,9,603,0
Luciano Mellera: Infantiloide,Movie,2018,TV-14,66 min,Argentina,66,0,6,2,3
The Legacy of a Whitetail Deer Hunter,Movie,2018,TV-14,83 min,United States,83,0,6,603,3
The Skin of the Wolf,Movie,2018,TV-MA,110 min,Spain,110,0,8,444,1
White Fang,Movie,2018,TV-PG,88 min,"France, Luxembourg, United States",88,0,9,191,1
Sommore: Chandelier Status,Movie,2013,TV-MA,77 min,United States,77,0,8,603,3
Felipe Esparza: They're Not Going to Laugh at You,Movie,2012,TV-MA,58 min,United States,58,0,8,603,3
Joan Rivers: Don't Start with Me,Movie,2012,TV-MA,69 min,United States,69,0,8,603,3
Katt Williams: Kattpacalypse,Movie,2012,TV-MA,61 min,United States,61,0,8,603,3
King of Peking,Movie,2018,TV-14,88 min,"China, United States, Australia",88,0,6,118,1
Anthony Kaun Hai?,Movie,2006,TV-14,122 min,India,122,0,6,251,2
Bo Burnham: what.,Movie,2013,TV-MA,60 min,United States,60,0,8,603,3
Chalte Chalte,Movie,2003,TV-14,166 min,India,166,0,6,251,2
Deewana Main Deewana,Movie,2013,TV-14,107 min,India,107,0,6,251,1
Duck Butter,Movie,2018,TV-MA,94 min,United States,94,0,8,603,1
I Am Kalam,Movie,2010,TV-PG,87 min,India,87,0,9,251,1
My Birthday Song,Movie,2018,TV-14,92 min,India,92,0,6,251,1
Namastey London,Movie,2007,TV-14,130 min,India,130,0,6,251,2
NCIS,TV Show,2017,TV-14,15 Seasons,United States,15,1,6,603,0
Soul Robbers,Movie,2015,TV-14,88 min,Mexico,88,0,6,342,1
Tum Milo Toh Sahi,Movie,2010,TV-14,128 min,India,128,0,6,251,2
What We Started,Movie,2017,TV-MA,96 min,United States,96,0,8,603,1
Zoo,Movie,2018,TV-MA,94 min,India,94,0,8,251,1
Bill Burr: You People Are All the Same,Movie,2012,TV-MA,69 min,United States,69,0,8,603,3
Somewhere Between,TV Show,2017,TV-14,1 Season,United States,1,1,6,603,0
The Maus,Movie,2017,TV-MA,90 min,Spain,90,0,8,444,1
Calibre,Movie,2018,TV-MA,101 min,United Kingdom,101,0,8,506,1
Churchill’s Secret Agents: The New Recruits,TV Show,2018,TV-MA,1 Season,United Kingdom,1,1,8,506,0
Jani Dueñas: Grandes fracasos de ayer y hoy,Movie,2018,TV-MA,77 min,Chile,77,0,8,96,3
Kiss Me First,TV Show,2018,TV-MA,1 Season,"United Kingdom, United States",1,1,8,589,0
Penalty Kick,Movie,2018,TV-14,89 min,"Colombia, Mexico",89,0,6,122,1
Recovery Boys,Movie,2018,TV-MA,90 min,United States,90,0,8,603,1
TAU,Movie,2018,R,98 min,United States,98,0,5,603,1
Hotel Transylvania,TV Show,2017,TV-Y7,1 Season,"United States, Canada",1,1,11,621,0
W. Kamau Bell: Private School Negro,Movie,2018,TV-MA,66 min,United States,66,0,8,603,3
Borges,TV Show,2018,TV-MA,1 Season,Brazil,1,1,8,45,0
Expelled from Paradise,Movie,2014,TV-MA,103 min,Japan,103,0,8,319,1
"To Each, Her Own",Movie,2018,TV-MA,95 min,France,95,0,8,162,1
Life Sentence,TV Show,2018,TV-14,1 Season,United States,1,1,6,603,0
Brain on Fire,Movie,2016,PG-13,89 min,"United States, Canada, Ireland",89,0,4,627,1
Derren Brown: Miracle,Movie,2018,TV-MA,74 min,United Kingdom,74,0,8,506,3
Marvel's Luke Cage,TV Show,2018,TV-MA,2 Seasons,United States,2,1,8,603,0
Us and Them,Movie,2018,TV-MA,119 min,China,119,0,8,105,1
Hannah Gadsby: Nanette,Movie,2018,TV-MA,70 min,Australia,70,0,8,15,3
Club de Cuervos Presents: The Ballad of Hugo Sánchez,TV Show,2018,TV-MA,1 Season,United States,1,1,8,603,0
Lust Stories,Movie,2018,TV-MA,121 min,India,121,0,8,251,2
Maktub,Movie,2018,TV-MA,106 min,Israel,106,0,8,296,1
Pacificum: Return to the Ocean,Movie,2017,TV-G,74 min,Peru,74,0,7,385,3
Set It Up,Movie,2018,TV-MA,106 min,United States,106,0,8,603,1
Sunday's Illness,Movie,2017,PG-13,113 min,Spain,113,0,4,444,1
The last hour,Movie,2017,TV-MA,119 min,"Chile, Peru",119,0,8,102,1
Alex Strangelove,Movie,2018,TV-MA,100 min,United States,100,0,8,603,1
Ali's Wedding,Movie,2018,TV-MA,110 min,Australia,110,0,8,15,1
Franco Escamilla: Por la anécdota,Movie,2018,TV-MA,66 min,Mexico,66,0,8,342,3
The Staircase,TV Show,2018,TV-MA,1 Season,France,1,1,8,162,0
The Night Shift,TV Show,2017,TV-14,4 Seasons,United States,4,1,6,603,0
Dinosaur King,TV Show,2008,TV-Y7,2 Seasons,Japan,2,1,11,319,0
B.A. Pass 2,Movie,2017,TV-14,126 min,India,126,0,6,251,2
Bad Genius,Movie,2017,TV-MA,130 min,Thailand,130,0,8,488,2
November 13: Attack on Paris,TV Show,2018,TV-MA,1 Season,France,1,1,8,162,0
Outside In,Movie,2018,TV-MA,110 min,United States,110,0,8,603,1
Pedal the World,Movie,2015,TV-MA,85 min,Germany,85,0,8,212,1
Unbreakable Kimmy Schmidt,TV Show,2019,TV-14,4 Seasons,United States,4,1,6,603,0
Arrested Development,TV Show,2019,TV-MA,5 Seasons,United States,5,1,8,603,0
The Break with Michelle Wolf,TV Show,2018,TV-MA,1 Season,United States,1,1,8,603,0
Sara's Notebook,Movie,2018,TV-MA,117 min,Spain,117,0,8,444,1
Something in the Rain,TV Show,2018,TV-MA,1 Season,South Korea,1,1,8,435,0
Fernando Sanjiao: Hombre,Movie,2018,TV-MA,63 min,Argentina,63,0,8,2,3
Ibiza,Movie,2018,TV-MA,94 min,United States,94,0,8,603,1
Steve Martin and Martin Short: An Evening You Will Forget for the Rest of Your Life,Movie,2018,TV-14,74 min,United States,74,0,6,603,3
Trollhunters,TV Show,2018,TV-Y7,3 Seasons,"United States, Mexico",3,1,11,690,0
Mob Psycho 100,TV Show,2018,TV-MA,1 Season,Japan,1,1,8,319,0
Tig Notaro Happy To Be Here,Movie,2018,TV-14,58 min,United States,58,0,6,603,3
Catching Feelings,Movie,2018,TV-MA,117 min,South Africa,117,0,8,426,1
Inspector Gadget,TV Show,2017,TV-Y7,4 Seasons,"Canada, United States, France",4,1,11,89,0
Katt Williams: American Hustle (The Movie),Movie,2007,TV-MA,89 min,United States,89,0,8,603,1
Food on the Go,Movie,2017,TV-MA,66 min,"Argentina, Italy",66,0,8,8,3
Aiyaary,Movie,2018,TV-MA,158 min,India,158,0,8,251,2
Lupin the 3rd: The Castle of Cagliostro: Special Edition,Movie,1979,PG-13,100 min,Japan,100,0,4,319,1
Saint Seiya: The Lost Canvas,TV Show,2009,TV-MA,1 Season,Japan,1,1,8,319,0
Ali Wong: Hard Knock Wife,Movie,2018,TV-MA,64 min,United States,64,0,8,603,3
Spivak,Movie,2017,TV-MA,92 min,United States,92,0,8,603,1
Bill Nye Saves the World,TV Show,2018,TV-14,3 Seasons,United States,3,1,6,603,0
Carlos Ballarta: Furia Ñera,Movie,2018,TV-MA,63 min,Mexico,63,0,8,342,3
Evil Genius,TV Show,2018,TV-MA,1 Season,United States,1,1,8,603,0
The Kissing Booth,Movie,2018,TV-14,105 min,"United Kingdom, United States",105,0,6,589,1
The Who Was? Show,TV Show,2018,TV-PG,1 Season,United States,1,1,9,603,0
Hari Kondabolu: Warn Your Relatives,Movie,2018,TV-MA,67 min,United States,67,0,8,603,3
My Fuhrer,Movie,2007,TV-14,91 min,Germany,91,0,6,212,1
Family Blood,Movie,2018,TV-MA,92 min,United States,92,0,8,603,1
Pup Star: World Tour,Movie,2018,G,87 min,"Canada, Japan, United States",87,0,0,73,1
A Little Help with Carol Burnett,TV Show,2018,TV-G,1 Season,United States,1,1,7,603,0
Anon,Movie,2018,TV-MA,100 min,"United Kingdom, Canada, United States, Germany",100,0,8,522,1
Dany Boon: Des Hauts De France,Movie,2018,TV-MA,113 min,France,113,0,8,162,1
End Game,Movie,2018,TV-PG,40 min,United States,40,0,9,603,3
Forgive Us Our Debts,Movie,2018,TV-MA,105 min,"Italy, Switzerland, Albania, Poland",105,0,8,311,1
Kong: King of the Apes,TV Show,2018,TV-Y7,2 Seasons,"United States, Japan, Canada",2,1,11,687,0
Lo más sencillo es complicarlo todo,Movie,2018,TV-14,94 min,Mexico,94,0,6,342,1
Manhunt,Movie,2017,TV-MA,109 min,"China, Hong Kong",109,0,8,108,1
Thi Mai,Movie,2017,TV-MA,99 min,Spain,99,0,8,444,1
Si saben cómo me pongo ¿pá qué me invitan?,Movie,2018,TV-MA,89 min,Colombia,89,0,8,121,1
Jailbreak,Movie,2017,TV-MA,92 min,Cambodia,92,0,8,55,1
Ajji,Movie,2017,TV-MA,105 min,India,105,0,8,251,1
CIA: Comrade in America,Movie,2017,TV-14,130 min,India,130,0,6,251,2
Coffee for All,Movie,2017,TV-PG,69 min,"Italy, United States, Argentina",69,0,9,317,3
Darc,Movie,2018,TV-MA,98 min,United States,98,0,8,603,1
Despido Procedente,Movie,2017,TV-MA,90 min,"Argentina, Spain",90,0,8,9,1
John Mulaney: Kid Gorgeous at Radio City,Movie,2018,TV-MA,65 min,United States,65,0,8,603,3
My Perfect Romance,Movie,2018,PG,92 min,Canada,92,0,3,58,1
Pocoyo & The Space Circus,Movie,2008,TV-Y,25 min,Spain,25,0,10,444,0
Pocoyo Halloween: Space Halloween,Movie,2015,TV-Y,40 min,United States,40,0,10,603,3
Simon,TV Show,2016,TV-Y,1 Season,France,1,1,10,162,0
Sometimes,Movie,2016,TV-14,101 min,India,101,0,6,251,1
The Clapper,Movie,2017,R,90 min,United States,90,0,5,603,1
Toc Toc,Movie,2017,TV-MA,96 min,Spain,96,0,8,444,1
Black Crows,TV Show,2017,TV-14,1 Season,"Saudi Arabia, Syria, Egypt, Lebanon, Kuwait",1,1,6,414,0
Running Shaadi,Movie,2017,TV-14,115 min,India,115,0,6,251,1
The Price of Success,Movie,2017,TV-MA,92 min,France,92,0,8,162,1
Candy Jar,Movie,2018,TV-14,93 min,United States,93,0,6,603,1
Holy Goalie,Movie,2017,TV-MA,95 min,Spain,95,0,8,444,1
The Rachel Divide,Movie,2018,TV-MA,105 min,United States,105,0,8,603,1
The Week Of,Movie,2018,TV-14,117 min,United States,117,0,6,603,1
Enissa Amani: Ehrenwort,Movie,2018,TV-MA,66 min,Germany,66,0,8,212,3
Bill Nye: Science Guy,Movie,2017,TV-PG,97 min,United States,97,0,9,603,1
Fishtronaut: The Movie,Movie,2018,TV-Y,78 min,Brazil,78,0,10,45,3
Psychokinesis,Movie,2018,TV-MA,102 min,South Korea,102,0,8,435,1
Kevin James: Never Don't Give Up,Movie,2018,TV-PG,62 min,United States,62,0,9,603,3
Dude,Movie,2018,TV-MA,97 min,United States,97,0,8,603,1
Kodachrome,Movie,2018,TV-MA,105 min,"Canada, United States",105,0,8,86,1
Mercury 13,Movie,2018,TV-PG,79 min,United States,79,0,9,603,3
All The Reasons To Forget,Movie,2017,TV-MA,90 min,Brazil,90,0,8,45,1
Charité,TV Show,2017,TV-MA,1 Season,Germany,1,1,8,212,0
The Chalet,TV Show,2018,TV-MA,1 Season,France,1,1,8,162,0
The Honeymoon Stand Up Special,TV Show,2018,TV-MA,1 Season,United States,1,1,8,603,0
Beyond Skyline,Movie,2017,R,107 min,"United States, Canada, Indonesia, United Kingdom, China, Singapore",107,0,5,626,1
Come Sunday,Movie,2018,TV-14,105 min,United States,105,0,6,603,1
I Am not an Easy Man,Movie,2018,TV-MA,99 min,France,99,0,8,162,1
The Magic School Bus Rides Again,TV Show,2018,TV-Y,2 Seasons,United States,2,1,10,603,0
Pickpockets,Movie,2017,TV-MA,108 min,Colombia,108,0,8,121,1
Greg Davies: You Magnificent Beast,Movie,2018,TV-MA,66 min,United Kingdom,66,0,8,506,3
AMO,TV Show,2017,TV-MA,1 Season,Philippines,1,1,8,388,0
6 Balloons,Movie,2018,TV-MA,75 min,United States,75,0,8,603,3
Amateur,Movie,2018,TV-MA,96 min,United States,96,0,8,603,1
Orbiter 9,Movie,2017,TV-14,95 min,"Spain, Colombia",95,0,6,449,1
"Ram Dass, Going Home",Movie,2018,TV-14,32 min,United States,32,0,6,603,0
Seth Rogen's Hilarity for Charity,Movie,2018,TV-MA,70 min,United States,70,0,8,603,3
Sun Dogs,Movie,2017,TV-MA,94 min,"Mexico, United States",94,0,8,350,1
Todo lo que sería Lucas Lauriente,Movie,2018,TV-MA,78 min,Argentina,78,0,8,2,3
Troy,TV Show,2018,TV-MA,1 Season,"United Kingdom, South Africa, Australia, United States",1,1,8,580,0
Wakfu,TV Show,2017,TV-PG,3 Seasons,France,3,1,9,162,0
Day of the Dead: Bloodline,Movie,2018,R,91 min,Bulgaria,91,0,5,52,1
Fary Is the New Black,Movie,2018,TV-MA,75 min,France,75,0,8,162,3
Ittefaq,Movie,2017,TV-MA,105 min,India,105,0,8,251,1
Star Trek: The Next Generation,TV Show,1993,TV-PG,7 Seasons,United States,7,1,9,603,0
A Sort of Family,Movie,2017,TV-14,96 min,"Argentina, Brazil, France, Poland, Germany, Denmark",96,0,6,3,1
Billu,Movie,2009,TV-PG,132 min,India,132,0,9,251,2
Fallet,TV Show,2017,TV-MA,1 Season,Sweden,1,1,8,470,0
John Mulaney: New in Town,Movie,2012,TV-MA,60 min,United States,60,0,8,603,3
Loaded,TV Show,2017,TV-MA,1 Season,United Kingdom,1,1,8,506,0
Main Hoon Na,Movie,2004,TV-14,171 min,India,171,0,6,251,2
Metro,Movie,2016,TV-14,116 min,India,116,0,6,251,1
Om Shanti Om,Movie,2007,TV-14,169 min,India,169,0,6,251,2
Paheli,Movie,2005,TV-PG,134 min,India,134,0,9,251,2
Phir Bhi Dil Hai Hindustani,Movie,2000,TV-14,159 min,India,159,0,6,251,2
Doctor Foster,TV Show,2017,TV-MA,2 Seasons,United Kingdom,2,1,8,506,0
Revolt,Movie,2017,R,87 min,United Kingdom,87,0,5,506,1
First Match,Movie,2018,TV-MA,103 min,United States,103,0,8,603,1
Happy Anniversary,Movie,2018,TV-MA,78 min,United States,78,0,8,603,3
Rapture,TV Show,2018,TV-MA,1 Season,United States,1,1,8,603,0
Sofía Niño de Rivera: Selección Natural,Movie,2018,TV-MA,62 min,Mexico,62,0,8,342,3
The Titan,Movie,2018,TV-MA,97 min,"United Kingdom, Spain, United States, Germany",97,0,8,586,1
Trailer Park Boys,TV Show,2018,TV-MA,12 Seasons,Canada,12,1,8,58,0
Trailer Park Boys: Countdown to Liquor Day,Movie,2009,R,102 min,Canada,102,0,5,58,1
Trailer Park Boys: The Movie,Movie,2006,R,95 min,Canada,95,0,5,58,1
Trump: An American Dream,TV Show,2018,TV-14,1 Season,United Kingdom,1,1,6,506,0
James Acaster: Repertoire,TV Show,2018,TV-14,1 Season,United Kingdom,1,1,6,506,0
Birdshot,Movie,2016,TV-MA,115 min,"Philippines, Qatar",115,0,8,390,1
"Game Over, Man!",Movie,2018,TV-MA,102 min,United States,102,0,8,603,1
Layla M.,Movie,2016,TV-MA,99 min,"Netherlands, Belgium, Germany, Jordan",99,0,8,356,1
Paradox,Movie,2018,TV-MA,74 min,United States,74,0,8,603,3
Requiem,TV Show,2018,TV-MA,1 Season,United Kingdom,1,1,8,506,0
Roxanne Roxanne,Movie,2018,TV-MA,100 min,United States,100,0,8,603,1
Secret Superstar,Movie,2017,TV-14,150 min,India,150,0,6,251,2
The Standups,TV Show,2018,TV-MA,2 Seasons,United States,2,1,8,603,0
Benji,Movie,2018,TV-PG,87 min,"United Arab Emirates, United States",87,0,9,504,1
Edha,TV Show,2018,TV-MA,1 Season,Argentina,1,1,8,2,0
Take Your Pills,Movie,2018,TV-14,88 min,United States,88,0,6,603,1
Wild Wild Country,TV Show,2018,TV-MA,1 Season,United States,1,1,8,603,0
In This Corner of the World,Movie,2016,PG-13,129 min,Japan,129,0,4,319,2
Jag älskar dig: En skilsmässokomedi,Movie,2016,TV-MA,91 min,Sweden,91,0,8,470,1
Secret of the Nile,TV Show,2016,TV-14,1 Season,Egypt,1,1,6,150,0
Tabula Rasa,TV Show,2017,TV-MA,1 Season,Belgium,1,1,8,38,0
The Art of Loving,Movie,2017,TV-MA,115 min,Poland,115,0,8,394,1
Steel Rain,Movie,2018,TV-MA,140 min,South Korea,140,0,8,435,2
Children of the Whales,TV Show,2017,TV-14,1 Season,Japan,1,1,6,319,0
Ricky Gervais: Humanity,Movie,2018,TV-MA,79 min,United Kingdom,79,0,8,506,3
Stretch Armstrong: The Breakout,Movie,2018,TV-Y7,104 min,United States,104,0,11,603,1
A.I.C.O.,TV Show,2018,TV-14,1 Season,Japan,1,1,6,319,0
Collateral,TV Show,2018,TV-MA,1 Season,"United Kingdom, United States",1,1,8,589,0
The Outsider,Movie,2018,TV-MA,121 min,United States,121,0,8,603,2
Bad Guys: Vile City,TV Show,2018,TV-MA,1 Season,South Korea,1,1,8,435,0
Ladies First,Movie,2018,TV-G,40 min,India,40,0,7,251,3
Bullet Head,Movie,2017,R,94 min,"Bulgaria, United States",94,0,5,53,1
Borderliner,TV Show,2017,TV-MA,1 Season,"Norway, Germany, Sweden",1,1,8,375,0
Gad Elmaleh: American Dream,Movie,2018,TV-14,58 min,United States,58,0,6,603,3
Flint Town,TV Show,2018,TV-MA,1 Season,United States,1,1,8,603,0
Malena Pichot: Estupidez compleja,Movie,2018,TV-MA,51 min,Argentina,51,0,8,2,3
Natalia Valdebenito: El especial,Movie,2018,TV-MA,69 min,Chile,69,0,8,96,3
Ravenous,Movie,2017,TV-MA,104 min,Canada,104,0,8,58,1
21 Thunder,TV Show,2017,TV-MA,1 Season,Canada,1,1,8,58,0
Adel Karam: Live from Beirut,Movie,2018,TV-MA,59 min,United States,59,0,8,603,3
Battle Drone,Movie,2018,TV-MA,94 min,United States,94,0,8,603,1
Dil Se,Movie,1998,TV-14,166 min,India,166,0,6,251,2
Guru,Movie,2007,TV-PG,155 min,India,155,0,9,251,2
Judwaa 2,Movie,2017,TV-14,145 min,India,145,0,6,251,2
Love Beats Rhymes,Movie,2016,R,106 min,United States,106,0,5,603,1
Schubert In Love,Movie,2016,TV-14,94 min,Germany,94,0,6,212,1
Shubh Aarambh,Movie,2017,TV-PG,127 min,India,127,0,9,251,2
Something Huge,Movie,2017,TV-MA,87 min,Spain,87,0,8,444,1
Swades,Movie,2004,TV-PG,185 min,India,185,0,9,251,2
Swearnet Live,Movie,2014,TV-MA,75 min,Canada,75,0,8,58,3
Trailer Park Boys Live at the North Pole,Movie,2014,TV-MA,89 min,Canada,89,0,8,58,1
Trailer Park Boys Live In F**kin' Dublin,Movie,2014,TV-MA,81 min,Canada,81,0,8,58,3
Trailer Park Boys: Say Goodnight to the Bad Guys,Movie,2008,TV-MA,47 min,Canada,47,0,8,58,3
Trailer Park Boys: Xmas Special,Movie,2004,TV-MA,46 min,Canada,46,0,8,58,3
Tu Hai Mera Sunday,Movie,2016,TV-14,125 min,India,125,0,6,251,2
Yuva,Movie,2004,TV-14,160 min,India,160,0,6,251,2
반드시 잡는다,Movie,2017,TV-MA,110 min,South Korea,110,0,8,435,1
Derren Brown: The Push,Movie,2018,TV-MA,69 min,United Kingdom,69,0,8,506,3
Marlon Wayans: Woke-ish,Movie,2018,TV-MA,67 min,United States,67,0,8,603,3
Veronica,Movie,2017,TV-MA,105 min,Spain,105,0,8,444,1
Best Lover,TV Show,2016,TV-14,1 Season,"South Korea, China",1,1,6,437,0
Marseille,TV Show,2018,TV-MA,2 Seasons,France,2,1,8,162,0
Mute,Movie,2018,TV-MA,127 min,"United Kingdom, Germany",127,0,8,545,2
Seven Seconds,TV Show,2018,TV-MA,1 Season,United States,1,1,8,603,0
Hitler's Circle of Evil,TV Show,2017,TV-14,1 Season,United Kingdom,1,1,6,506,0
Forgotten,Movie,2017,TV-MA,109 min,South Korea,109,0,8,435,1
The Frankenstein Chronicles,TV Show,2017,TV-MA,2 Seasons,United Kingdom,2,1,8,506,0
FullMetal Alchemist,Movie,2017,TV-PG,134 min,Japan,134,0,9,319,2
Agustín Aristarán: Soy Rada,Movie,2018,TV-MA,60 min,Argentina,60,0,8,2,3
Dragons: Race to the Edge,TV Show,2018,TV-Y7,6 Seasons,United States,6,1,11,603,0
Everything Sucks!,TV Show,2018,TV-14,1 Season,United States,1,1,6,603,0
Irreplaceable You,Movie,2018,TV-MA,96 min,United States,96,0,8,603,1
Re:Mind,TV Show,2017,TV-MA,1 Season,Japan,1,1,8,319,0
Chris Rock: Tamborine,Movie,2018,TV-MA,65 min,United States,65,0,8,603,3
Love Per Square Foot,Movie,2018,TV-14,133 min,India,133,0,6,251,2
Seeing Allred,Movie,2018,TV-14,96 min,United States,96,0,6,603,1
The Ritual,Movie,2018,TV-MA,95 min,"United Kingdom, Canada",95,0,8,516,1
The Trader (Sovdagari),Movie,2018,TV-PG,24 min,Georgia,24,0,9,210,0
When We First Met,Movie,2018,TV-14,97 min,United States,97,0,6,603,1
Valor,TV Show,2017,TV-14,1 Season,United States,1,1,6,603,0
The Cloverfield Paradox,Movie,2018,PG-13,102 min,United States,102,0,4,603,1
Coach Snoop,TV Show,2018,TV-MA,1 Season,United States,1,1,8,603,0
On Body and Soul,Movie,2017,TV-MA,116 min,Hungary,116,0,8,247,1
The Bros,Movie,2017,TV-14,102 min,South Korea,102,0,6,435,1
Liberated: The New Sexual Revolution,Movie,2017,TV-MA,86 min,"United States, Mexico",86,0,8,690,1
Newness,Movie,2017,TV-MA,117 min,United States,117,0,8,603,1
Under Arrest,TV Show,2016,TV-MA,8 Seasons,United States,8,1,8,603,0
Expedition Happiness,Movie,2017,TV-PG,96 min,Germany,96,0,9,212,1
Jerry Seinfeld: I'm Telling You for the Last Time,Movie,1998,TV-14,69 min,United States,69,0,6,603,3
Retribution,TV Show,2016,TV-MA,1 Season,United Kingdom,1,1,8,506,0
Holy Camp!,Movie,2017,TV-MA,108 min,Spain,108,0,8,444,1
A Futile and Stupid Gesture,Movie,2018,TV-MA,102 min,United States,102,0,8,603,1
Fakkah Fuzz: Almost Banned,Movie,2018,TV-MA,61 min,Singapore,61,0,8,419,3
Mau Nieto: Viviendo sobrio… desde el bar,Movie,2018,TV-MA,57 min,Mexico,57,0,8,342,3
Sebastián Marcelo Wainraich,Movie,2018,TV-MA,49 min,Argentina,49,0,8,2,3
The Adventures of Puss in Boots,TV Show,2018,TV-Y7,6 Seasons,United States,6,1,11,603,0
Acts of Vengeance,Movie,2017,R,87 min,"Bulgaria, United States",87,0,5,53,1
Prison Playbook,TV Show,2017,TV-MA,1 Season,South Korea,1,1,8,435,0
Ricardo Quevedo: Hay gente así,Movie,2018,TV-MA,59 min,Colombia,59,0,8,121,3
Todd Glass: Act Happy,Movie,2018,TV-MA,63 min,United States,63,0,8,603,3
The Shannara Chronicles,TV Show,2018,TV-MA,2 Seasons,"United States, New Zealand",2,1,8,695,0
Love and Hong Kong,TV Show,2017,TV-PG,1 Season,Japan,1,1,9,319,0
Harith Iskander: I Told You So,Movie,2018,TV-14,62 min,United States,62,0,6,603,3
Step Sisters,Movie,2018,PG-13,108 min,United States,108,0,4,603,1
The Open House,Movie,2018,TV-MA,95 min,"Canada, United States",95,0,8,86,1
Bad Day for the Cut,Movie,2017,TV-MA,99 min,United Kingdom,99,0,8,506,1
Tiempos de guerra,TV Show,2017,TV-MA,1 Season,Spain,1,1,8,444,0
Arango y Sanint: Ríase el show,Movie,2018,TV-MA,62 min,Colombia,62,0,8,121,3
Godzilla,TV Show,2017,TV-14,1 Season,Japan,1,1,6,319,0
Katt Williams: Great America,Movie,2018,TV-MA,60 min,United States,60,0,8,603,3
Alibaba Aur 40 Chor,Movie,1980,TV-14,147 min,"Soviet Union, India",147,0,6,443,2
Pyar Ke Do Pal,Movie,1986,TV-14,153 min,India,153,0,6,251,2
Rip Tide,Movie,2017,TV-PG,87 min,"Australia, United Arab Emirates",87,0,9,25,1
Disjointed,TV Show,2018,TV-MA,2 Seasons,United States,2,1,8,603,0
Milada,Movie,2017,TV-14,124 min,"Czech Republic, United States",124,0,6,133,2
The Polka King,Movie,2018,TV-14,94 min,United States,94,0,6,603,1
The Reservoir Game,Movie,2017,TV-MA,100 min,South Korea,100,0,8,435,1
Tom Segura: Disgraceful,Movie,2018,TV-MA,71 min,United States,71,0,8,603,3
Alejandro Riaño: Especial de stand up,Movie,2018,TV-MA,60 min,Colombia,60,0,8,121,3
The House Next Door,Movie,2017,TV-MA,135 min,India,135,0,8,251,2
Episodes,TV Show,2017,TV-MA,5 Seasons,"United Kingdom, United States",5,1,8,589,0
Before I Wake,Movie,2016,PG-13,97 min,United States,97,0,4,603,1
Devilman Crybaby,TV Show,2018,TV-MA,1 Season,Japan,1,1,8,319,0
Mustang Island,Movie,2017,TV-14,86 min,United States,86,0,6,603,1
Eve's Apple,Movie,2017,TV-MA,91 min,Spain,91,0,8,444,1
Fullmetal Alchemist,TV Show,2003,TV-14,1 Season,Japan,1,1,6,319,0
Fullmetal Alchemist: Brotherhood,TV Show,2010,TV-14,5 Seasons,Japan,5,1,6,319,0
Lovesick,TV Show,2018,TV-MA,3 Seasons,United Kingdom,3,1,8,506,0
Pokémon: Indigo League,TV Show,2000,TV-Y7,1 Season,Japan,1,1,11,319,0
The Frozen Dead,TV Show,2017,TV-MA,1 Season,France,1,1,8,162,0
Dave Chappelle: Equanimity & The Bird Revelation,TV Show,2017,TV-MA,1 Season,United States,1,1,8,603,0
Fun Mom Dinner,Movie,2017,R,82 min,United States,82,0,5,603,3
Goon: Last of the Enforcers,Movie,2016,R,102 min,Canada,102,0,5,58,1
La Mante,TV Show,2017,TV-MA,1 Season,France,1,1,8,162,0
The Climb,Movie,2017,TV-14,105 min,France,105,0,6,162,1
Bibi & Tina: Tohuwabohu Total,Movie,2017,TV-14,106 min,Germany,106,0,6,212,1
Mr. Roosevelt,Movie,2017,TV-MA,91 min,United States,91,0,8,603,1
Todd Barry: Spicy Honey,Movie,2017,TV-MA,61 min,United States,61,0,8,603,3
Creep 2,Movie,2017,TV-MA,80 min,United States,80,0,8,603,3
Myths & Monsters,TV Show,2017,TV-PG,1 Season,United Kingdom,1,1,9,506,0
72 Dangerous Animals: Latin America,TV Show,2017,TV-14,1 Season,"Australia, United States",1,1,6,30,0
Bright,Movie,2017,TV-MA,118 min,United States,118,0,8,603,1
Desire,Movie,2017,TV-MA,94 min,Argentina,94,0,8,2,1
48 Christmas Wishes,Movie,2017,TV-G,84 min,Canada,84,0,7,58,3
Jeremiah Tower: The Last Magnificent,Movie,2016,R,103 min,"Mexico, United States",103,0,5,350,1
Russell Howard: Recalibrate,Movie,2017,TV-MA,69 min,United Kingdom,69,0,8,506,3
The Indian Detective,TV Show,2017,TV-14,1 Season,"Canada, Germany, South Africa",1,1,6,67,0
"Hello, My Twenties!",TV Show,2017,TV-MA,2 Seasons,South Korea,2,1,8,435,0
Christmas Inheritance,Movie,2017,TV-G,105 min,United States,105,0,7,603,1
Muramba,Movie,2017,TV-MA,128 min,India,128,0,8,251,2
Pottersville,Movie,2017,PG-13,86 min,United States,86,0,4,603,1
Seoul Searching,Movie,2015,TV-MA,109 min,"South Korea, China, United States",109,0,8,438,1
Wormwood,TV Show,2017,TV-14,1 Season,United States,1,1,6,603,0
Halt and Catch Fire,TV Show,2017,TV-14,4 Seasons,United States,4,1,6,603,0
Judd Apatow: The Return,Movie,2017,TV-MA,70 min,United States,70,0,8,603,3
El Camino Christmas,Movie,2017,TV-MA,89 min,United States,89,0,8,603,1
Jaal,Movie,1986,TV-14,162 min,India,162,0,6,251,2
Shikari,Movie,1991,TV-14,163 min,"India, Soviet Union",163,0,6,264,2
The Secret,Movie,2006,TV-14,91 min,"Australia, United States",91,0,6,30,1
Trolls Holiday Special,Movie,2017,TV-Y7,27 min,United States,27,0,11,603,0
Craig Ferguson: Tickle Fight,Movie,2017,TV-MA,67 min,United States,67,0,8,603,3
Jab Harry Met Sejal,Movie,2017,TV-MA,142 min,India,142,0,8,251,2
Temple,Movie,2017,TV-MA,78 min,"Japan, United States",78,0,8,322,3
A StoryBots Christmas,Movie,2017,TV-Y,26 min,United States,26,0,10,603,0
All Hail King Julien,TV Show,2017,TV-Y7,5 Seasons,United States,5,1,11,603,0
Dhia Sofea,TV Show,2015,TV-14,1 Season,Malaysia,1,1,6,338,0
DreamWorks Home: For the Holidays,Movie,2017,TV-Y,46 min,United States,46,0,10,603,3
Kantaro: The Sweet Tooth Salaryman,TV Show,2017,TV-PG,1 Season,Japan,1,1,9,319,0
Monster Island,Movie,2017,TV-Y7,81 min,"India, Mexico",81,0,11,261,3
My Happy Family,Movie,2017,TV-14,119 min,"Georgia, Germany, France",119,0,6,211,1
Oggy and the Cockroaches,TV Show,2017,TV-Y7,1 Season,France,1,1,11,162,0
The Worthy,Movie,2016,TV-MA,99 min,"United Arab Emirates, Romania",99,0,8,502,1
TURN: Washington's Spies,TV Show,2017,TV-14,4 Seasons,United States,4,1,6,603,0
Voyeur,Movie,2017,TV-MA,96 min,United States,96,0,8,603,1
Man Down,TV Show,2017,TV-MA,4 Seasons,United Kingdom,4,1,8,506,0
Broadchurch,TV Show,2017,TV-MA,3 Seasons,United Kingdom,3,1,8,506,0
Poster Boys,Movie,2017,PG-13,128 min,India,128,0,4,251,2
Cuba and the Cameraman,Movie,2017,TV-14,114 min,United States,114,0,6,603,1
The Girl from the Song,Movie,2016,TV-MA,101 min,Spain,101,0,8,444,1
The Many Faces of Ito,TV Show,2017,TV-14,1 Season,Japan,1,1,6,319,0
Argon,TV Show,2017,TV-MA,1 Season,South Korea,1,1,8,435,0
Barbra: The Music ... The Mem'ries ... The Magic!,Movie,2017,TV-14,109 min,United States,109,0,6,603,1
Godless,TV Show,2017,TV-MA,1 Season,United States,1,1,8,603,0
Beat Bugs: All Together Now,Movie,2017,TV-Y,51 min,"Australia, Canada",51,0,10,17,3
Brian Regan: Nunchucks and Flamethrowers,Movie,2017,TV-PG,61 min,United States,61,0,9,603,3
Saving Capitalism,Movie,2017,TV-PG,73 min,United States,73,0,9,603,3
A Christmas Prince,Movie,2017,TV-PG,92 min,United States,92,0,9,603,1
"Jim & Andy: The Great Beyond - Featuring a Very Special, Contractually Obligated Mention of Tony Clifton",Movie,2017,TV-MA,94 min,"Canada, United States",94,0,8,86,1
Longmire,TV Show,2017,TV-MA,6 Seasons,United States,6,1,8,603,0
Luna Petunia,TV Show,2017,TV-Y,3 Seasons,United States,3,1,10,603,0
Mudbound,Movie,2017,R,135 min,United States,135,0,5,603,2
Shot in the Dark,TV Show,2017,TV-MA,1 Season,United States,1,1,8,603,0
The Irregular at Magic High School,TV Show,2014,TV-14,1 Season,Japan,1,1,6,319,0
The Method,TV Show,2015,TV-MA,1 Season,Russia,1,1,8,407,0
DeRay Davis: How to Act Black,Movie,2017,TV-MA,66 min,United States,66,0,8,603,3
Bon Cop Bad Cop 2,Movie,2017,TV-MA,126 min,Canada,126,0,8,58,2
Blazing Transfer Students,TV Show,2017,TV-MA,1 Season,Japan,1,1,8,319,0
Glitter Force Doki Doki,TV Show,2017,TV-Y7,2 Seasons,Japan,2,1,11,319,0
Lady Dynamite,TV Show,2017,TV-MA,2 Seasons,United States,2,1,8,603,0
Mea Culpa,Movie,2017,TV-MA,54 min,Mexico,54,0,8,342,3
The Killer,Movie,2017,TV-MA,100 min,Brazil,100,0,8,45,1
Fate/Apocrypha,TV Show,2017,TV-MA,2 Seasons,Japan,2,1,8,319,0
Jerry Seinfeld: Comedian,Movie,2002,R,81 min,United States,81,0,5,603,3
Project Mc²,TV Show,2017,TV-G,6 Seasons,United States,6,1,7,603,0
The Journey Is the Destination,Movie,2016,R,123 min,United States,123,0,5,603,2
Let It Fall: Los Angeles 1982-1992,Movie,2017,TV-MA,144 min,United States,144,0,8,603,2
Mubarakan,Movie,2017,PG-13,153 min,India,153,0,4,251,2
Alias Grace,TV Show,2017,TV-MA,1 Season,Canada,1,1,8,58,0
Bandie,Movie,1978,TV-PG,141 min,India,141,0,9,251,2
Getaway Plan,Movie,2016,TV-MA,104 min,Spain,104,0,8,444,1
Hajwala: The Missing Engine,Movie,2016,TV-PG,97 min,United Arab Emirates,97,0,9,499,1
Pettersson and Findus 2,Movie,2016,TV-G,82 min,Germany,82,0,7,212,3
The Bittersweet,Movie,2017,TV-MA,98 min,China,98,0,8,105,1
Together,TV Show,2009,TV-14,1 Season,Singapore,1,1,6,419,0
Judah Friedlander: America Is the Greatest Country in the United States,Movie,2017,TV-MA,84 min,United States,84,0,8,603,3
The B-Side: Elsa Dorfman's Portrait Photography,Movie,2016,R,76 min,United States,76,0,5,603,3
SPF-18,Movie,2017,PG-13,75 min,United States,75,0,4,603,3
Pup Star: Better 2Gether,Movie,2017,PG,93 min,Canada,93,0,3,58,1
Beyond Stranger Things,TV Show,2017,TV-14,1 Season,United States,1,1,6,603,0
Joan Didion: The Center Will Not Hold,Movie,2017,TV-14,98 min,United States,98,0,6,603,1
Strange Weather,Movie,2016,R,91 min,United States,91,0,5,603,1
The Hateful Eight,Movie,2015,R,168 min,United States,168,0,5,603,2
Jack Whitehall: At Large,Movie,2017,TV-MA,68 min,United Kingdom,68,0,8,506,3
The Mist,TV Show,2017,TV-MA,1 Season,"Canada, United States",1,1,8,86,0
W1A,TV Show,2017,TV-MA,3 Seasons,United Kingdom,3,1,8,506,0
1922,Movie,2017,TV-MA,103 min,United States,103,0,8,603,1
Haters Back Off,TV Show,2017,TV-PG,2 Seasons,United States,2,1,9,603,0
One of Us,Movie,2017,TV-14,95 min,United States,95,0,6,603,1
The Day I Met El Chapo,TV Show,2017,TV-MA,1 Season,United States,1,1,8,603,0
Wheelman,Movie,2017,TV-MA,82 min,United States,82,0,8,603,3
Wedding Unplanned,Movie,2017,TV-MA,94 min,France,94,0,8,162,1
Patton Oswalt: Annihilation,Movie,2017,TV-MA,66 min,United States,66,0,8,603,3
Baadshaho,Movie,2017,TV-14,135 min,India,135,0,6,251,2
Lucknow Central,Movie,2017,TV-14,144 min,India,144,0,6,251,2
Belief: The Possession of Janet Moses,Movie,2015,TV-MA,90 min,New Zealand,90,0,8,363,1
Seven and Me,TV Show,2017,TV-Y,1 Season,France,1,1,10,162,0
Singapore,Movie,1960,TV-PG,158 min,"India, Malaysia",158,0,9,260,2
West Coast Customs,TV Show,2015,TV-G,6 Seasons,United States,6,1,7,603,0
Blessed Benefit,Movie,2016,TV-14,83 min,"Germany, Jordan, Netherlands",83,0,6,224,3
Clair Obscur,Movie,2016,TV-MA,102 min,"Turkey, France, Germany, Poland",102,0,8,494,1
"El Especial de Alex Fernández, el Especial",Movie,2017,TV-MA,52 min,Mexico,52,0,8,342,3
Kingdom of Us,Movie,2017,TV-MA,110 min,United Kingdom,110,0,8,506,1
The Babysitter,Movie,2017,TV-MA,85 min,United States,85,0,8,603,1
The Meyerowitz Stories (New and Selected),Movie,2017,TV-MA,113 min,United States,113,0,8,603,1
Barakah Meets Barakah,Movie,2016,TV-MA,88 min,Saudi Arabia,88,0,8,412,1
Bomb Scared,Movie,2017,TV-MA,89 min,Spain,89,0,8,444,1
Christina P: Mother Inferior,Movie,2017,TV-MA,59 min,United States,59,0,8,603,3
ID-0,TV Show,2017,TV-PG,1 Season,Japan,1,1,9,319,0
Kibaoh Klashers,TV Show,2017,TV-Y7,2 Seasons,China,2,1,11,105,0
The Death and Life of Marsha P. Johnson,Movie,2017,TV-MA,106 min,"Greece, United States",106,0,8,237,1
Rodney Carrington: Here Comes the Truth,Movie,2017,TV-MA,66 min,United States,66,0,8,603,3
26 Years,Movie,2012,TV-MA,135 min,South Korea,135,0,8,435,2
Beyblade Burst,TV Show,2016,TV-Y7,1 Season,Japan,1,1,11,319,0
Equestria Girls: Tales of Canterlot High,TV Show,2017,TV-Y7,1 Season,"United States, Canada",1,1,11,621,0
For Your Own Good,Movie,2017,TV-MA,93 min,Spain,93,0,8,444,1
Franca: Chaos and Creation,Movie,2016,TV-MA,79 min,"United States, Italy",79,0,8,682,3
Generation Iron 2,Movie,2017,PG-13,107 min,United States,107,0,4,603,1
Ghost Patrol,Movie,2016,TV-Y7,47 min,Canada,47,0,11,58,3
Noddy Toyland Detective,TV Show,2016,TV-Y,2 Seasons,"France, United Kingdom, United States",2,1,10,205,0
Star Trek: Enterprise,TV Show,2004,TV-14,4 Seasons,United States,4,1,6,603,0
Star Trek: Voyager,TV Show,2000,TV-PG,7 Seasons,United States,7,1,9,603,0
Sudden,TV Show,2013,TV-14,1 Season,Singapore,1,1,6,419,0
The Dream Catchers,TV Show,2009,TV-14,1 Season,Singapore,1,1,6,419,0
The Lion Woman,Movie,2016,TV-14,118 min,"Norway, Germany",118,0,6,374,1
Verónica,Movie,2017,TV-MA,81 min,Mexico,81,0,8,342,3
What She Put on the Table,TV Show,2017,TV-14,1 Season,Taiwan,1,1,6,483,0
The Royal House of Windsor,TV Show,2017,TV-MA,1 Season,United Kingdom,1,1,8,506,0
Gerald's Game,Movie,2017,TV-MA,103 min,United States,103,0,8,603,1
Long Shot,Movie,2017,TV-14,40 min,United States,40,0,6,603,3
Our Souls at Night,Movie,2017,TV-14,103 min,United States,103,0,6,603,1
Paul Hollywood's Big Continental Road Trip,TV Show,2017,TV-14,1 Season,United Kingdom,1,1,6,506,0
Real Rob,TV Show,2017,TV-MA,2 Seasons,United States,2,1,8,603,0
Much Loved,Movie,2015,TV-MA,104 min,"France, Morocco",104,0,8,193,1
Def Comedy Jam 25,Movie,2017,TV-MA,82 min,United States,82,0,8,603,3
Terrace House: Aloha State,TV Show,2017,TV-14,4 Seasons,"United States, Japan",4,1,6,686,0
Dark Matter,TV Show,2017,TV-14,3 Seasons,Canada,3,1,6,58,0
Swearnet: The Movie,Movie,2014,NC-17,112 min,Canada,112,0,1,58,1
The Bar,Movie,2017,TV-MA,102 min,"Spain, Argentina",102,0,8,445,1
Gaga: Five Foot Two,Movie,2017,TV-MA,101 min,United States,101,0,8,603,1
The Bad Batch,Movie,2016,R,119 min,United States,119,0,5,603,1
Jerry Before Seinfeld,Movie,2017,TV-14,62 min,United States,62,0,6,603,3
Barbie Dolphin Magic,Movie,2017,TV-Y,64 min,"United States, Canada",64,0,10,621,3
First They Killed My Father,Movie,2017,TV-MA,137 min,"Cambodia, United States",137,0,8,56,2
Strong Island,Movie,2017,TV-MA,108 min,"United States, Denmark",108,0,8,641,1
VeggieTales in the City,TV Show,2017,TV-Y,2 Seasons,United States,2,1,10,603,0
Ghost of the Mountains,Movie,2017,G,78 min,United States,78,0,0,603,3
Offspring,TV Show,2017,TV-MA,7 Seasons,Australia,7,1,8,15,0
Heroin(e),Movie,2017,TV-14,40 min,United States,40,0,6,603,3
Jeff Dunham: Relative Disaster,Movie,2017,TV-MA,71 min,United States,71,0,8,603,3
#realityhigh,Movie,2017,TV-14,99 min,United States,99,0,6,603,1
Apaches,TV Show,2016,TV-MA,1 Season,Spain,1,1,8,444,0
Fabrizio Copano: Solo pienso en mi,Movie,2017,TV-MA,60 min,Chile,60,0,8,96,3
Fire Chasers,TV Show,2017,TV-MA,1 Season,United States,1,1,8,603,0
Carrie Pilby,Movie,2016,TV-MA,98 min,United States,98,0,8,603,1
Marc Maron: Too Real,Movie,2017,TV-MA,70 min,United States,70,0,8,603,3
No Tomorrow,TV Show,2016,TV-PG,1 Season,United States,1,1,9,603,0
Reign,TV Show,2017,TV-14,4 Seasons,United States,4,1,6,603,0
Frequency,TV Show,2016,TV-14,1 Season,United States,1,1,6,603,0
The Vampire Diaries,TV Show,2016,TV-14,8 Seasons,United States,8,1,6,603,0
A Boy Name Flora A,TV Show,2017,TV-MA,1 Season,Taiwan,1,1,8,483,0
A House of Blocks,TV Show,2017,TV-PG,1 Season,Taiwan,1,1,9,483,0
Aakhri Adaalat,Movie,1988,TV-14,148 min,India,148,0,6,251,2
Berserk: The Golden Age Arc II - The Battle for Doldrey,Movie,2012,TV-MA,92 min,Japan,92,0,8,319,1
Berserk: The Golden Age Arc III - The Advent,Movie,2013,TV-MA,107 min,Japan,107,0,8,319,1
Brother's Shadow,Movie,2006,TV-MA,90 min,United States,90,0,8,603,1
Chadi Jawani Budhe Nu,Movie,1976,TV-PG,135 min,India,135,0,9,251,2
Ek Jaan Hain Hum,Movie,1983,TV-14,151 min,India,151,0,6,251,2
FINAL FANTASY XIV Dad of Light,TV Show,2017,TV-PG,1 Season,Japan,1,1,9,319,0
Gurren Lagann,TV Show,2007,TV-14,1 Season,Japan,1,1,6,319,0
High Risk,TV Show,1988,TV-PG,1 Season,United States,1,1,9,603,0
Khoon Khoon,Movie,1973,TV-14,132 min,India,132,0,6,251,2
LEGO Elves: Secrets of Elvendale,TV Show,2017,TV-Y7,1 Season,United States,1,1,11,603,0
Little Evil,Movie,2017,TV-MA,95 min,United States,95,0,8,603,1
Manoranjan,Movie,1974,TV-14,162 min,India,162,0,6,251,2
Mujrim,Movie,1989,TV-14,163 min,India,163,0,6,251,2
Narcos,TV Show,2017,TV-MA,3 Seasons,"United States, Colombia, Mexico",3,1,8,638,0
Offline - Das leben ist kein bonuslevel,Movie,2016,TV-MA,89 min,Germany,89,0,8,212,1
Resurface,Movie,2017,TV-MA,28 min,United States,28,0,8,603,0
Rocco,Movie,2016,TV-MA,103 min,France,103,0,8,162,1
Sohni Mahiwal,Movie,1984,TV-14,160 min,"India, Soviet Union",160,0,6,264,2
The Distinguished Citizen,Movie,2016,TV-MA,113 min,"Argentina, Spain",113,0,8,9,1
The Guardian Brothers,Movie,2016,TV-G,86 min,China,86,0,7,105,1
The Last Shaman,Movie,2016,TV-14,83 min,"United Kingdom, Italy, Israel, Peru, United States",83,0,6,562,3
The Lost Brother,Movie,2017,TV-MA,113 min,"Argentina, Uruguay, Spain, France",113,0,8,13,1
Todo Sobre El Asado,Movie,2016,TV-MA,86 min,Argentina,86,0,8,2,1
Ryan Hamilton: Happy Face,Movie,2017,TV-14,57 min,United States,57,0,6,603,3
Buster's Mal Heart,Movie,2016,TV-MA,98 min,United States,98,0,8,603,1
Berlin Syndrome,Movie,2017,R,116 min,Australia,116,0,5,15,1
Death Note,Movie,2017,TV-MA,100 min,United States,100,0,8,603,1
Lynne Koplitz: Hormonal Beast,Movie,2017,TV-MA,51 min,United States,51,0,8,603,3
Dinotrux,TV Show,2017,TV-Y7,5 Seasons,United States,5,1,11,603,0
Marvel's The Defenders,TV Show,2017,TV-MA,1 Season,United States,1,1,8,603,0
Undefeated,Movie,2011,PG-13,113 min,United States,113,0,4,603,1
What Happened to Monday,Movie,2017,TV-MA,124 min,"United Kingdom, France, United States, Belgium",124,0,8,543,2
20 Minutes,TV Show,2013,TV-MA,1 Season,Turkey,1,1,8,492,0
Brad Paisley's Comedy Rodeo,Movie,2017,TV-MA,63 min,United States,63,0,8,603,3
Colin Quinn: Unconstitutional,Movie,2015,TV-MA,56 min,United States,56,0,8,603,3
Million Yen Women,TV Show,2017,TV-MA,1 Season,Japan,1,1,8,319,0
The Outcasts,Movie,2017,TV-14,94 min,United States,94,0,6,603,1
Chocolate City: Vegas Strip,Movie,2017,TV-MA,90 min,United States,90,0,8,603,1
Los Herederos,Movie,2015,TV-MA,71 min,Mexico,71,0,8,342,3
Naked,Movie,2017,TV-14,97 min,United States,97,0,6,603,1
Demonic,Movie,2015,R,83 min,United States,83,0,5,603,3
The Saint,Movie,2017,TV-14,92 min,United States,92,0,6,603,1
Baahubali 2: The Conclusion (Hindi Version),Movie,2017,TV-MA,165 min,India,165,0,8,251,2
Baahubali: The Beginning (Hindi Version),Movie,2015,TV-14,159 min,India,159,0,6,251,2
LEGO Marvel Super Heroes: Avengers Reassembled!,Movie,2015,TV-Y7,22 min,United States,22,0,11,603,0
Enter the Warriors Gate,Movie,2016,PG-13,105 min,"France, Canada, China, Cambodia",105,0,4,175,1
Alan Saldaña: Mi vida de pobre,Movie,2017,TV-MA,54 min,Mexico,54,0,8,342,3
Icarus,Movie,2017,TV-MA,121 min,United States,121,0,8,603,2
Message from the King,Movie,2017,R,103 min,"United Kingdom, France, Belgium, United States",103,0,5,535,1
Wet Hot American Summer: Ten Years Later,TV Show,2017,TV-MA,1 Season,United States,1,1,8,603,0
The Invisible Guardian,Movie,2017,TV-MA,129 min,"Spain, Germany",129,0,8,458,2
Bountiful Blessings,TV Show,2011,TV-14,1 Season,Singapore,1,1,6,419,0
Close Your Eyes Before It’s Dark,TV Show,2016,TV-14,1 Season,Taiwan,1,1,6,483,0
Entangled,TV Show,2014,TV-14,1 Season,South Korea,1,1,6,435,0
Fartsa,TV Show,2015,TV-14,1 Season,Russia,1,1,6,407,0
Handsome Devil,Movie,2016,TV-MA,95 min,Ireland,95,0,8,279,1
Jessica Darling's It List,Movie,2016,TV-Y,80 min,United States,80,0,10,603,3
Life Plan A and B,TV Show,2016,TV-PG,1 Season,Taiwan,1,1,9,483,0
Locust,TV Show,2014,TV-MA,1 Season,Russia,1,1,8,407,0
Opening Night,Movie,2016,TV-MA,84 min,United States,84,0,8,603,3
Raising the Bar,Movie,2016,TV-Y,97 min,Australia,97,0,10,15,1
The Blind Christ,Movie,2016,TV-MA,86 min,"Chile, France",86,0,8,100,1
The In-Laws,TV Show,2011,TV-14,1 Season,Singapore,1,1,6,419,0
The IT Crowd,TV Show,2013,TV-MA,5 Seasons,United Kingdom,5,1,8,506,0
Un plus une,Movie,2015,TV-MA,114 min,France,114,0,8,162,1
Vexed,TV Show,2012,TV-MA,2 Seasons,United Kingdom,2,1,8,506,0
World War II in Colour,TV Show,2009,TV-MA,1 Season,United Kingdom,1,1,8,506,0
Daughters of Destiny,TV Show,2017,TV-14,1 Season,United States,1,1,6,603,0
The Incredible Jessica James,Movie,2017,TV-MA,84 min,United States,84,0,8,603,3
Joe Mande’s Award-Winning Comedy Special,Movie,2017,TV-MA,67 min,United States,67,0,8,603,3
I Called Him Morgan,Movie,2016,TV-14,91 min,"Sweden, United States",91,0,6,474,1
Aditi Mittal: Things They Wouldn't Let Me Say,Movie,2017,TV-MA,63 min,India,63,0,8,251,3
Ari Shaffir: Double Negative,TV Show,2017,TV-MA,1 Season,United States,1,1,8,603,0
Uncertain Glory,Movie,2017,TV-MA,116 min,Spain,116,0,8,444,1
Amar,Movie,2017,TV-MA,104 min,Spain,104,0,8,444,1
Buddy Thunderstruck: The Maybe Pile,Movie,2017,TV-Y7,14 min,United States,14,0,11,603,0
Chasing Coral,Movie,2017,TV-PG,89 min,United States,89,0,9,603,1
To the Bone,Movie,2017,TV-MA,108 min,United States,108,0,8,603,1
D.L. Hughley: Clear,Movie,2014,TV-MA,59 min,United States,59,0,8,603,3
Tom Segura: Completely Normal,Movie,2014,TV-MA,74 min,United States,74,0,8,603,3
Dawn of the Croods,TV Show,2017,TV-Y7,4 Seasons,United States,4,1,11,603,0
Degrassi: Next Class,TV Show,2017,TV-14,4 Seasons,Canada,4,1,6,58,0
Diamond Lover,TV Show,2015,TV-PG,1 Season,China,1,1,9,105,0
King’s War,TV Show,2012,TV-14,1 Season,China,1,1,6,105,0
Qin Empire: Alliance,TV Show,2012,TV-14,1 Season,China,1,1,6,105,0
Take Me,Movie,2017,TV-MA,84 min,United States,84,0,8,603,3
The Legend of Bruce Lee,TV Show,2008,TV-14,1 Season,China,1,1,6,105,0
10 jours en or,Movie,2012,TV-14,97 min,France,97,0,6,162,1
46,TV Show,2016,TV-MA,1 Season,Turkey,1,1,8,492,0
A 2nd Chance,Movie,2011,PG,95 min,Australia,95,0,3,15,1
Against the Tide,TV Show,2014,TV-14,1 Season,Singapore,1,1,6,419,0
Amrapali,Movie,1966,TV-PG,116 min,India,116,0,9,251,2
Barbie Life in the Dreamhouse,TV Show,2012,TV-Y,1 Season,"United States, Canada",1,1,10,621,0
Hans Teeuwen: Real Rancour,Movie,2018,TV-MA,86 min,Netherlands,86,0,8,354,1
Intersection,TV Show,2016,TV-MA,3 Seasons,Turkey,3,1,8,492,0
Lal Patthar,Movie,1971,TV-14,153 min,India,153,0,6,251,2
Learning Songs by Little Baby Bum: Nursery Rhyme Friends,TV Show,2015,TV-Y,1 Season,United Kingdom,1,1,10,506,0
Liar's Dice,Movie,2013,TV-MA,104 min,India,104,0,8,251,1
Mystic Whispers,TV Show,2014,TV-14,1 Season,Singapore,1,1,6,419,0
Professor,Movie,1962,TV-PG,163 min,India,163,0,9,251,2
The Invisible Guest,Movie,2016,TV-14,106 min,Spain,106,0,6,444,1
The Oath,TV Show,2011,TV-14,1 Season,Singapore,1,1,6,419,0
The Truth Seekers,TV Show,2016,TV-MA,1 Season,Singapore,1,1,8,419,0
The Ultimatum,TV Show,2009,TV-14,1 Season,Singapore,1,1,6,419,0
Unriddle,TV Show,2012,TV-14,2 Seasons,Singapore,2,1,6,419,0
World at Your Feet,TV Show,2014,TV-14,1 Season,Singapore,1,1,6,419,0
Yaar Gaddar,Movie,1994,TV-14,148 min,India,148,0,6,251,2
Yes We Can!,TV Show,2014,TV-14,1 Season,Singapore,1,1,6,419,0
Yours Fatefully,TV Show,2012,TV-14,1 Season,Singapore,1,1,6,419,0
Zipi & Zape y la Isla del Capitan,Movie,2016,TV-PG,105 min,Spain,105,0,9,444,1
Criminal Minds,TV Show,2017,TV-14,12 Seasons,"United States, Canada",12,1,6,621,0
Gypsy,TV Show,2017,TV-MA,1 Season,"United States, United Kingdom",1,1,8,718,0
Little Witch Academia,TV Show,2017,TV-Y7,2 Seasons,Japan,2,1,11,319,0
Okja,Movie,2017,TV-MA,121 min,"South Korea, United States",121,0,8,442,2
Chris D'Elia: Man on Fire,Movie,2017,TV-MA,66 min,United States,66,0,8,603,3
I Am Michael,Movie,2015,TV-MA,102 min,United States,102,0,8,603,1
Nobody Speak: Trials of the Free Press,Movie,2017,TV-14,96 min,"Netherlands, United States",96,0,6,362,1
You Get Me,Movie,2017,TV-MA,89 min,United States,89,0,8,603,1
Dangal,Movie,2016,TV-PG,161 min,India,161,0,9,251,2
Young & Hungry,TV Show,2017,TV-14,5 Seasons,United States,5,1,6,603,0
Pac-Man and the Ghostly Adventures,TV Show,2014,TV-Y7,2 Seasons,"United States, Japan, Canada",2,1,11,687,0
Puss in Book: Trapped in an Epic Tale,Movie,2017,TV-Y7,24 min,United States,24,0,11,603,0
Rory Scovel Tries Stand-Up for the First Time,Movie,2017,TV-MA,66 min,United States,66,0,8,603,3
Aquarius,TV Show,2016,TV-MA,2 Seasons,United States,2,1,8,603,0
Counterpunch,Movie,2017,TV-MA,91 min,United States,91,0,8,603,1
What the Health,Movie,2017,TV-PG,92 min,United States,92,0,9,603,1
World of Winx,TV Show,2017,TV-Y7,2 Seasons,"Italy, United States",2,1,11,316,0
Kanavu Variyam,Movie,2017,TV-PG,104 min,India,104,0,9,251,1
Marco Luque: Tamo Junto,Movie,2017,TV-MA,73 min,Brazil,73,0,8,45,3
The Russian Revolution,Movie,2017,TV-PG,47 min,United Kingdom,47,0,9,506,3
"Oh, Hello On Broadway",Movie,2017,TV-MA,102 min,United States,102,0,8,603,1
28 Moons,TV Show,2016,TV-PG,1 Season,South Korea,1,1,9,435,0
Magic Phone,TV Show,2016,TV-PG,1 Season,South Korea,1,1,9,435,0
Man to Man,TV Show,2017,TV-14,1 Season,South Korea,1,1,6,435,0
My Little Baby,TV Show,2016,TV-PG,1 Season,South Korea,1,1,9,435,0
Singles Villa,TV Show,2015,TV-14,1 Season,China,1,1,6,105,0
Under the Black Moonlight,TV Show,2016,TV-14,1 Season,South Korea,1,1,6,435,0
My Only Love Song,TV Show,2017,TV-MA,1 Season,South Korea,1,1,8,435,0
Shimmer Lake,Movie,2017,TV-MA,87 min,"Canada, United States",87,0,8,86,1
The Wishing Tree,Movie,2017,TV-14,117 min,India,117,0,6,251,1
Headshot,Movie,2016,TV-MA,119 min,Indonesia,119,0,8,272,1
1898: Our Last Men in the Philippines,Movie,2016,R,130 min,Spain,130,0,5,444,2
Crashing,TV Show,2016,TV-MA,1 Season,United Kingdom,1,1,8,506,0
Flaked,TV Show,2017,TV-MA,2 Seasons,United States,2,1,8,603,0
Lucid Dream,Movie,2017,TV-MA,102 min,South Korea,102,0,8,435,1
Aashik Awara,Movie,1993,TV-14,154 min,India,154,0,6,251,2
Amelia: A Tale of Two Sisters,Movie,2017,TV-PG,44 min,United Kingdom,44,0,9,506,3
Catfight,Movie,2016,TV-MA,96 min,United States,96,0,8,603,1
How to Stage a Coup,Movie,2017,TV-14,47 min,United Kingdom,47,0,6,506,3
Jackie: A Tale of Two Sisters,Movie,2017,TV-PG,44 min,United Kingdom,44,0,9,506,3
Lens,Movie,2015,TV-MA,109 min,India,109,0,8,251,1
Little Boxes,Movie,2016,TV-MA,89 min,United States,89,0,8,603,1
Love.com,Movie,2017,TV-MA,92 min,Brazil,92,0,8,45,1
Maya Memsaab,Movie,1993,TV-14,122 min,"France, United Kingdom, India",122,0,6,204,2
Michael Lost and Found,Movie,2017,TV-PG,19 min,"Canada, United States",19,0,9,86,0
Mind Game,TV Show,2015,TV-14,1 Season,Singapore,1,1,6,419,0
Off Camera,TV Show,2015,TV-MA,3 Seasons,United States,3,1,8,603,0
Oh Darling Yeh Hai India,Movie,1995,TV-14,154 min,India,154,0,6,251,2
Prince,Movie,1969,TV-PG,152 min,India,152,0,9,251,2
Qila,Movie,1998,TV-14,161 min,India,161,0,6,251,2
Smoke & Mirrors,Movie,2016,TV-14,123 min,Spain,123,0,6,444,2
The Day Will Come,TV Show,2016,TV-14,1 Season,Denmark,1,1,6,134,0
The Dream Job,TV Show,2016,TV-14,1 Season,Singapore,1,1,6,419,0
The Mitfords: A Tale of Two Sisters,Movie,2017,TV-PG,44 min,United Kingdom,44,0,9,506,3
Without Gorky,Movie,2011,TV-14,80 min,United Kingdom,80,0,6,506,3
Sarah Silverman A Speck of Dust,Movie,2017,TV-MA,71 min,United States,71,0,8,603,3
Rangoon,Movie,2017,TV-14,153 min,India,153,0,6,251,2
Bloodline,TV Show,2017,TV-MA,3 Seasons,United States,3,1,8,603,0
Joshua: Teenager vs. Superpower,Movie,2017,TV-14,79 min,United States,79,0,6,603,3
Raees,Movie,2017,TV-14,143 min,India,143,0,6,251,2
War Machine,Movie,2017,TV-MA,123 min,United States,123,0,8,603,2
Arès,Movie,2016,TV-MA,80 min,France,80,0,8,162,3
BLAME!,Movie,2017,TV-14,106 min,Japan,106,0,6,319,1
Highland: Thailand's Marijuana Awakening,TV Show,2017,TV-MA,1 Season,Thailand,1,1,8,488,0
Laerte-se,Movie,2017,TV-MA,101 min,Brazil,101,0,8,45,1
The Keepers,TV Show,2017,TV-MA,1 Season,United States,1,1,8,603,0
Tracy Morgan: Staying Alive,Movie,2017,TV-MA,59 min,United States,59,0,8,603,3
Chamatkar,Movie,1992,TV-14,164 min,India,164,0,6,251,2
Kabhi Haan Kabhi Naa,Movie,1994,TV-14,151 min,India,151,0,6,251,2
Lovesong,Movie,2016,TV-MA,84 min,United States,84,0,8,603,3
Natascha Kampusch: The Whole Story,Movie,2010,TV-14,51 min,United States,51,0,6,603,3
Ram Jaane,Movie,1995,TV-14,142 min,India,142,0,6,251,2
The Devil's Mistress,Movie,2016,TV-MA,110 min,"Czech Republic, Slovakia",110,0,8,130,1
Wild Oats,Movie,2016,PG-13,86 min,"Germany, United States",86,0,4,228,1
Get Me Roger Stone,Movie,2017,TV-MA,101 min,United States,101,0,8,603,1
Mindhorn,Movie,2017,TV-MA,88 min,United Kingdom,88,0,8,506,1
Sahara,Movie,2017,TV-Y7,86 min,"France, Canada",86,0,11,173,1
"Norm Macdonald: Hitler's Dog, Gossip & Trickery",Movie,2017,TV-MA,61 min,United States,61,0,8,603,3
Handsome: A Netflix Mystery Movie,Movie,2017,TV-MA,81 min,United States,81,0,8,603,3
Kazoops!,TV Show,2017,TV-Y,3 Seasons,Australia,3,1,10,15,0
Simplemente Manu NNa,Movie,2017,TV-MA,72 min,Mexico,72,0,8,342,3
The Mars Generation,Movie,2017,TV-PG,98 min,United States,98,0,9,603,1
Maria Bamford: Old Baby,Movie,2017,TV-MA,64 min,United States,64,0,8,603,3
A Yellow Bird,Movie,2016,TV-MA,111 min,"Singapore, France",111,0,8,420,1
Chaahat,Movie,1996,TV-14,148 min,India,148,0,6,251,2
English Babu Desi Mem,Movie,1996,TV-14,163 min,India,163,0,6,251,2
He Even Has Your Eyes,Movie,2016,TV-MA,95 min,"France, Belgium",95,0,8,165,1
In the Shadow of Iris,Movie,2016,TV-MA,99 min,"France, Belgium",99,0,8,165,1
JFK: The Making of a President,Movie,2017,TV-PG,44 min,United Kingdom,44,0,9,506,3
Kiss & Cry,Movie,2017,TV-MA,93 min,Canada,93,0,8,58,1
Loev,Movie,2015,TV-MA,89 min,India,89,0,8,251,1
Mostly Sunny,Movie,2016,TV-MA,83 min,Canada,83,0,8,58,3
The Next Skin,Movie,2016,TV-MA,104 min,"Spain, Switzerland",104,0,8,465,1
Casting JonBenet,Movie,2017,TV-14,81 min,"United States, Australia, China",81,0,6,607,3
Jumping Girl,TV Show,2015,TV-14,1 Season,South Korea,1,1,6,435,0
President,TV Show,2010,TV-14,1 Season,South Korea,1,1,6,435,0
Rodney King,Movie,2017,TV-MA,53 min,United States,53,0,8,603,3
Small Crimes,Movie,2017,TV-MA,95 min,"Canada, United States",95,0,8,86,1
What in the World Happened?,TV Show,2015,TV-14,1 Season,South Korea,1,1,6,435,0
Mar de Plástico,TV Show,2017,TV-MA,2 Seasons,Spain,2,1,8,444,0
Dear Zindagi,Movie,2016,TV-14,149 min,India,149,0,6,251,2
Shepherds and Butchers,Movie,2016,R,106 min,"South Africa, United States, Germany",106,0,5,432,1
The 101-Year-Old Man Who Skipped Out on the Bill and Disappeared,Movie,2016,TV-MA,108 min,Sweden,108,0,8,470,1
Vir Das: Abroad Understanding,Movie,2017,TV-MA,66 min,United States,66,0,8,603,3
Fangbone,TV Show,2016,TV-Y7,1 Season,Canada,1,1,11,58,0
Girlboss,TV Show,2017,TV-MA,1 Season,United States,1,1,8,603,0
Hot Girls Wanted: Turned On,TV Show,2017,TV-MA,1 Season,United States,1,1,8,603,0
Sand Castle,Movie,2017,TV-MA,113 min,United States,113,0,8,603,1
The Mr. Peabody and Sherman Show,TV Show,2017,TV-Y7,4 Seasons,United States,4,1,11,603,0
Tramps,Movie,2017,TV-MA,83 min,United States,83,0,8,603,3
Lucas Brothers: On Drugs,Movie,2017,TV-MA,50 min,United States,50,0,8,603,3
Bibi & Tina,Movie,2014,TV-PG,97 min,Germany,97,0,9,212,1
Bibi & Tina II,Movie,2014,TV-14,105 min,Germany,105,0,6,212,1
Bibi & Tina: Girls Versus Boys,Movie,2016,TV-14,107 min,Germany,107,0,6,212,1
Slam,Movie,2017,TV-MA,99 min,Italy,99,0,8,302,1
The Wedding Party,Movie,2016,TV-14,101 min,Nigeria,101,0,6,368,1
Arctic Heart,Movie,2016,TV-14,81 min,"France, Belgium",81,0,6,165,3
Our Lovers,Movie,2016,TV-MA,92 min,Spain,92,0,8,444,1
Sandy Wexler,Movie,2017,TV-14,131 min,United States,131,0,6,603,2
Macho,Movie,2016,TV-MA,101 min,Mexico,101,0,8,342,1
Kevin Hart: What Now?,Movie,2016,R,96 min,United States,96,0,5,603,1
Frat Star,Movie,2017,TV-MA,85 min,United States,85,0,8,603,1
The Miracle,TV Show,2016,TV-14,1 Season,South Korea,1,1,6,435,0
The Get Down,TV Show,2017,TV-MA,2 Seasons,United States,2,1,8,603,0
The Lighthouse of the Orcas,Movie,2016,TV-MA,110 min,"Spain, Argentina",110,0,8,445,1
Win It All,Movie,2017,TV-MA,89 min,United States,89,0,8,603,1
Burned Cocoon,TV Show,2005,TV-MA,1 Season,Turkey,1,1,8,492,0
Couples Counseling,Movie,2016,TV-MA,88 min,Brazil,88,0,8,45,1
Deuces,Movie,2016,TV-MA,88 min,United States,88,0,8,603,1
Elaan,Movie,1971,TV-14,143 min,India,143,0,6,251,2
Five Nights in Maine,Movie,2015,TV-MA,83 min,United States,83,0,8,603,3
Killa,Movie,2014,TV-14,107 min,India,107,0,6,251,1
Life 2.0,Movie,2010,TV-MA,99 min,United States,99,0,8,603,1
Salaakhen,Movie,1975,TV-14,134 min,India,134,0,6,251,2
Skins,Movie,2017,TV-MA,78 min,Spain,78,0,8,444,3
The Tenth Man,Movie,2016,TV-MA,81 min,Argentina,81,0,8,2,3
Toro,Movie,2016,TV-MA,106 min,Spain,106,0,8,444,1
Bridget Christie: Stand Up for Her,Movie,2016,TV-MA,51 min,United Kingdom,51,0,8,506,3
Hoff the Record,TV Show,2016,TV-MA,2 Seasons,United Kingdom,2,1,8,506,0
The Discovery,Movie,2017,TV-MA,102 min,United States,102,0,8,603,1
Jo Koy: Live from Seattle,Movie,2017,TV-MA,63 min,United States,63,0,8,603,3
Bottersnikes & Gumbles,TV Show,2017,TV-Y7,2 Seasons,"United States, United Kingdom, Australia",2,1,11,719,0
Felipe Neto: My Life Makes No Sense,Movie,2017,TV-MA,91 min,Brazil,91,0,8,45,1
The C Word,Movie,2016,TV-14,93 min,United States,93,0,6,603,1
The Most Hated Woman in America,Movie,2017,TV-MA,93 min,United States,93,0,8,603,1
Dave Chappelle,TV Show,2017,TV-MA,1 Season,United States,1,1,8,603,0
One-Punch Man,TV Show,2015,TV-14,1 Season,Japan,1,1,6,319,0
Best Worst Thing That Ever Could Have Happened,Movie,2016,TV-MA,97 min,United States,97,0,8,603,1
Deidra & Laney Rob a Train,Movie,2017,TV-14,92 min,United States,92,0,6,603,1
Julie's Greenroom,TV Show,2017,TV-Y,1 Season,United States,1,1,10,603,0
Outback Truckers,TV Show,2015,TV-MA,3 Seasons,Australia,3,1,8,15,0
Pandora,Movie,2016,TV-MA,137 min,South Korea,137,0,8,435,2
Samurai Gourmet,TV Show,2017,TV-PG,1 Season,Japan,1,1,9,319,0
Howards End,Movie,1992,PG,143 min,"United Kingdom, Japan, United States",143,0,3,564,2
Asoka,Movie,2001,R,168 min,India,168,0,5,251,2
"Bon Cop, Bad Cop",Movie,2006,TV-MA,117 min,Canada,117,0,8,58,1
Notes on Blindness,Movie,2016,TV-PG,87 min,United Kingdom,87,0,9,506,1
One 2 Ka 4,Movie,2001,TV-14,160 min,India,160,0,6,251,2
Cheer Squad,TV Show,2016,TV-PG,1 Season,United States,1,1,9,603,0
Jim Norton: Mouthful of Shame,Movie,2017,TV-MA,62 min,United States,62,0,8,603,3
100 Meters,Movie,2016,TV-MA,109 min,"Portugal, Spain",109,0,8,399,1
Buddy Thunderstruck,TV Show,2017,TV-Y7,1 Season,United States,1,1,11,603,0
Burning Sands,Movie,2017,TV-MA,102 min,United States,102,0,8,603,1
One More Time,TV Show,2016,TV-14,1 Season,South Korea,1,1,6,435,0
The Butterfly's Dream,Movie,2013,TV-PG,118 min,Turkey,118,0,9,492,1
Amy Schumer: The Leather Special,Movie,2017,TV-MA,57 min,United States,57,0,8,603,3
Love Is in the Air,TV Show,2010,TV-14,1 Season,United Kingdom,1,1,6,506,0
Nila,Movie,2016,TV-MA,94 min,India,94,0,8,251,1
Tong: Memories,TV Show,2016,TV-MA,1 Season,South Korea,1,1,8,435,0
Mike Birbiglia: Thank God for Jokes,Movie,2017,TV-MA,71 min,United States,71,0,8,603,3
Force 2,Movie,2016,TV-14,123 min,India,123,0,6,251,2
Jonas,Movie,2015,TV-MA,97 min,Brazil,97,0,8,45,1
Operações Especiais,Movie,2015,TV-MA,99 min,Brazil,99,0,8,45,1
I Don't Feel at Home in This World Anymore,Movie,2017,TV-MA,97 min,United States,97,0,8,603,1
Legend Quest,TV Show,2017,TV-Y7,1 Season,Mexico,1,1,11,342,0
The Sound of Your Heart,TV Show,2016,TV-14,1 Season,South Korea,1,1,6,435,0
Love Me As I Am,TV Show,2015,TV-PG,3 Seasons,Turkey,3,1,9,492,0
Trevor Noah: Afraid of the Dark,Movie,2017,TV-14,67 min,United States,67,0,6,603,3
Boy Missing,Movie,2016,TV-MA,105 min,Spain,105,0,8,444,1
Growing Up Wild,Movie,2016,G,78 min,United States,78,0,0,603,3
Tini: The New Life of Violetta,Movie,2016,G,99 min,"Spain, Italy, Argentina",99,0,0,461,1
Love for Ten: Generation of Youth,TV Show,2013,TV-14,1 Season,South Korea,1,1,6,435,0
Rocky Handsome,Movie,2016,TV-MA,119 min,India,119,0,8,251,1
A Heavy Heart,Movie,2015,TV-MA,109 min,Germany,109,0,8,212,1
Nightmare High,TV Show,2016,TV-14,1 Season,South Korea,1,1,6,435,0
Rush: Beyond the Lighted Stage,Movie,2010,TV-MA,107 min,Canada,107,0,8,58,1
Spark,TV Show,2016,TV-PG,1 Season,South Korea,1,1,9,435,0
The Fury of a Patient Man,Movie,2016,TV-MA,92 min,Spain,92,0,8,444,1
The Memory of Water,Movie,2015,TV-MA,88 min,"Chile, Spain, Argentina, Germany",88,0,8,103,1
Girlfriend's Day,Movie,2017,TV-MA,71 min,United States,71,0,8,603,3
Katherine Ryan: In Trouble,Movie,2017,TV-MA,64 min,United Kingdom,64,0,8,506,3
White Nights,TV Show,2016,TV-14,1 Season,South Korea,1,1,6,435,0
Cyborg 009: Call of Justice,TV Show,2017,TV-14,1 Season,Japan,1,1,6,319,0
David Brent: Life on the Road,Movie,2016,TV-MA,97 min,"United Kingdom, United States",97,0,8,589,1
Grillo vs Grillo,Movie,2017,TV-MA,96 min,Italy,96,0,8,302,1
Hitler - A Career,Movie,1977,TV-MA,150 min,West Germany,150,0,8,746,2
"Michael Bolton's Big, Sexy Valentine's Day Special",Movie,2017,TV-MA,54 min,United States,54,0,8,603,3
Daniel Sosa: Sosafado,Movie,2017,TV-MA,78 min,Mexico,78,0,8,342,3
Imperial Dreams,Movie,2014,TV-MA,86 min,United States,86,0,8,603,1
Dilwale,Movie,2015,TV-PG,154 min,India,154,0,9,251,2
Happy New Year,Movie,2014,TV-14,179 min,India,179,0,6,251,2
Haraamkhor,Movie,2015,TV-14,93 min,India,93,0,6,251,1
Heroes Wanted,Movie,2016,TV-MA,97 min,Spain,97,0,8,444,1
The Reconquest,Movie,2016,TV-MA,108 min,Spain,108,0,8,444,1
Zapped,Movie,2014,TV-Y,92 min,"Canada, United States",92,0,10,86,1
Bill Burr: Walk Your Way Out,Movie,2017,TV-MA,78 min,United States,78,0,8,603,3
Semana Santa,Movie,2015,TV-MA,87 min,Mexico,87,0,8,342,1
Journey to Greenland,Movie,2016,TV-14,99 min,France,99,0,6,162,1
IBOY,Movie,2017,TV-MA,91 min,United Kingdom,91,0,8,506,1
O Silêncio do Céu,Movie,2016,TV-MA,102 min,Brazil,102,0,8,45,1
Cristela Alonzo: Lower Classy,Movie,2017,TV-MA,67 min,United States,67,0,8,603,3
Gad Gone Wild,Movie,2017,TV-MA,57 min,France,57,0,8,162,3
Pink,Movie,2016,TV-14,130 min,India,130,0,6,251,2
Take the 10,Movie,2017,TV-MA,80 min,United States,80,0,8,603,3
Neal Brennan: 3 Mics,Movie,2017,TV-MA,66 min,United States,66,0,8,603,3
Berlin Calling,Movie,2008,TV-MA,105 min,Germany,105,0,8,212,1
Sarajevo,Movie,2014,TV-PG,98 min,"Austria, Czech Republic",98,0,9,32,1
Stereo,Movie,2014,TV-MA,91 min,Germany,91,0,8,212,1
We Are Young. We Are Strong.,Movie,2014,TV-MA,123 min,Germany,123,0,8,212,2
Casablancas: The Man Who Loved Women,Movie,2016,TV-14,82 min,France,82,0,6,162,3
Clinical,Movie,2017,TV-MA,104 min,United States,104,0,8,603,1
Very Big Shot,Movie,2015,TV-MA,109 min,"Lebanon, Qatar",109,0,8,332,1
Jim Gaffigan: Cinco,Movie,2017,TV-14,74 min,United States,74,0,6,603,3
We're Lalaloopsy,TV Show,2017,TV-Y,1 Season,United States,1,1,10,603,0
Under the Shadow,Movie,2016,PG-13,84 min,"United Kingdom, Jordan, Qatar, Iran",84,0,4,565,3
Coin Heist,Movie,2017,TV-14,98 min,United States,98,0,6,603,1
LEGO: Marvel Super Heroes: Maximum Overload,Movie,2013,TV-Y7,22 min,United States,22,0,11,603,0
Rampage: President Down,Movie,2016,TV-MA,100 min,Canada,100,0,8,58,1
Marvel's Hulk: Where Monsters Dwell,Movie,2016,PG,75 min,United States,75,0,3,603,3
Jen Kirkman: Just Keep Livin’?,Movie,2017,TV-MA,69 min,United States,69,0,8,603,3
Autohead,Movie,2016,TV-MA,97 min,India,97,0,8,251,1
Bee Movie,Movie,2007,PG,92 min,United States,92,0,3,603,1
Headwinds,Movie,2011,TV-MA,92 min,"France, Belgium",92,0,8,165,1
Star Trek: Deep Space Nine,TV Show,1999,TV-14,7 Seasons,United States,7,1,6,603,0
Udta Punjab,Movie,2016,TV-MA,146 min,India,146,0,8,251,2
Mr. Pig,Movie,2016,TV-MA,97 min,Mexico,97,0,8,342,1
My Runway,TV Show,2016,TV-14,1 Season,South Korea,1,1,6,435,0
AJIN: Demi-Human,TV Show,2016,TV-MA,2 Seasons,Japan,2,1,8,319,0
Chasing Cameron,TV Show,2016,TV-14,1 Season,United States,1,1,6,603,0
7:19,Movie,2016,TV-MA,93 min,Mexico,93,0,8,342,1
Garfunkel and Oates: Trying to be Special,Movie,2016,TV-MA,62 min,United States,62,0,8,603,3
Sense8,TV Show,2018,TV-MA,2 Seasons,United States,2,1,8,603,0
A Christmas Special: Miraculous: Tales of Ladybug & Cat Noir,Movie,2016,TV-Y7,22 min,"France, South Korea, Japan",22,0,11,200,0
Gabriel lglesias: I’m Sorry For What I Said When I Was Hungry,Movie,2016,TV-14,88 min,United States,88,0,6,603,1
Barry,Movie,2016,TV-MA,105 min,United States,105,0,8,603,1
Crazyhead,TV Show,2016,TV-MA,1 Season,United Kingdom,1,1,8,506,0
Sister Cities,Movie,2016,TV-MA,88 min,United States,88,0,8,603,1
3 Türken & ein Baby,Movie,2015,TV-MA,93 min,Germany,93,0,8,212,1
Color of Woman,TV Show,2012,TV-PG,1 Season,South Korea,1,1,9,435,0
Eddie - Strongman,Movie,2015,TV-MA,98 min,United Kingdom,98,0,8,506,1
Goodbye My Wife,TV Show,2012,TV-14,1 Season,South Korea,1,1,6,435,0
Happy And,TV Show,2012,TV-14,1 Season,South Korea,1,1,6,435,0
Heaven's Garden,TV Show,2011,TV-MA,1 Season,South Korea,1,1,8,435,0
Ice Fantasy,TV Show,2016,TV-14,1 Season,China,1,1,6,105,0
Immortal Classic,TV Show,2012,TV-14,1 Season,South Korea,1,1,6,435,0
InuYasha,TV Show,2001,TV-14,2 Seasons,Japan,2,1,6,319,0
K-POP Extreme Survival,TV Show,2012,TV-14,1 Season,South Korea,1,1,6,435,0
Merlin,TV Show,2012,TV-PG,5 Seasons,United Kingdom,5,1,9,506,0
Miss Panda & Mr. Hedgehog,TV Show,2012,TV-PG,1 Season,South Korea,1,1,9,435,0
Sand Storm,Movie,2016,TV-PG,88 min,"Israel, Germany, France",88,0,9,298,1
Tokyo Trial,TV Show,2017,TV-MA,1 Season,"Canada, Japan, Netherlands",1,1,8,72,0
Ricardo O'Farrill: Abrazo navideño,Movie,2016,TV-MA,31 min,Mexico,31,0,8,342,0
Asperger's Are Us,Movie,2016,TV-MA,83 min,United States,83,0,8,603,3
Captive,TV Show,2016,TV-MA,1 Season,United Kingdom,1,1,8,506,0
Mariah Carey's Merriest Christmas,Movie,2015,TV-G,38 min,United States,38,0,7,603,3
Spectral,Movie,2016,TV-14,108 min,"United States, Hungary",108,0,6,668,1
White Rabbit Project,TV Show,2016,TV-14,1 Season,United States,1,1,6,603,0
Miss in Kiss,TV Show,2016,TV-14,1 Season,Taiwan,1,1,6,483,0
Other People,Movie,2016,TV-MA,97 min,United States,97,0,8,603,1
The Cuba Libre Story,TV Show,2015,TV-14,1 Season,"France, Germany",1,1,6,181,0
Blue Jay,Movie,2016,TV-MA,81 min,United States,81,0,8,603,3
One in a Billion,Movie,2016,TV-14,70 min,United States,70,0,6,603,3
Reggie Watts: Spatial,Movie,2016,TV-MA,62 min,United States,62,0,8,603,3
From Dusk Till Dawn,TV Show,2016,TV-MA,3 Seasons,United States,3,1,8,603,0
Mercenary,Movie,2016,TV-MA,99 min,France,99,0,8,162,1
Lost & Found Music Studios,TV Show,2016,TV-G,2 Seasons,Canada,2,1,7,58,0
For the Love of Spock,Movie,2016,TV-14,112 min,"Canada, United States",112,0,6,86,1
White Girl,Movie,2016,TV-MA,90 min,United States,90,0,8,603,1
#Rucker50,Movie,2016,TV-PG,56 min,United States,56,0,9,603,3
1000 Rupee Note,Movie,2014,TV-14,89 min,India,89,0,6,251,1
Across Grace Alley,Movie,2013,TV-PG,24 min,United States,24,0,9,603,0
Asu Mare 2,Movie,2015,TV-14,100 min,Peru,100,0,6,385,1
Back to 1989,TV Show,2016,TV-PG,1 Season,Taiwan,1,1,9,483,0
Bromance,TV Show,2015,TV-PG,1 Season,Taiwan,1,1,9,483,0
Interrogation,Movie,2015,TV-MA,116 min,India,116,0,8,251,1
Rainbow Time,Movie,2016,TV-MA,92 min,United States,92,0,8,603,1
Refresh Man,TV Show,2016,TV-14,1 Season,Taiwan,1,1,6,483,0
Richard Pryor: Live in Concert,Movie,1979,TV-MA,79 min,United States,79,0,8,603,3
The Violin Player,Movie,2016,TV-14,72 min,India,72,0,6,251,3
Beauties of the Night,Movie,2016,TV-MA,92 min,Mexico,92,0,8,342,1
Gilmore Girls: A Year in the Life,TV Show,2016,TV-14,1 Season,United States,1,1,6,603,0
Michael Che Matters,Movie,2016,TV-MA,61 min,United States,61,0,8,603,3
Mercy,Movie,2016,TV-MA,88 min,United States,88,0,8,603,1
The Land of Cards,Movie,2012,TV-14,113 min,India,113,0,6,251,1
Carlos Ballarta: El amor es de putos,Movie,2016,TV-MA,67 min,Mexico,67,0,8,342,3
Donald Glover: Weirdo,Movie,2012,TV-MA,65 min,United States,65,0,8,603,3
Colin Quinn: The New York Story,Movie,2016,TV-MA,62 min,United States,62,0,8,603,3
Divines,Movie,2016,TV-MA,107 min,"France, Qatar",107,0,8,198,1
La Niña,TV Show,2016,TV-MA,1 Season,Colombia,1,1,8,121,0
Paranoid,TV Show,2016,TV-MA,1 Season,United Kingdom,1,1,8,506,0
Dieter Nuhr: Nuhr in Berlin,Movie,2016,TV-MA,69 min,Germany,69,0,8,212,3
Mumbai Cha Raja,Movie,2012,TV-MA,77 min,India,77,0,8,251,3
True Memoirs of an International Assassin,Movie,2016,TV-14,98 min,United States,98,0,6,603,1
Einsatzgruppen: The Nazi Death Squads,TV Show,2009,TV-MA,1 Season,France,1,1,8,162,0
Kathleen Madigan: Bothering Jesus,Movie,2016,TV-MA,71 min,United States,71,0,8,603,3
Case,TV Show,2015,TV-MA,1 Season,Iceland,1,1,8,249,0
Danger Mouse,TV Show,2016,TV-Y7,2 Seasons,United Kingdom,2,1,11,506,0
"Dana Carvey: Straight White Male, 60",Movie,2016,TV-MA,64 min,United States,64,0,8,603,3
The Ivory Game,Movie,2016,TV-14,112 min,Austria,112,0,6,31,1
A Grand Night In: The Story of Aardman,Movie,2015,TV-PG,59 min,United Kingdom,59,0,9,506,3
Inborn Pair,TV Show,2011,TV-14,1 Season,Taiwan,1,1,6,483,0
Just You,TV Show,2013,TV-14,1 Season,Taiwan,1,1,6,483,0
Love Around,TV Show,2013,TV-14,1 Season,Taiwan,1,1,6,483,0
Love Family,TV Show,2013,TV-MA,1 Season,Taiwan,1,1,8,483,0
Love Me or Leave Me,TV Show,2012,TV-14,1 Season,Taiwan,1,1,6,483,0
Love Now,TV Show,2012,TV-14,1 Season,Taiwan,1,1,6,483,0
Norman Lear: Just Another Version of You,Movie,2016,TV-MA,91 min,United States,91,0,8,603,1
Spanish Affair 2,Movie,2015,TV-MA,107 min,Spain,107,0,8,444,1
Pup Star,Movie,2016,G,92 min,Canada,92,0,0,58,1
I Am the Pretty Thing That Lives in the House,Movie,2016,TV-14,89 min,"Canada, United States",89,0,6,86,1
Into the Inferno,Movie,2016,TV-PG,107 min,"United Kingdom, Germany, Canada",107,0,9,546,1
The African Doctor,Movie,2016,TV-14,94 min,France,94,0,6,162,1
They Are Everywhere,Movie,2016,TV-MA,110 min,"France, Belgium",110,0,8,165,1
Trailer Park Boys: Out of the Park: Europe,TV Show,2016,TV-MA,1 Season,Canada,1,1,8,58,0
West Coast,Movie,2016,TV-MA,81 min,France,81,0,8,162,3
7 años,Movie,2016,TV-MA,77 min,Spain,77,0,8,444,3
Containment,TV Show,2016,TV-MA,1 Season,United States,1,1,8,603,0
Joe Rogan: Triggered,Movie,2016,TV-MA,64 min,United States,64,0,8,603,3
A Mighty Team,Movie,2016,TV-MA,97 min,France,97,0,8,162,1
Berserk: The Golden Age Arc I - The Egg of the King,Movie,2012,TV-MA,77 min,Japan,77,0,8,319,3
Bleach The Movie: Fade to Black,Movie,2008,TV-PG,94 min,Japan,94,0,9,319,1
Bleach the Movie: Hell Verse,Movie,2010,TV-14,94 min,Japan,94,0,6,319,1
Blind Date,Movie,2015,TV-14,91 min,France,91,0,6,162,1
DEATH NOTE,TV Show,2006,TV-14,1 Season,Japan,1,1,6,319,0
Spotless,TV Show,2015,TV-MA,1 Season,"United Kingdom, France",1,1,8,531,0
Vampire Knight,TV Show,2008,TV-14,2 Seasons,Japan,2,1,6,319,0
Sky Ladder: The Art of Cai Guo-Qiang,Movie,2016,TV-MA,80 min,United States,80,0,8,603,3
Mascots,Movie,2016,TV-MA,95 min,United States,95,0,8,603,1
Justin Timberlake + the Tennessee Kids,Movie,2016,TV-MA,90 min,United States,90,0,8,603,1
13TH,Movie,2016,TV-MA,101 min,United States,101,0,8,603,1
Russell Peters: Almost Famous,Movie,2016,TV-MA,73 min,United States,73,0,8,603,3
StoryBots Super Songs,TV Show,2016,TV-Y,1 Season,United States,1,1,10,603,0
The Siege of Jadotville,Movie,2016,TV-MA,108 min,"Ireland, South Africa",108,0,8,286,1
LEGO Jurassic World: The Indominus Escape,Movie,2016,TV-Y7,25 min,United States,25,0,11,603,0
Be with Me,TV Show,2015,TV-PG,1 Season,Taiwan,1,1,9,483,0
Be with You,TV Show,2015,TV-14,1 Season,Taiwan,1,1,6,483,0
Bombshell,Movie,2016,TV-MA,86 min,New Zealand,86,0,8,363,1
Chatô: The King of Brazil,Movie,2015,TV-MA,105 min,Brazil,105,0,8,45,1
Fall in Love with Me,TV Show,2014,TV-14,1 Season,Taiwan,1,1,6,483,0
Harud,Movie,2010,TV-MA,100 min,India,100,0,8,251,1
Love Cheque Charge,TV Show,2014,TV-14,1 Season,Taiwan,1,1,6,483,0
Masha's Spooky Stories,TV Show,2012,TV-Y,1 Season,"United States, Russia",1,1,10,703,0
Much Ado About Nothing,Movie,2016,TV-MA,96 min,"Chile, United States, France",96,0,8,104,1
Murphy's Law of Love,TV Show,2015,TV-PG,1 Season,Taiwan,1,1,9,483,0
My Big Night,Movie,2015,TV-MA,97 min,Spain,97,0,8,444,1
My Little Pony Equestria Girls: Legend of Everfree,Movie,2016,TV-Y7,73 min,"United States, Canada",73,0,11,621,3
Old Money,TV Show,2015,TV-MA,1 Season,United States,1,1,8,603,0
Riphagen - The Untouchable,Movie,2016,TV-14,132 min,Netherlands,132,0,6,354,2
Someone Like You,TV Show,2015,TV-14,1 Season,Taiwan,1,1,6,483,0
Umrika,Movie,2015,TV-MA,96 min,India,96,0,8,251,1
Unchained: The Untold Story of Freestyle Motocross,Movie,2016,TV-MA,92 min,United States,92,0,8,603,1
Welcome Mr. President,Movie,2013,TV-MA,99 min,Italy,99,0,8,302,1
When I See You Again,TV Show,2015,TV-14,1 Season,Taiwan,1,1,6,483,0
Amanda Knox,Movie,2016,TV-MA,92 min,"Denmark, United States",92,0,8,148,1
Audrie & Daisy,Movie,2016,TV-MA,99 min,United States,99,0,8,603,1
Iliza Shlesinger: Confirmed Kills,Movie,2016,TV-MA,78 min,United States,78,0,8,603,3
VeggieTales in the House,TV Show,2016,TV-Y,4 Seasons,United States,4,1,10,603,0
ARQ,Movie,2016,TV-MA,89 min,"Canada, United States",89,0,8,86,1
Cedric the Entertainer: Live from the Ville,Movie,2016,TV-MA,60 min,United States,60,0,8,603,3
The White Helmets,Movie,2016,TV-PG,41 min,United Kingdom,41,0,9,506,3
Sample This,Movie,2012,TV-14,83 min,United States,83,0,6,603,3
Extremis,Movie,2016,TV-PG,25 min,United States,25,0,9,603,0
Jandino: Whatever it Takes,Movie,2016,TV-MA,94 min,United Kingdom,94,0,8,506,1
Kulipari: An Army of Frogs,TV Show,2016,TV-Y7,1 Season,United States,1,1,11,603,0
Conspiracy,TV Show,2015,TV-14,1 Season,United Kingdom,1,1,6,506,0
Dead Set,TV Show,2008,TV-MA,1 Season,United Kingdom,1,1,8,506,0
Forensic Files,TV Show,2011,TV-MA,9 Seasons,United States,9,1,8,603,0
Saudi Arabia Uncovered,Movie,2016,TV-14,52 min,United Kingdom,52,0,6,506,3
The Fierce Wife,TV Show,2010,TV-MA,1 Season,Taiwan,1,1,8,483,0
Witches: A Century of Murder,TV Show,2015,TV-14,1 Season,United Kingdom,1,1,6,506,0
Glitter Force,TV Show,2016,TV-Y7,2 Seasons,Japan,2,1,11,319,0
Jeff Foxworthy and Larry the Cable Guy: We’ve Been Thinking...,Movie,2016,TV-14,75 min,United States,75,0,6,603,3
XOXO,Movie,2016,TV-MA,92 min,United States,92,0,8,603,1
I'll Sleep When I'm Dead,Movie,2016,TV-MA,80 min,United States,80,0,8,603,3
Behind Enemy Lines,TV Show,2001,TV-14,1 Season,United States,1,1,6,603,0
Caught on Camera,TV Show,2015,TV-MA,3 Seasons,United Kingdom,3,1,8,506,0
Real Crime: Supermarket Heist (Tesco Bomber),Movie,2010,TV-14,46 min,United Kingdom,46,0,6,506,3
Jim Gaffigan: Beyond the Pale,Movie,2005,TV-14,72 min,United States,72,0,6,603,3
Jim Gaffigan: King Baby,Movie,2009,TV-PG,71 min,United States,71,0,9,603,3
Jim Gaffigan: Mr. Universe,Movie,2012,TV-14,77 min,United States,77,0,6,603,3
Jim Gaffigan: Obsessed,Movie,2014,TV-14,70 min,United States,70,0,6,603,3
David Cross: Making America Great Again!,Movie,2016,TV-MA,73 min,United States,73,0,8,603,3
Lavell Crawford: Can a Brother Get Some Love?,Movie,2011,TV-MA,81 min,United States,81,0,8,603,3
Children of God,Movie,1994,TV-MA,63 min,United Kingdom,63,0,8,506,3
Cocaine,TV Show,2005,TV-14,1 Season,United Kingdom,1,1,6,506,0
Edge of the Universe,TV Show,2008,TV-G,1 Season,United Kingdom,1,1,7,506,0
Interview with a Serial Killer,Movie,2008,TV-MA,45 min,United States,45,0,8,603,3
La Esclava Blanca,TV Show,2016,TV-MA,1 Season,Colombia,1,1,8,121,0
Real Crime: Diamond Geezers,Movie,2008,TV-14,46 min,United Kingdom,46,0,6,506,3
LEGO Bionicle: The Journey to One,TV Show,2016,TV-Y7,2 Seasons,United States,2,1,11,603,0
Tallulah,Movie,2016,TV-MA,112 min,United States,112,0,8,603,1
Popples,TV Show,2016,TV-Y,3 Seasons,"United States, France",3,1,10,643,0
Rebirth,Movie,2016,TV-MA,101 min,United States,101,0,8,603,1
Tony Robbins: I Am Not Your Guru,Movie,2016,TV-MA,117 min,United States,117,0,8,603,1
Gridlocked,Movie,2015,R,114 min,Canada,114,0,5,58,1
Brahman Naman,Movie,2016,TV-MA,96 min,"India, United Kingdom",96,0,8,267,1
Kuromukuro,TV Show,2016,TV-14,2 Seasons,Japan,2,1,6,319,0
Jim Jefferies: Freedumb,Movie,2016,TV-MA,87 min,United States,87,0,8,603,1
Marco Polo,TV Show,2016,TV-MA,2 Seasons,United States,2,1,8,603,0
X: Past Is Present,Movie,2015,TV-MA,105 min,India,105,0,8,251,1
Sofía Niño de Rivera: Exposed,Movie,2016,TV-MA,80 min,Mexico,80,0,8,342,3
The Fundamentals of Caring,Movie,2016,TV-MA,97 min,United States,97,0,8,603,1
Ip Man 3,Movie,2015,PG-13,105 min,"China, Hong Kong",105,0,4,108,1
Bo Burnham: Make Happy,Movie,2016,TV-MA,60 min,United States,60,0,8,603,3
Hibana: Spark,TV Show,2016,TV-MA,1 Season,Japan,1,1,8,319,0
72 Cutest Animals,TV Show,2016,TV-PG,1 Season,Australia,1,1,9,15,0
72 Dangerous Places to Live,TV Show,2016,TV-PG,1 Season,Australia,1,1,9,15,0
The Do-Over,Movie,2016,TV-MA,109 min,United States,109,0,8,603,1
Ali Wong: Baby Cobra,Movie,2016,TV-MA,60 min,United States,60,0,8,603,3
Special Correspondents,Movie,2016,TV-MA,101 min,"Canada, United Kingdom, United States",101,0,8,85,1
Team Foxcatcher,Movie,2016,TV-MA,91 min,United States,91,0,8,603,1
Patton Oswalt: Talking for Clapping,Movie,2016,TV-MA,66 min,United States,66,0,8,603,3
Belgica,Movie,2016,TV-MA,127 min,"Belgium, France, Netherlands",127,0,8,40,2
Hush,Movie,2016,R,82 min,United States,82,0,5,603,3
Cyborg 009 VS Devilman,TV Show,2015,TV-MA,1 Season,"Japan, United States",1,1,8,322,0
Frank and Cindy,Movie,2007,TV-MA,70 min,United States,70,0,8,603,3
Justin Time,TV Show,2012,TV-Y,2 Seasons,Canada,2,1,10,58,0
Terrace House: Boys & Girls in the City,TV Show,2016,TV-14,2 Seasons,Japan,2,1,6,319,0
Kung Fu Panda: Secrets of the Scroll,Movie,2016,TV-PG,23 min,United States,23,0,9,603,0
He Never Died,Movie,2015,R,97 min,Canada,97,0,5,58,1
Jimmy Carr: Funny Business,Movie,2016,TV-MA,62 min,United Kingdom,62,0,8,506,3
My Beautiful Broken Brain,Movie,2016,TV-14,84 min,United Kingdom,84,0,6,506,3
Pee-wee's Big Holiday,Movie,2016,TV-PG,90 min,United States,90,0,9,603,1
Netflix Presents: The Characters,TV Show,2016,TV-MA,1 Season,United States,1,1,8,603,0
Your lie in April,TV Show,2014,TV-14,1 Season,Japan,1,1,6,319,0
"Crouching Tiger, Hidden Dragon: Sword of Destiny",Movie,2016,PG-13,101 min,"China, United States",101,0,4,117,1
Marvel Super Hero Adventures: Frost Fight!,Movie,2015,PG,74 min,United States,74,0,3,603,3
Cooked,TV Show,2016,TV-14,1 Season,United States,1,1,6,603,0
Care Bears & Cousins,TV Show,2016,TV-Y,2 Seasons,United States,2,1,10,603,0
Hannibal Buress: Comedy Camisado,Movie,2016,TV-MA,68 min,United States,68,0,8,603,3
Turbo FAST,TV Show,2016,TV-Y7,3 Seasons,United States,3,1,11,603,0
Chelsea Does,TV Show,2016,TV-MA,1 Season,United States,1,1,8,603,0
Ricardo O'Farrill Abrazo Genial,Movie,2016,TV-MA,92 min,Mexico,92,0,8,342,1
Ip Man,Movie,2008,R,107 min,"Hong Kong, China",107,0,5,241,1
Ip Man 2,Movie,2010,R,108 min,"Hong Kong, China",108,0,5,241,1
Tom Segura: Mostly Stories,Movie,2016,TV-MA,74 min,United States,74,0,8,603,3
Marco Polo: One Hundred Eyes,Movie,2015,TV-MA,29 min,United States,29,0,8,603,0
Sammy & Co,TV Show,2014,TV-Y,1 Season,France,1,1,10,162,0
Mike Epps: Don't Take It Personal,Movie,2015,TV-MA,60 min,United States,60,0,8,603,3
The Ridiculous 6,Movie,2015,TV-14,120 min,United States,120,0,6,603,2
"Trailer Park Boys: Drunk, High and Unemployed: Live in Austin",Movie,2015,TV-MA,74 min,Canada,74,0,8,58,3
A Very Murray Christmas,Movie,2015,TV-14,57 min,United States,57,0,6,603,3
Atelier,TV Show,2015,TV-PG,1 Season,Japan,1,1,9,319,0
Naomi and Ely's No Kiss List,Movie,2015,TV-MA,91 min,United States,91,0,8,603,1
John Mulaney: The Comeback Kid,Movie,2015,TV-MA,62 min,United States,62,0,8,603,3
W/ Bob & David,TV Show,2015,TV-MA,1 Season,United States,1,1,8,603,0
Manson Family Vacation,Movie,2015,TV-MA,85 min,United States,85,0,8,603,1
Walt Disney Animation Studios Short Films Collection,Movie,2015,TV-Y,90 min,United States,90,0,10,603,1
Hemlock Grove,TV Show,2015,TV-MA,3 Seasons,United States,3,1,8,603,0
Results,Movie,2015,R,105 min,United States,105,0,5,603,1
Anthony Jeselnik: Thoughts and Prayers,Movie,2015,TV-MA,59 min,United States,59,0,8,603,3
Beasts of No Nation,Movie,2015,TV-MA,137 min,United States,137,0,8,603,2
Circle,Movie,2015,TV-MA,86 min,United States,86,0,8,603,1
Winter on Fire: Ukraine's Fight for Freedom,Movie,2015,TV-MA,99 min,"United Kingdom, Ukraine, United States",99,0,8,588,1
Anjelah Johnson: Not Fancy,Movie,2015,TV-14,64 min,United States,64,0,6,603,3
Keith Richards: Under the Influence,Movie,2015,TV-14,82 min,United States,82,0,6,603,3
Cowspiracy: The Sustainability Secret,Movie,2014,TV-PG,90 min,United States,90,0,9,603,1
6 Years,Movie,2015,TV-MA,80 min,United States,80,0,8,603,3
Demetri Martin: Live (At the Time),Movie,2015,TV-MA,62 min,United States,62,0,8,603,3
Wet Hot American Summer,TV Show,2015,TV-MA,1 Season,United States,1,1,8,603,0
Tig,Movie,2015,TV-14,92 min,United States,92,0,6,603,1
H2O: Mermaid Adventures,TV Show,2015,TV-Y7,2 Seasons,"Germany, Australia, France, China",2,1,11,214,0
Creep,Movie,2014,R,78 min,United States,78,0,5,603,3
Chris Tucker Live,Movie,2015,TV-MA,92 min,United States,92,0,8,603,1
Ralphie May: Imperfectly Yours,Movie,2015,TV-MA,69 min,United States,69,0,8,603,3
"What Happened, Miss Simone?",Movie,2015,TV-14,103 min,United States,103,0,6,603,1
Advantageous,Movie,2015,TV-MA,92 min,United States,92,0,8,603,1
Danger Mouse: Classic Collection,TV Show,1992,TV-Y,10 Seasons,United Kingdom,10,1,10,506,0
The Perfect Dictatorship,Movie,2014,TV-MA,143 min,Mexico,143,0,8,342,2
Hot Girls Wanted,Movie,2015,TV-MA,83 min,United States,83,0,8,603,3
Jen Kirkman: I'm Gonna Die Alone (And I Feel Fine),Movie,2015,TV-MA,78 min,United States,78,0,8,603,3
The Other One: The Long Strange Trip of Bob Weir,Movie,2015,TV-14,84 min,United States,84,0,6,603,3
Chris D'Elia: Incorrigible,Movie,2015,TV-MA,84 min,United States,84,0,8,603,3
Oscar's Oasis,TV Show,2011,TV-Y,1 Season,France,1,1,10,162,0
Aziz Ansari Live at Madison Square Garden,Movie,2015,TV-MA,58 min,United States,58,0,8,603,3
My Own Man,Movie,2015,TV-MA,82 min,United States,82,0,8,603,3
Ralphie May: Unruly,Movie,2015,TV-MA,83 min,United States,83,0,8,603,3
Virunga: Gorillas in Peril,Movie,2015,TV-14,29 min,United States,29,0,6,603,0
BoJack Horseman Christmas Special: Sabrina's Christmas Wish,Movie,2014,TV-MA,26 min,United States,26,0,8,603,0
Bill Burr: I'm Sorry You Feel That Way,Movie,2014,TV-MA,81 min,United States,81,0,8,603,3
Lilyhammer,TV Show,2014,TV-MA,3 Seasons,"Norway, United States",3,1,8,379,0
Goosebumps,TV Show,1998,TV-G,5 Seasons,Canada,5,1,7,58,0
Chelsea Peretti: One of the Greats,Movie,2014,TV-MA,75 min,United States,75,0,8,603,3
Virunga,Movie,2014,TV-MA,100 min,"United Kingdom,",100,0,8,507,1
E-Team,Movie,2014,TV-MA,90 min,United States,90,0,8,603,1
Wyatt Cenac: Brooklyn,Movie,2014,TV-MA,68 min,United States,68,0,8,603,3
Chelsea Handler: Uganda Be Kidding Me Live,Movie,2014,TV-MA,71 min,United States,71,0,8,603,3
Print the Legend,Movie,2014,TV-14,100 min,United States,100,0,6,603,1
Mission Blue,Movie,2014,TV-PG,94 min,"United States, Bermuda, Ecuador",94,0,9,612,1
The Battered Bastards of Baseball,Movie,2014,TV-MA,80 min,United States,80,0,8,603,3
From One Second to the Next,Movie,2013,TV-14,35 min,United States,35,0,6,603,0
The Borgias,TV Show,2013,TV-MA,3 Seasons,"United States, Hungary, Ireland, Canada",3,1,8,669,0
Mitt,Movie,2014,TV-PG,93 min,United States,93,0,9,603,1
The Square,Movie,2013,TV-MA,105 min,"United Kingdom, Egypt, United States",105,0,8,529,1
Shrek the Musical,Movie,2013,TV-G,130 min,United States,130,0,7,603,2
The Short Game,Movie,2013,PG,100 min,United States,100,0,3,603,1
Aziz Ansari: Buried Alive,Movie,2013,TV-MA,80 min,United States,80,0,8,603,3
The 4400,TV Show,2007,TV-14,4 Seasons,"United States, United Kingdom",4,1,6,718,0
Breaking Bad,TV Show,2013,TV-MA,5 Seasons,United States,5,1,8,603,0
Being Elmo: A Puppeteer's Journey,Movie,2011,PG,76 min,United States,76,0,3,603,3
A Stoning in Fulham County,Movie,1988,TV-14,95 min,United States,95,0,6,603,1
Adam: His Song Continues,Movie,1986,TV-MA,96 min,United States,96,0,8,603,1
Hard Lessons,Movie,1986,TV-14,94 min,United States,94,0,6,603,1
In Defense of a Married Man,Movie,1990,TV-14,94 min,United States,94,0,6,603,1
Quiet Victory: The Charlie Wedemeyer Story,Movie,1988,TV-PG,93 min,United States,93,0,9,603,1
Strange Voices,Movie,1987,TV-PG,96 min,United States,96,0,9,603,1
The Ryan White Story,Movie,1989,TV-PG,94 min,United States,94,0,9,603,1
Too Young the Hero,Movie,1988,TV-MA,94 min,United States,94,0,8,603,1
Triumph of the Heart,Movie,1991,TV-PG,93 min,United States,93,0,9,603,1
Unspeakable Acts,Movie,1990,TV-14,95 min,United States,95,0,6,603,1
Victim of Beauty,Movie,1991,TV-14,93 min,United States,93,0,6,603,1
Joseph: King of Dreams,Movie,2000,TV-PG,75 min,"United States, France, United Kingdom",75,0,9,654,3
Even the Rain,Movie,2010,TV-MA,103 min,"Spain, Mexico, France",103,0,8,463,1
Splatter,Movie,2009,TV-MA,29 min,United States,29,0,8,603,0
Just Another Love Story,Movie,2007,TV-MA,104 min,Denmark,104,0,8,134,1
To and From New York,Movie,2006,TV-MA,81 min,United States,81,0,8,603,3
9,Movie,2009,PG-13,80 min,United States,80,0,4,603,3
21,Movie,2008,PG-13,123 min,United States,123,0,4,603,2
187,Movie,1997,R,119 min,United States,119,0,5,603,2
706,Movie,2019,TV-14,118 min,India,118,0,6,251,1
1920,Movie,2008,TV-MA,143 min,India,143,0,8,251,2
Oct-01,Movie,2014,TV-14,149 min,Nigeria,149,0,6,368,2
22-Jul,Movie,2018,R,144 min,"Norway, Iceland, United States",144,0,5,376,2
15-Aug,Movie,2019,TV-14,124 min,India,124,0,6,251,2
'89,Movie,2017,TV-PG,87 min,United Kingdom,87,0,9,506,1
​Goli Soda 2,Movie,2018,TV-14,128 min,India,128,0,6,251,2
​Maj Rati ​​Keteki,Movie,2017,TV-14,117 min,India,117,0,6,251,1
​Mayurakshi,Movie,2017,TV-14,100 min,India,100,0,6,251,1
(T)ERROR,Movie,2015,NR,84 min,United States,84,0,2,603,3
#cats_the_mewvie,Movie,2020,TV-14,90 min,Canada,90,0,6,58,1
#Roxy,Movie,2018,TV-14,105 min,Canada,105,0,6,58,1
Ég man þig,Movie,2017,TV-MA,106 min,Iceland,106,0,8,249,1
Çok Filim Hareketler Bunlar,Movie,2010,TV-MA,99 min,Turkey,99,0,8,492,1
Æon Flux,Movie,2005,PG-13,93 min,United States,93,0,4,603,1
Şubat,TV Show,2013,TV-MA,1 Season,Turkey,1,1,8,492,0
1 Chance 2 Dance,Movie,2014,TV-PG,89 min,United States,89,0,9,603,1
1 Mile to You,Movie,2017,TV-14,105 min,United States,105,0,6,603,1
"10,000 B.C.",Movie,2008,PG-13,109 min,"United States, South Africa",109,0,4,706,1
100 Days Of Solitude,Movie,2018,TV-MA,93 min,Spain,93,0,8,444,1
100 Years: One Woman's Fight for Justice,Movie,2016,TV-14,75 min,United States,75,0,6,603,3
100% Hotter,TV Show,2017,TV-14,1 Season,United Kingdom,1,1,6,506,0
12 ROUND GUN,Movie,2017,TV-MA,90 min,United States,90,0,8,603,1
12 Years Promise,TV Show,2014,TV-14,1 Season,South Korea,1,1,6,435,0
13 Cameras,Movie,2015,NR,90 min,United States,90,0,2,603,1
13 Sins,Movie,2014,R,93 min,United States,93,0,5,603,1
14 Blades,Movie,2010,R,113 min,"Hong Kong, China, Singapore",113,0,5,242,1
14 Cameras,Movie,2018,TV-MA,89 min,United States,89,0,8,603,1
16 Blocks,Movie,2006,PG-13,102 min,"United States, Germany",102,0,4,656,1
17 Again,Movie,2009,PG-13,102 min,United States,102,0,4,603,1
1BR,Movie,2019,TV-MA,90 min,United States,90,0,8,603,1
1st Summoning,Movie,2018,TV-MA,94 min,United States,94,0,8,603,1
20 Feet From Stardom,Movie,2013,PG-13,91 min,United States,91,0,4,603,1
2015 Dream Concert,Movie,2015,TV-PG,107 min,South Korea,107,0,9,435,1
2036 Origin Unknown,Movie,2018,TV-14,95 min,United Kingdom,95,0,6,506,1
20th Century Women,Movie,2016,R,119 min,United States,119,0,5,603,1
21 & Over,Movie,2013,R,93 min,United States,93,0,5,603,1
21 Sarfarosh: Saragarhi 1897,TV Show,2018,TV-14,1 Season,India,1,1,6,251,0
2307: Winter's Dream,Movie,2016,TV-MA,101 min,United States,101,0,8,603,1
24 Hours to Live,Movie,2017,R,93 min,"South Africa, China, United States",93,0,5,428,1
"27, el club de los malditos",Movie,2018,TV-MA,82 min,Argentina,82,0,8,2,3
27: Gone Too Soon,Movie,2017,TV-MA,70 min,United Kingdom,70,0,8,506,3
28 Days,Movie,2000,PG-13,104 min,United States,104,0,4,603,1
3 Generations,Movie,2015,PG-13,92 min,United States,92,0,4,603,1
3 Heroines,Movie,2016,TV-PG,124 min,Indonesia,124,0,9,272,2
3 Seconds Divorce,Movie,2018,TV-PG,53 min,Canada,53,0,9,58,3
30 Days of Luxury,Movie,2016,TV-14,91 min,Egypt,91,0,6,150,1
30 Minutes or Less,Movie,2011,R,83 min,United States,83,0,5,603,3
300 Miles to Heaven,Movie,1989,TV-14,93 min,"Denmark, France, Poland",93,0,6,138,1
42 Grams,Movie,2017,TV-MA,81 min,United States,81,0,8,603,3
4th Man Out,Movie,2015,NR,86 min,United States,86,0,2,603,1
5 to 7,Movie,2014,R,97 min,United States,97,0,5,603,1
50 First Dates,Movie,2004,PG-13,99 min,United States,99,0,4,603,1
50/50,Movie,2011,R,100 min,United States,100,0,5,603,1
5CM,Movie,2012,TV-14,126 min,Indonesia,126,0,6,272,2
6 Days,Movie,2017,R,94 min,"New Zealand, United Kingdom",94,0,5,365,1
6-5=2,Movie,2014,TV-MA,103 min,India,103,0,8,251,1
68 Kill,Movie,2017,R,96 min,United States,96,0,5,603,1
7 (Seven),TV Show,2019,TV-14,1 Season,India,1,1,6,251,0
7 Din Mohabbat In,Movie,2018,TV-PG,137 min,Pakistan,137,0,9,380,2
9 Months That Made You,TV Show,2016,TV-PG,1 Season,United States,1,1,9,603,0
A Bad Moms Christmas,Movie,2017,R,104 min,"United States, China",104,0,5,632,1
A Billion Colour Story,Movie,2016,TV-14,104 min,India,104,0,6,251,1
A Boy Called Po,Movie,2016,PG,94 min,United States,94,0,3,603,1
A Bridge Too Far,Movie,1977,PG,176 min,"United States, United Kingdom",176,0,3,718,2
A Clockwork Orange,Movie,1971,R,137 min,"United Kingdom, United States",137,0,5,589,2
A Dangerous Woman,Movie,1993,R,101 min,United States,101,0,5,603,1
A Family Affair,Movie,2015,TV-PG,111 min,"Netherlands, Denmark, South Africa",111,0,9,359,1
A Family Man,Movie,2016,R,110 min,"Canada, United States",110,0,5,86,1
A Flying Jatt,Movie,2016,TV-14,142 min,India,142,0,6,251,2
A Glimpse Inside the Mind of Charles Swan III,Movie,2012,R,86 min,United States,86,0,5,603,1
A Good Wife,TV Show,2013,TV-14,1 Season,Taiwan,1,1,6,483,0
A Gray State,Movie,2017,TV-MA,93 min,United States,93,0,8,603,1
A Haunted House,Movie,2013,R,86 min,United States,86,0,5,603,1
A Haunting at Silver Falls: The Return,Movie,2019,TV-14,80 min,United States,80,0,6,603,3
A Holiday Engagement,Movie,2011,TV-G,92 min,United States,92,0,7,603,1
A Kind of Murder,Movie,2016,R,96 min,United States,96,0,5,603,1
A Leaf of Faith,Movie,2018,TV-MA,87 min,United States,87,0,8,603,1
A Man Called God,TV Show,2010,TV-14,1 Season,South Korea,1,1,6,435,0
A Most Violent Year,Movie,2014,R,125 min,"United Arab Emirates, United States",125,0,5,504,2
A Murder in the Park,Movie,2014,PG-13,91 min,United States,91,0,4,603,1
A new Capitalism,Movie,2017,TV-14,76 min,Brazil,76,0,6,45,3
A Night at the Roxbury,Movie,1998,PG-13,82 min,United States,82,0,4,603,3
A Noble Intention,Movie,2015,TV-MA,111 min,Netherlands,111,0,8,354,1
A Patch of Fog,Movie,2015,TV-MA,92 min,United Kingdom,92,0,8,506,1
A Perfect Man,Movie,2013,R,94 min,United States,94,0,5,603,1
A Princess for Christmas,Movie,2011,TV-PG,91 min,United States,91,0,9,603,1
A Russell Peters Christmas,Movie,2011,NR,44 min,Canada,44,0,2,58,3
A Scandall,Movie,2016,TV-MA,108 min,India,108,0,8,251,1
A Separation,Movie,2011,PG-13,123 min,"Iran, France",123,0,4,278,2
A Serious Man,Movie,2009,R,106 min,"United States, United Kingdom, France",106,0,5,724,1
A Sort of Homecoming,Movie,2015,TV-PG,89 min,United States,89,0,9,603,1
A Tale of Love and Darkness,Movie,2015,PG-13,98 min,"Israel, United States",98,0,4,301,1
A Thin Line Between Love & Hate,Movie,1996,R,108 min,United States,108,0,5,603,1
A Thousand Words,Movie,2012,PG-13,92 min,United States,92,0,4,603,1
A Walk to Remember,Movie,2002,PG,102 min,United States,102,0,3,603,1
A Wednesday,Movie,2008,TV-MA,103 min,India,103,0,8,251,1
A Week in Watts,Movie,2017,TV-14,91 min,United States,91,0,6,603,1
A Wrinkle in Time,Movie,2018,PG,110 min,United States,110,0,3,603,1
A Young Doctor's Notebook and Other Stories,TV Show,2013,TV-MA,2 Seasons,United Kingdom,2,1,8,506,0
A.D. Kingdom and Empire,TV Show,2015,TV-14,1 Season,United States,1,1,6,603,0
A.M.I.,Movie,2019,TV-MA,77 min,Canada,77,0,8,58,3
A.X.L.,Movie,2018,PG,99 min,United States,99,0,3,603,1
Aşk Tesadüfleri Sever,Movie,2011,TV-MA,122 min,Turkey,122,0,8,492,2
Aadu 2,Movie,2017,TV-MA,150 min,India,150,0,8,251,2
Aajcha Divas Majha,Movie,2013,TV-PG,126 min,India,126,0,9,251,2
Aarakshan,Movie,2011,TV-14,164 min,India,164,0,6,251,2
Aashayein,Movie,2010,TV-14,115 min,India,115,0,6,251,1
Aata Pita,Movie,2010,TV-14,133 min,India,133,0,6,251,2
Abby Sen,Movie,2015,TV-PG,127 min,India,127,0,9,251,2
Abdo Mota,Movie,2012,TV-MA,100 min,Egypt,100,0,8,150,1
Abhinetri,Movie,2016,TV-14,131 min,India,131,0,6,251,2
Abnormal Summit,TV Show,2017,TV-PG,2 Seasons,South Korea,2,1,9,435,0
Abominable Christmas,Movie,2012,TV-Y7,44 min,United States,44,0,11,603,3
About a Boy,Movie,2002,PG-13,101 min,"United Kingdom, United States, France, Germany",101,0,4,595,1
Abzurdah,Movie,2015,TV-MA,90 min,Argentina,90,0,8,2,1
Acapulco La vida va,Movie,2016,TV-MA,89 min,Mexico,89,0,8,342,1
Across The Line,Movie,2015,TV-MA,88 min,Canada,88,0,8,58,1
Across the Universe,Movie,2007,PG-13,133 min,"United States, United Kingdom",133,0,4,718,2
Act of Valor,Movie,2012,R,110 min,United States,110,0,5,603,1
Act of Vengeance,Movie,2010,NR,112 min,"Turkey, United States",112,0,2,497,1
Acts of Violence,Movie,2018,R,87 min,Canada,87,0,5,58,1
Adam Ruins Everything,TV Show,2018,TV-14,1 Season,United States,1,1,6,603,0
Addicted to Life,Movie,2014,TV-14,91 min,France,91,0,6,162,1
Adore,Movie,2013,R,111 min,"Australia, France",111,0,5,18,1
Adrishya,Movie,2017,TV-14,99 min,India,99,0,6,251,1
Adventures in Public School,Movie,2018,NR,86 min,"Canada, United States",86,0,2,86,1
Africa,TV Show,2013,TV-PG,1 Season,United Kingdom,1,1,9,506,0
After Porn Ends,Movie,2012,NR,93 min,United States,93,0,2,603,1
After Porn Ends 3,Movie,2018,TV-MA,87 min,United States,87,0,8,603,1
Afterschool,Movie,2008,TV-MA,107 min,United States,107,0,8,603,1
Aftershock,Movie,2012,R,89 min,"United States, Chile",89,0,5,630,1
Agatha and the Truth of Murder,Movie,2018,TV-MA,92 min,United Kingdom,92,0,8,506,1
Age Gap Love,TV Show,2017,TV-MA,1 Season,United Kingdom,1,1,8,506,0
Agent Raghav,TV Show,2015,TV-14,1 Season,India,1,1,6,251,0
Ahista Ahista,Movie,2006,TV-14,122 min,India,122,0,6,251,2
Ai Weiwei: Never Sorry,Movie,2012,R,91 min,United States,91,0,5,603,1
Ainsley Eats the Streets,TV Show,2014,TV-PG,1 Season,United Kingdom,1,1,9,506,0
Aisa Yeh Jahaan,Movie,2015,TV-14,127 min,India,127,0,6,251,2
Aitraaz,Movie,2004,TV-14,153 min,India,153,0,6,251,2
Alarmoty in the Land of Fire,Movie,2017,TV-MA,94 min,Egypt,94,0,8,150,1
Albion: The Enchanted Stallion,Movie,2016,TV-PG,106 min,"United States, Bulgaria",106,0,9,618,1
Alejandro Sanz: What I Was Is What I Am,Movie,2018,TV-MA,102 min,Spain,102,0,8,444,1
Alice Doesn't Live Here Anymore,Movie,1974,PG,112 min,United States,112,0,3,603,1
Alien Contact: Outer Space,Movie,2017,TV-PG,63 min,United States,63,0,9,603,3
Aliens Ate My Homework,Movie,2018,PG,90 min,United States,90,0,3,603,1
Alive and Kicking,Movie,2016,TV-14,89 min,"Sweden, United States",89,0,6,474,1
All About Nina,Movie,2018,R,101 min,United States,101,0,5,603,1
All Dogs Go to Heaven,Movie,1989,G,85 min,"Ireland, United Kingdom, United States",85,0,0,292,1
All Good Ones Get Away,Movie,2019,TV-MA,83 min,"Spain, Italy",83,0,8,460,3
All Hallows' Eve,Movie,2016,TV-G,92 min,United States,92,0,7,603,1
All Light Will End,Movie,2018,TV-MA,84 min,United States,84,0,8,603,3
All the Boys Love Mandy Lane,Movie,2006,R,91 min,United States,91,0,5,603,1
All the Devil's Men,Movie,2018,R,100 min,United Kingdom,100,0,5,506,1
Alone in Berlin,Movie,2016,R,103 min,"United Kingdom, France, Germany",103,0,5,537,1
Along Came a Spider,Movie,2001,R,103 min,"United States, Germany, Canada",103,0,5,658,1
Alpha and Omega 2: A Howl-iday Adventure,Movie,2013,TV-G,45 min,United States,45,0,7,603,3
Alpha and Omega: The Legend of the Saw Tooth Cave,Movie,2014,TV-Y7,45 min,"United States, India",45,0,11,671,3
Alphablocks,TV Show,2014,TV-Y,5 Seasons,United Kingdom,5,1,10,506,0
AlphaGo,Movie,2017,TV-G,90 min,United States,90,0,7,603,1
Always a Bridesmaid,Movie,2019,TV-14,98 min,United States,98,0,6,603,1
Amar Akbar & Tony,Movie,2015,TV-MA,92 min,United Kingdom,92,0,8,506,1
Amar Akbar Anthony,Movie,1977,TV-14,172 min,India,172,0,6,251,2
Amar's Hands,Movie,2011,TV-14,125 min,Egypt,125,0,6,150,2
America's Book of Secrets,TV Show,2014,TV-14,1 Season,United States,1,1,6,603,0
American Anarchist,Movie,2016,TV-MA,81 min,United States,81,0,8,603,3
American Assassin,Movie,2017,R,112 min,United States,112,0,5,603,1
American Beauty,Movie,1999,R,122 min,United States,122,0,5,603,2
American Circumcision,Movie,2017,TV-14,101 min,United States,101,0,6,603,1
American Crime,TV Show,2017,TV-MA,3 Seasons,United States,3,1,8,603,0
American Experience: Ruby Ridge,Movie,2017,TV-MA,53 min,United States,53,0,8,603,3
American Experience: The Circus,TV Show,2018,TV-PG,1 Season,United States,1,1,9,603,0
American Experience: The Island Murder,Movie,2018,TV-14,53 min,United States,53,0,6,603,3
American Hangman,Movie,2019,TV-MA,99 min,Canada,99,0,8,58,1
American Heist,Movie,2014,R,95 min,"Canada, Luxembourg",95,0,5,74,1
American History X,Movie,1998,R,119 min,United States,119,0,5,603,2
American Honey,Movie,2016,R,163 min,"United Kingdom, United States",163,0,5,589,2
American Masters: Ted Williams,Movie,2018,TV-MA,55 min,United States,55,0,8,603,3
American Odyssey,TV Show,2015,TV-14,1 Season,United States,1,1,6,603,0
American Psycho,Movie,2000,R,102 min,"United States, Canada",102,0,5,621,1
American Warfighter,Movie,2019,TV-MA,106 min,United States,106,0,8,603,1
Amy,Movie,2015,R,128 min,United Kingdom,128,0,5,506,2
An American in Madras,Movie,2013,TV-PG,80 min,India,80,0,9,251,3
An American Tail,Movie,1986,G,80 min,United States,80,0,0,603,3
An American Tail: Fievel Goes West,Movie,1991,G,75 min,United States,75,0,0,603,3
An American Tail: The Mystery of the Night Monster,Movie,1999,G,75 min,United States,75,0,0,603,3
An American Tail: The Treasures of Manhattan Island,Movie,2000,G,79 min,United States,79,0,0,603,3
An Hour and a Half,Movie,2012,TV-14,87 min,Egypt,87,0,6,150,1
An Innocent Mistake,TV Show,2012,TV-14,1 Season,Taiwan,1,1,6,483,0
An Interview with God,Movie,2018,TV-PG,97 min,United States,97,0,9,603,1
An Upper Egyptian,Movie,2014,TV-MA,85 min,Egypt,85,0,8,150,1
Anarkali of Aarah,Movie,2017,TV-MA,111 min,India,111,0,8,251,1
Anchor and Hope,Movie,2017,TV-MA,113 min,Spain,113,0,8,444,1
Ancient Aliens,TV Show,2018,TV-14,1 Season,United States,1,1,6,603,0
Anesthesia,Movie,2015,R,90 min,United States,90,0,5,603,1
Angel Eyes,Movie,2001,R,103 min,United States,103,0,5,603,1
Anger Management,Movie,2003,PG-13,105 min,United States,105,0,4,603,1
Angry Indian Goddesses,Movie,2015,TV-MA,104 min,"India, Germany",104,0,8,255,1
Anjaan: Rural Myths,TV Show,2018,TV-14,1 Season,India,1,1,6,251,0
Anjaan: Special Crimes Unit,TV Show,2018,TV-14,1 Season,India,1,1,6,251,0
Ankur Arora Murder Case,Movie,2013,TV-14,127 min,India,127,0,6,251,2
Annabelle Hooper and the Ghosts of Nantucket,Movie,2016,TV-PG,92 min,United States,92,0,9,603,1
Another Forever,Movie,2016,TV-PG,72 min,"Brazil, Netherlands, United States, Colombia, Austria, Germany",72,0,9,49,3
Ant-Man and the Wasp,Movie,2018,PG-13,118 min,United States,118,0,4,603,1
Antar: Son of Shadad,Movie,2017,TV-MA,110 min,Egypt,110,0,8,150,1
Anthony Bourdain: Parts Unknown,TV Show,2018,TV-PG,5 Seasons,United States,5,1,9,603,0
Antidote,Movie,2018,TV-MA,90 min,United States,90,0,8,603,1
Anwar,Movie,2007,TV-14,134 min,India,134,0,6,251,2
忍者ハットリくん,TV Show,2012,TV-Y7,2 Seasons,Japan,2,1,11,319,0
Apache Warrior,Movie,2017,TV-MA,89 min,United States,89,0,8,603,1
APEX: The Story of the Hypercar,Movie,2016,NR,86 min,United States,86,0,2,603,1
Apollo 18,Movie,2011,PG-13,87 min,"United States, Canada",87,0,4,621,1
April and the Extraordinary World,Movie,2015,PG,107 min,"France, Canada, Belgium",107,0,3,174,1
"Aram, Aram",Movie,2015,TV-14,79 min,United States,79,0,6,603,3
Are We Done Yet?,Movie,2018,TV-14,87 min,Egypt,87,0,6,150,1
Arisan 2,Movie,2011,TV-14,113 min,Indonesia,113,0,6,272,1
Arthur,Movie,2011,PG-13,110 min,United States,110,0,4,603,1
Arthur Christmas,Movie,2011,PG,98 min,"United Kingdom, United States",98,0,3,589,1
"As Above, So Below",Movie,2014,R,93 min,United States,93,0,5,603,1
As Good as It Gets,Movie,1997,PG-13,139 min,United States,139,0,4,603,2
Assimilate,Movie,2019,TV-MA,94 min,United States,94,0,8,603,1
Asura: The City of Madness,Movie,2016,NR,133 min,South Korea,133,0,2,435,2
At All Costs,Movie,2016,TV-MA,81 min,United States,81,0,8,603,3
At First Light,Movie,2018,TV-14,91 min,Canada,91,0,6,58,1
ATM,Movie,2012,TV-14,122 min,"United States, Canada",122,0,6,621,2
Atomic Puppet,TV Show,2016,TV-Y7,1 Season,"Canada, France",1,1,11,62,0
Attacking the Devil: Harold Evans and the Last Nazi War Crime,Movie,2014,TV-14,102 min,United Kingdom,102,0,6,506,1
Attitude Test,Movie,2016,TV-14,88 min,Chile,88,0,6,96,1
Auschwitz: Blueprints of Genocide,Movie,1994,TV-PG,49 min,United Kingdom,49,0,9,506,3
Aussie Gold Hunters,TV Show,2016,TV-MA,1 Season,Australia,1,1,8,15,0
Automata,Movie,2014,R,110 min,"Bulgaria, United States, Spain, Canada",110,0,5,54,1
Avengers: Infinity War,Movie,2018,PG-13,150 min,United States,150,0,4,603,2
Avicii: True Stories,Movie,2017,TV-MA,97 min,"Sweden, Netherlands",97,0,8,472,1
Azhar,Movie,2016,TV-14,129 min,India,129,0,6,251,2
B.A. Pass,Movie,2013,TV-14,99 min,India,99,0,6,251,1
Babam ve Oğlum,Movie,2005,TV-14,112 min,Turkey,112,0,6,492,1
Babel,Movie,2006,R,143 min,"France, United States, Mexico",143,0,5,208,2
Bachelor Girls,Movie,2016,TV-MA,61 min,India,61,0,8,251,3
Back and Forth,Movie,2016,NR,95 min,Brazil,95,0,2,45,1
Backcountry,Movie,2014,NR,92 min,Canada,92,0,2,58,1
Backfire,Movie,2019,TV-MA,97 min,United States,97,0,8,603,1
Backtrack,Movie,2015,R,90 min,"Australia, United Kingdom, United Arab Emirates, Canada",90,0,5,28,1
Bad Boys,Movie,1995,R,119 min,United States,119,0,5,603,2
Bad Boys II,Movie,2003,R,147 min,United States,147,0,5,603,2
Bad Education,TV Show,2014,TV-MA,3 Seasons,United Kingdom,3,1,8,506,0
Bad Match,Movie,2017,TV-MA,83 min,"Singapore, United States",83,0,8,423,3
Bad Rap,Movie,2016,TV-MA,83 min,"United States, Canada",83,0,8,621,3
Badalte Rishton Ki Dastaan,TV Show,2013,TV-14,1 Season,India,1,1,6,251,0
Badha,Movie,2006,TV-14,91 min,India,91,0,6,251,1
Badland,Movie,2019,TV-14,117 min,United States,117,0,6,603,1
Bala Loca,TV Show,2016,TV-MA,1 Season,Chile,1,1,8,96,0
Balto,Movie,1995,G,78 min,United States,78,0,0,603,3
Balto 2: Wolf Quest,Movie,2001,G,75 min,United States,75,0,0,603,3
Balto 3: Wings of Change,Movie,2004,G,78 min,United States,78,0,0,603,3
Balu Mahi,Movie,2017,TV-MA,149 min,Pakistan,149,0,8,380,2
Bana Masal Anlatma,Movie,2015,TV-14,103 min,Turkey,103,0,6,492,1
Band Aid,Movie,2017,R,94 min,United States,94,0,5,603,1
Band of Robbers,Movie,2015,NR,95 min,United States,95,0,2,603,1
Bang Rajan 2,Movie,2010,TV-MA,122 min,Thailand,122,0,8,488,2
Bangkok Hell,Movie,2002,TV-MA,107 min,Thailand,107,0,8,488,1
Bangkok Traffic (Love) Story,Movie,2009,TV-14,126 min,Thailand,126,0,6,488,2
Barça Dreams,Movie,2015,TV-MA,122 min,Spain,122,0,8,444,2
Barah Aana,Movie,2009,TV-14,95 min,India,95,0,6,251,1
Barbecue,Movie,2017,TV-MA,101 min,"Australia, Armenia, Japan, Jordan, Mexico, Mongolia, New Zealand, Philippines, South Africa, Sweden, United States, Uruguay",101,0,8,16,1
Barbie & Her Sisters in a Pony Tale,Movie,2013,TV-Y,74 min,United States,74,0,10,603,3
Barbie in A Mermaid Tale,Movie,2010,TV-Y,74 min,United States,74,0,10,603,3
Barbie in Princess Power,Movie,2015,TV-Y,74 min,United States,74,0,10,603,3
Barbie in Rock 'N Royals,Movie,2015,TV-Y,83 min,United States,83,0,10,603,3
Barbie Star Light Adventure,Movie,2016,TV-Y,79 min,United States,79,0,10,603,3
Barbie: A Fairy Secret,Movie,2010,TV-Y7,72 min,United States,72,0,11,603,3
Barbie: Princess Charm School,Movie,2011,TV-Y,80 min,"United States, Canada",80,0,10,621,3
Barbie: Spy Squad,Movie,2016,TV-Y,75 min,"United States, Canada",75,0,10,621,3
Barbie: The Princess & the Popstar,Movie,2012,TV-Y,75 min,United States,75,0,10,603,3
Barbie: Video Game Hero,Movie,2017,TV-Y,72 min,United States,72,0,10,603,3
Barely Lethal,Movie,2015,PG-13,99 min,United States,99,0,4,603,1
Barrio Universitario,Movie,2013,TV-14,91 min,Chile,91,0,6,96,1
Barsaat,Movie,1995,TV-PG,166 min,India,166,0,9,251,2
BASEketball,Movie,1998,R,103 min,United States,103,0,5,603,1
Basic Instinct,Movie,1992,R,128 min,"United States, France",128,0,5,643,2
Bat Pat,TV Show,2016,TV-Y,1 Season,Italy,1,1,10,302,0
Bates Motel,TV Show,2017,TV-MA,5 Seasons,United States,5,1,8,603,0
Bathtubs Over Broadway,Movie,2018,PG-13,87 min,United States,87,0,4,603,1
Battle Creek,TV Show,2015,TV-14,1 Season,United States,1,1,6,603,0
Battlefield Recovery,TV Show,2016,TV-PG,1 Season,United Kingdom,1,1,9,506,0
Bawarchi,Movie,1972,TV-PG,125 min,India,125,0,9,251,2
Bazaar,Movie,1982,TV-14,121 min,India,121,0,6,251,2
Be Here Now,Movie,2015,TV-MA,110 min,"United States, Australia",110,0,8,606,1
Be Somebody,Movie,2016,PG,88 min,United States,88,0,3,603,1
Be-Be-Bears,TV Show,2018,TV-Y,1 Season,Russia,1,1,10,407,0
Beak & Brain: Genius Birds From Down Under,Movie,2013,TV-G,52 min,Germany,52,0,7,212,3
Bean: The Ultimate Disaster Movie,Movie,1997,PG-13,89 min,"United Kingdom, United States",89,0,4,589,1
Beary Tales,Movie,2013,TV-G,52 min,United States,52,0,7,603,3
Beast Legends,TV Show,2010,TV-PG,1 Season,Canada,1,1,9,58,0
Beating Again,TV Show,2015,TV-14,1 Season,South Korea,1,1,6,435,0
Beauty & the Beast,TV Show,2016,TV-14,4 Seasons,Canada,4,1,6,58,0
Beavis and Butt-head Do America,Movie,1996,PG-13,81 min,United States,81,0,4,603,3
Bebe's Kids,Movie,1992,PG-13,73 min,United States,73,0,4,603,3
Because of Soccer,Movie,2008,TV-14,75 min,Indonesia,75,0,6,272,3
Because We're Heading Out,Movie,2016,TV-14,99 min,Egypt,99,0,6,150,1
Becoming Jane,Movie,2007,PG-13,121 min,"United Kingdom, Ireland",121,0,4,558,2
Bedtime Stories,Movie,2008,PG,100 min,United States,100,0,3,603,1
Before the Flood,Movie,2016,PG,97 min,United States,97,0,3,603,1
"Behind ""The Cove"": The Quiet Japanese Speak Out",Movie,2015,TV-14,105 min,"Japan, United States",105,0,6,322,1
Behind the Curtain: Todrick Hall,Movie,2017,TV-MA,100 min,United States,100,0,8,603,1
Behzat Ç.,TV Show,2010,TV-MA,1 Season,Turkey,1,1,8,492,0
Beiimaan Love,Movie,2016,TV-MA,115 min,India,115,0,8,251,1
Being AP,Movie,2015,TV-14,99 min,United Kingdom,99,0,6,506,1
Being Mary Jane: The Series,TV Show,2016,TV-14,4 Seasons,United States,4,1,6,603,0
Below Her Mouth,Movie,2016,TV-MA,91 min,Canada,91,0,8,58,1
Ben 10,TV Show,2016,TV-Y7,1 Season,United States,1,1,11,603,0
Beneath the Leaves,Movie,2019,TV-MA,90 min,United States,90,0,8,603,1
Benji: Off the Leash,Movie,2004,PG,100 min,United States,100,0,3,603,1
Benji's Very Own Christmas Story,Movie,1978,TV-G,25 min,United States,25,0,7,603,0
Berlin Kaplani,Movie,2012,TV-14,99 min,Turkey,99,0,6,492,1
"Berlin, I Love You",Movie,2019,R,120 min,Germany,120,0,5,212,1
Betting on Zero,Movie,2017,TV-PG,104 min,United States,104,0,9,603,1
Bewafaa,Movie,2005,TV-PG,149 min,India,149,0,9,251,2
Bewildered Bolbol,Movie,2010,TV-14,112 min,Egypt,112,0,6,150,1
Beyblade: Metal Fusion,TV Show,2009,TV-Y7,1 Season,Japan,1,1,11,319,0
Beyond All Boundaries,Movie,2013,TV-14,98 min,"United States, India",98,0,6,671,1
Beyond the Clouds,Movie,2018,TV-14,120 min,"India, Iran",120,0,6,258,1
Bh Se Bhade,TV Show,2013,TV-PG,1 Season,India,1,1,9,251,0
Bhaage Re Mann,TV Show,2015,TV-14,1 Season,India,1,1,6,251,0
Bhagam Bhag,Movie,2006,TV-14,151 min,India,151,0,6,251,2
Bhool Bhulaiyaa,Movie,2007,TV-14,148 min,India,148,0,6,251,2
Bhoot,Movie,2003,TV-MA,114 min,India,114,0,8,251,1
Bhouri,Movie,2017,TV-14,123 min,India,123,0,6,251,2
Big Bad Beetleborgs,TV Show,1997,TV-G,2 Seasons,"United States, France, Japan",2,1,7,650,0
Big Bear,Movie,2017,TV-MA,87 min,United States,87,0,8,603,1
Big Daddy,Movie,1999,PG-13,93 min,United States,93,0,4,603,1
"Big Dreams, Small Spaces",TV Show,2017,TV-G,3 Seasons,United Kingdom,3,1,7,506,0
Big Fat Liar,Movie,2002,PG,88 min,"United States, Germany",88,0,3,656,1
Big Kill,Movie,2018,R,126 min,United States,126,0,5,603,2
Big Time,Movie,2017,TV-MA,90 min,Denmark,90,0,8,134,1
Bigger Fatter Liar,Movie,2017,PG,95 min,United States,95,0,3,603,1
Biggie & Tupac,Movie,2002,R,108 min,United Kingdom,108,0,5,506,1
Bill Burr: Let It Go,Movie,2010,NR,65 min,United States,65,0,2,603,3
Billy Elliot,Movie,2000,R,110 min,"United Kingdom, France",110,0,5,531,1
Billy Graham: An Extraordinary Journey,Movie,2018,TV-PG,66 min,United States,66,0,9,603,3
Bilu Rakkhosh,Movie,2017,TV-MA,127 min,India,127,0,8,251,2
Bioscope,Movie,2015,TV-14,131 min,India,131,0,6,251,2
Birthmarked,Movie,2018,TV-MA,88 min,Canada,88,0,8,58,1
Bitch,Movie,2017,R,97 min,United States,97,0,5,603,1
Bitcoin Heist,Movie,2016,TV-14,116 min,Vietnam,116,0,6,745,1
Bitten,TV Show,2016,TV-MA,3 Seasons,Canada,3,1,8,58,0
Bitter Daisies,TV Show,2018,TV-MA,1 Season,Spain,1,1,8,444,0
Bittoo Boss,Movie,2012,TV-14,117 min,India,117,0,6,251,1
Black & Privileged: Volume 1,Movie,2019,TV-MA,79 min,United States,79,0,8,603,3
Black Hawk Down,Movie,2001,R,144 min,"United States, United Kingdom",144,0,5,718,2
Black Heart,TV Show,2014,TV-14,1 Season,Turkey,1,1,6,492,0
Black Man White Skin,Movie,2015,TV-PG,79 min,Spain,79,0,9,444,3
Black Panther,Movie,2018,PG-13,135 min,United States,135,0,4,603,2
Black Site Delta,Movie,2017,TV-MA,88 min,United States,88,0,8,603,1
Black Snake Moan,Movie,2007,R,116 min,United States,116,0,5,603,1
Black Snow,Movie,2017,TV-MA,91 min,"Argentina, Spain",91,0,8,9,1
Blackfish,Movie,2013,PG-13,83 min,United States,83,0,4,603,3
Blackway,Movie,2015,PG-13,90 min,United States,90,0,4,603,1
Blaze,Movie,2018,R,129 min,United States,129,0,5,603,2
Bleed for This,Movie,2016,R,120 min,United States,120,0,5,603,2
Blinky Bill: The Movie,Movie,2015,PG,91 min,"Australia, United States",91,0,3,30,1
Blockbuster,Movie,2017,TV-MA,85 min,France,85,0,8,162,1
Blood & Treasures,TV Show,2016,TV-14,1 Season,Thailand,1,1,6,488,0
Blood Father,Movie,2016,R,88 min,France,88,0,5,162,1
Blow,Movie,2001,R,123 min,United States,123,0,5,603,2
Blue Is the Warmest Color,Movie,2013,NC-17,180 min,"France, Belgium, Spain",180,0,1,170,2
Blue Jasmine,Movie,2013,PG-13,98 min,United States,98,0,4,603,1
Blue Mountain State: The Rise of Thadland,Movie,2016,R,90 min,United States,90,0,5,603,1
Blue Planet II,TV Show,2017,TV-G,1 Season,United Kingdom,1,1,7,506,0
Blue Ruin,Movie,2013,R,90 min,"United States, France",90,0,5,643,1
Blue Streak,Movie,1999,PG-13,94 min,"Germany, United States",94,0,4,228,1
Blue Valentine,Movie,2010,R,112 min,United States,112,0,5,603,1
Blurred Lines: Inside the Art World,Movie,2017,TV-MA,85 min,Canada,85,0,8,58,1
Bob Lazar: Area 51 & Flying Saucers,Movie,2018,TV-MA,97 min,United States,97,0,8,603,1
Bob's Broken Sleigh,Movie,2015,TV-G,47 min,Canada,47,0,7,58,3
Bobbi Jene,Movie,2017,TV-MA,99 min,"Denmark, Sweden, Israel, United States",99,0,8,145,1
Bobby,Movie,1973,TV-14,168 min,India,168,0,6,251,2
Bobby Robson: More Than a Manager,Movie,2018,TV-14,99 min,United Kingdom,99,0,6,506,1
Bobby Sands: 66 Days,Movie,2016,TV-14,106 min,"Ireland, United Kingdom",106,0,6,288,1
Bokeh,Movie,2017,TV-14,92 min,"United States, Iceland",92,0,6,670,1
Bolt,Movie,2008,PG,99 min,United States,99,0,3,603,1
Bombshell: The Hedy Lamarr Story,Movie,2017,TV-14,89 min,United States,89,0,6,603,1
Bon Bini Holland,Movie,2015,TV-MA,88 min,Netherlands,88,0,8,354,1
Bondi Rescue,TV Show,2016,TV-PG,1 Season,Australia,1,1,9,15,0
Bonnie and Clyde,Movie,1967,R,111 min,United States,111,0,5,603,1
Boom,Movie,2003,TV-MA,79 min,India,79,0,8,251,3
Borderline,TV Show,2017,TV-14,2 Seasons,United Kingdom,2,1,6,506,0
Born Strong,Movie,2017,TV-MA,86 min,United States,86,0,8,603,1
Born to Be Free,Movie,2016,TV-14,74 min,"United Kingdom, Russia",74,0,6,576,3
Botched Up Bodies,TV Show,2013,TV-MA,1 Season,United Kingdom,1,1,8,506,0
Bottom of the World,Movie,2017,TV-MA,84 min,"Canada, United States",84,0,8,86,3
Boy and the World,Movie,2013,PG,80 min,Brazil,80,0,3,45,3
Boy Bye,Movie,2016,TV-MA,86 min,United States,86,0,8,603,1
Brain Games,TV Show,2016,TV-G,3 Seasons,United States,3,1,7,603,0
Brampton's Own,Movie,2018,TV-MA,90 min,United States,90,0,8,603,1
Bratz: The Movie,Movie,2007,PG,102 min,United States,102,0,3,603,1
Brave Miss World,TV Show,2013,TV-14,1 Season,"United States, Israel, Italy, South Africa",1,1,6,680,0
Brave New Jersey,Movie,2016,TV-MA,92 min,United States,92,0,8,603,1
Braxton Family Values,TV Show,2014,TV-PG,2 Seasons,United States,2,1,9,603,0
Breaking Free,Movie,2015,TV-MA,81 min,India,81,0,8,251,3
Breath,Movie,2018,TV-MA,116 min,Australia,116,0,8,15,1
Brick,Movie,2005,R,110 min,United States,110,0,5,603,1
Bring It On: Worldwide Showdown,Movie,2017,PG-13,95 min,United States,95,0,4,603,1
Brooklyn's Finest,Movie,2009,R,133 min,United States,133,0,5,603,2
Brotherhood of Blades II: The Infernal Battlefield,Movie,2017,TV-MA,120 min,China,120,0,8,105,1
Brown Nation,TV Show,2016,TV-14,1 Season,United States,1,1,6,603,0
Bruno and Boots: Go Jump in the Pool,Movie,2016,TV-PG,91 min,Canada,91,0,9,58,1
Bruno and Boots: The Wizzle War,Movie,2017,TV-PG,90 min,Canada,90,0,9,58,1
Bruno and Boots: This Can't Be Happening at Macdonald Hall,Movie,2017,TV-PG,90 min,Canada,90,0,9,58,1
Buffalo Boys,Movie,2018,TV-MA,103 min,"Indonesia, Singapore",103,0,8,274,1
Bugs,Movie,2016,TV-G,73 min,"Netherlands, Denmark, France, Germany",73,0,7,358,3
Bullitt County,Movie,2018,TV-MA,98 min,United States,98,0,8,603,1
Burlesque,Movie,2010,PG-13,119 min,United States,119,0,4,603,1
Burlesque: Heart of the Glitter Tribe,Movie,2017,TV-MA,76 min,United States,76,0,8,603,3
Burning,Movie,2018,TV-MA,148 min,"South Korea, Japan",148,0,8,441,2
Burnistoun,TV Show,2012,TV-MA,2 Seasons,United Kingdom,2,1,8,506,0
Bushwick,Movie,2017,TV-MA,94 min,United States,94,0,8,603,1
Butterfield 8,Movie,1960,TV-14,108 min,United States,108,0,6,603,1
Cézanne et moi,Movie,2016,R,114 min,"Belgium, France",114,0,5,39,1
Cabin Fever,Movie,2016,R,98 min,United States,98,0,5,603,1
Cabins in the Wild with Dick Strawbridge,TV Show,2017,TV-PG,1 Season,United Kingdom,1,1,9,506,0
Cahaya Dari Timur Beta Maluku,Movie,2014,TV-14,151 min,Indonesia,151,0,6,272,2
Caida del Cielo,Movie,2016,TV-MA,78 min,Argentina,78,0,8,2,3
Cain and Abel,TV Show,2009,TV-MA,1 Season,South Korea,1,1,8,435,0
Cake,Movie,2018,TV-MA,125 min,"United Kingdom, Pakistan",125,0,8,573,2
Calendar Girls,Movie,2015,TV-14,126 min,India,126,0,6,251,2
Call Me Francis,TV Show,2016,TV-14,1 Season,Italy,1,1,6,302,0
Camelia la Texana,TV Show,2014,TV-14,1 Season,"Mexico, United States",1,1,6,350,0
Camera Store,Movie,2016,TV-MA,104 min,United States,104,0,8,603,1
Camp Cool Kids,Movie,2017,TV-G,104 min,United States,104,0,7,603,1
Camp X,TV Show,2014,TV-MA,1 Season,Canada,1,1,8,58,0
Camp X-Ray,Movie,2014,R,117 min,United States,117,0,5,603,1
Can We Get Married?,TV Show,2012,TV-14,1 Season,South Korea,1,1,6,435,0
Can't Hardly Wait,Movie,1998,PG-13,101 min,United States,101,0,4,603,1
Candyman,Movie,1992,R,99 min,"United States, United Kingdom",99,0,5,718,1
Cannabis,TV Show,2016,TV-MA,1 Season,France,1,1,8,162,0
Capital in the Twenty-First Century,Movie,2019,TV-14,103 min,"France, New Zealand",103,0,6,196,1
Cappuccino,Movie,2017,TV-PG,126 min,India,126,0,9,251,2
Cardboard Gangsters,Movie,2016,TV-MA,92 min,Ireland,92,0,8,279,1
Care Bears: Welcome to Care-a-Lot,TV Show,2012,TV-Y,1 Season,United States,1,1,10,603,0
Caregiver,Movie,2008,TV-14,131 min,Philippines,131,0,6,388,2
Carol,Movie,2015,R,119 min,"United Kingdom, United States, Australia",119,0,5,590,1
Carrie,Movie,1976,R,98 min,United States,98,0,5,603,1
Carriers,Movie,2009,PG-13,85 min,United States,85,0,4,603,1
Casa de mi Padre,Movie,2012,R,84 min,"United States, Mexico",84,0,5,690,3
Case Closed,TV Show,2015,TV-14,1 Season,Japan,1,1,6,319,0
Casino Royale,Movie,2006,PG-13,145 min,"United Kingdom, Czech Republic, United States, Germany, Bahamas",145,0,4,527,2
Casino Tycoon,Movie,1992,TV-MA,125 min,Hong Kong,125,0,8,239,2
Casino Tycoon 2,Movie,1992,TV-MA,108 min,Hong Kong,108,0,8,239,1
Cat on a Hot Tin Roof,Movie,1958,NR,108 min,United States,108,0,2,603,1
Catching the Sun,Movie,2015,TV-14,74 min,"China, Germany, India, United States",74,0,6,107,3
Cats & Dogs: The Revenge of Kitty Galore,Movie,2010,PG,82 min,"United States, Australia",82,0,3,606,3
Catwalk: Tales from the Cat Show Circuit,Movie,2018,TV-PG,75 min,Canada,75,0,9,58,3
Cave,Movie,2016,TV-MA,77 min,Norway,77,0,8,370,3
Celluloid Man,Movie,2012,TV-PG,156 min,India,156,0,9,251,2
Center Stage,Movie,2000,PG-13,116 min,United States,116,0,4,603,1
Chaar Sahibzaade,Movie,2014,TV-PG,126 min,India,126,0,9,251,2
Chal Dhar Pakad,Movie,2010,TV-14,129 min,India,129,0,6,251,2
Chal Mere Bhai,Movie,2000,TV-14,132 min,India,132,0,6,251,2
Chalay Thay Saath,Movie,2017,TV-14,118 min,Pakistan,118,0,6,380,1
Chandani: The Daughter of the Elephant Whisperer,Movie,2010,TV-G,87 min,"Germany, Sri Lanka",87,0,7,225,1
Change in the Air,Movie,2018,PG,95 min,United States,95,0,3,603,1
Chaotic Love Poems,Movie,2016,TV-14,86 min,Indonesia,86,0,6,272,1
Chappaquiddick,Movie,2017,PG-13,106 min,"United States, Sweden",106,0,4,712,1
Charlie and the Chocolate Factory,Movie,2005,PG,115 min,"United Kingdom, United States",115,0,3,589,1
Charlie's Angels: Full Throttle,Movie,2003,PG-13,106 min,United States,106,0,4,603,1
Charlotte's Web,Movie,1973,G,94 min,United States,94,0,0,603,1
Chashme Buddoor,Movie,2013,TV-PG,121 min,India,121,0,9,251,2
Chasing Amy,Movie,1997,R,113 min,United States,113,0,5,603,1
Chasing Monsters,TV Show,2016,TV-PG,2 Seasons,Canada,2,1,9,58,0
Chasing the Dragon,Movie,2017,TV-MA,129 min,"Hong Kong, China",129,0,8,241,2
Chasing Trane,Movie,2016,TV-PG,99 min,United States,99,0,9,603,1
Chauthi Koot,Movie,2015,TV-14,116 min,"India, France",116,0,6,254,1
Cheapest Weddings,TV Show,2016,TV-14,1 Season,Australia,1,1,6,15,0
Cheers,TV Show,1992,TV-PG,11 Seasons,United States,11,1,9,603,0
Chef & My Fridge,TV Show,2017,TV-PG,2 Seasons,South Korea,2,1,9,435,0
Chernobyl Diaries,Movie,2012,R,88 min,United States,88,0,5,603,1
Chewin' the Fat,TV Show,1999,TV-14,1 Season,United Kingdom,1,1,6,506,0
Chewing Gum,TV Show,2017,TV-MA,2 Seasons,United Kingdom,2,1,8,506,0
Chhota Bheem Kungfu Dhamaka,Movie,2019,TV-Y7,112 min,India,112,0,11,251,1
Chicken Kokkachi,Movie,2017,TV-14,113 min,India,113,0,6,251,1
Chicken Little,Movie,2005,G,82 min,United States,82,0,0,603,3
Chief Daddy,Movie,2018,TV-MA,98 min,Nigeria,98,0,8,368,1
Child's Play,Movie,1988,R,87 min,United States,87,0,5,603,1
China Salesman,Movie,2017,TV-MA,111 min,China,111,0,8,105,1
Chittagong,Movie,2012,NR,105 min,"United States, India, Bangladesh",105,0,2,672,1
Chitty Chitty Bang Bang,Movie,1968,G,146 min,"United Kingdom, United States",146,0,0,589,2
Chloe,Movie,2009,R,96 min,"United States, Canada, France",96,0,5,624,1
Chris Brown: Welcome to My Life,Movie,2017,TV-MA,80 min,United States,80,0,8,603,3
Christian Mingle,Movie,2014,PG,99 min,United States,99,0,3,603,1
Christiane Amanpour: Sex & Love Around the World,TV Show,2018,TV-MA,1 Season,United States,1,1,8,603,0
Christmas Crush,Movie,2012,TV-PG,87 min,"Canada, United States",87,0,9,86,1
Christmas in the Smokies,Movie,2015,TV-G,88 min,United States,88,0,7,603,1
Christmas with the Kranks,Movie,2004,PG,99 min,United States,99,0,3,603,1
Christopher Robin,Movie,2018,PG,104 min,United States,104,0,3,603,1
Chronicle of an Escape,Movie,2006,R,104 min,Argentina,104,0,5,2,1
Chuck Chicken,TV Show,2017,TV-Y7,1 Season,Malaysia,1,1,11,338,0
Chupan Chupai,Movie,2017,TV-14,118 min,Pakistan,118,0,6,380,1
Chupke Chupke,Movie,1975,TV-PG,127 min,India,127,0,9,251,2
Cirque du Freak: The Vampire's Assistant,Movie,2009,PG-13,109 min,United States,109,0,4,603,1
City in the Sky,TV Show,2016,TV-PG,1 Season,United Kingdom,1,1,9,506,0
City of God,Movie,2002,R,130 min,"Brazil, France, Germany",130,0,5,47,2
City of Tiny Lights,Movie,2016,TV-MA,110 min,United Kingdom,110,0,8,506,1
Civilizations,TV Show,2018,TV-14,1 Season,United Kingdom,1,1,6,506,0
Clarence Clemons: Who Do I Think I Am?,Movie,2019,TV-MA,88 min,United States,88,0,8,603,1
Clash of the Titans,Movie,2010,PG-13,106 min,"United States, United Kingdom, Australia",106,0,4,719,1
Class of '61,Movie,1993,TV-PG,91 min,United States,91,0,9,603,1
Class Rank,Movie,2018,TV-MA,103 min,United States,103,0,8,603,1
Classic Legends,TV Show,2012,TV-PG,1 Season,India,1,1,9,251,0
Cleopatra Jones,Movie,1973,PG,89 min,United States,89,0,3,603,1
Click,Movie,2006,PG-13,108 min,United States,108,0,4,603,1
Click for Murder,TV Show,2017,TV-14,1 Season,United Kingdom,1,1,6,506,0
Clive Davis: The Soundtrack of Our Lives,Movie,2017,TV-MA,124 min,United States,124,0,8,603,2
Closed Circuit,Movie,2013,R,96 min,"United Kingdom, United States",96,0,5,589,1
Cloud Atlas,Movie,2012,R,172 min,"Germany, United States, Hong Kong, Singapore",172,0,5,231,2
Clouds of Sils Maria,Movie,2014,R,124 min,"France, Germany, Switzerland",124,0,5,183,2
Cloverfield,Movie,2008,PG-13,85 min,United States,85,0,4,603,1
Coach Carter,Movie,2005,PG-13,137 min,"United States, Germany",137,0,4,656,2
Code Name: The Cleaner,Movie,2007,PG-13,91 min,United States,91,0,4,603,1
Coffee with D,Movie,2017,TV-PG,120 min,India,120,0,9,251,1
Cold Case Files,TV Show,2017,TV-14,1 Season,United States,1,1,6,603,0
Cold Case Files Classic,TV Show,1999,TV-MA,1 Season,United States,1,1,8,603,0
Colkatay Columbus,Movie,2016,TV-14,118 min,India,118,0,6,251,1
Colonia,Movie,2015,R,110 min,"Germany, France, Luxembourg, United Kingdom, United States",110,0,5,220,1
Colours of Passion,Movie,2008,TV-14,114 min,India,114,0,6,251,1
Come and Find Me,Movie,2016,R,112 min,"Canada, United States, United Kingdom",112,0,5,94,1
Comedy Bang! Bang!,TV Show,2016,TV-14,5 Seasons,United States,5,1,6,603,0
Command and Control,Movie,2017,TV-PG,92 min,United States,92,0,9,603,1
Company,Movie,2002,TV-MA,137 min,India,137,0,8,251,2
Compulsion,Movie,2016,TV-MA,84 min,"United Kingdom, Canada, Italy",84,0,8,518,3
Conan Without Borders,TV Show,2018,TV-14,1 Season,United States,1,1,6,603,0
Concrete Football,Movie,2016,TV-MA,52 min,"Czech Republic, France",52,0,8,129,3
Concussion,Movie,2013,R,96 min,United States,96,0,5,603,1
Conjuring Spirit,Movie,2014,TV-MA,112 min,Vietnam,112,0,8,745,1
Conor McGregor: Notorious,Movie,2017,R,90 min,Ireland,90,0,5,279,1
Consequences ,Movie,2014,TV-MA,106 min,Turkey,106,0,8,492,1
Contract,Movie,2008,TV-14,116 min,India,116,0,6,251,1
Cooking on High,TV Show,2018,TV-MA,1 Season,United States,1,1,8,603,0
Cool Hand Luke,Movie,1967,TV-14,127 min,United States,127,0,6,603,2
Cop and a Half: New Recruit,Movie,2017,PG,96 min,Canada,96,0,3,58,1
Coraline,Movie,2009,PG,101 min,United States,101,0,3,603,1
Counterfeiting in Suburbia,Movie,2018,TV-14,88 min,Canada,88,0,6,58,1
Court Justice,TV Show,2017,TV-MA,1 Season,Australia,1,1,8,15,0
Covered: Alive in Asia,Movie,2016,TV-G,75 min,United States,75,0,7,603,3
Crash,Movie,2004,R,112 min,"United States, Germany",112,0,5,656,1
CRD,Movie,2016,TV-MA,110 min,India,110,0,8,251,1
Crime Time,TV Show,2017,TV-MA,1 Season,France,1,1,8,162,0
"Crouching Tiger, Hidden Dragon",Movie,2000,PG-13,120 min,"Taiwan, Hong Kong, United States, China",120,0,4,486,2
Cult of Chucky,Movie,2017,R,90 min,United States,90,0,5,603,1
Cutie and the Boxer,Movie,2013,R,82 min,United States,82,0,5,603,3
Daagdi Chaawl,Movie,2015,TV-14,118 min,India,118,0,6,251,1
Dabbe 6: The Return,Movie,2015,TV-MA,153 min,Turkey,153,0,8,492,2
Dad,Movie,1989,PG,117 min,United States,117,0,3,603,2
Dad's Army,TV Show,1977,TV-PG,10 Seasons,United Kingdom,10,1,9,506,0
Daddy Day Care,Movie,2003,PG,93 min,United States,93,0,3,603,1
Daddy Issues,Movie,2019,TV-MA,82 min,United States,82,0,8,603,3
Daemonium,Movie,2015,NR,115 min,Argentina,115,0,2,2,1
Daffedar,Movie,2017,TV-14,151 min,India,151,0,6,251,2
Dagh Ujala,Movie,2015,TV-MA,103 min,"United States, India",103,0,8,671,1
Dallas Buyers Club,Movie,2013,R,117 min,United States,117,0,5,603,1
Dance Academy,TV Show,2013,TV-PG,1 Season,Australia,1,1,9,15,0
Dance Academy: The Comeback,Movie,2017,TV-PG,100 min,"Germany, Australia",100,0,9,213,1
Dancing Quietly,Movie,2016,TV-MA,70 min,Germany,70,0,8,212,3
Dandy,TV Show,2016,TV-MA,1 Season,Mexico,1,1,8,342,0
Dangerous Roads,TV Show,2012,TV-MA,2 Seasons,United Kingdom,2,1,8,506,0
Danny Says,Movie,2015,TV-MA,103 min,United States,103,0,8,603,1
Dante's Peak,Movie,1997,PG-13,108 min,United States,108,0,4,603,1
Dare to Be Wild,Movie,2015,TV-PG,100 min,Ireland,100,0,9,279,1
Dark Chocolate (Bengali Version),Movie,2016,TV-MA,91 min,India,91,0,8,251,1
Dark Crimes,Movie,2016,R,93 min,"United Kingdom, Poland, United States",93,0,5,575,1
Dark Places,Movie,2015,R,113 min,"United States, United Kingdom, France",113,0,5,724,1
Darna Mana Hai,Movie,2003,TV-MA,116 min,India,116,0,8,251,1
Darr Sabko Lagta Hai,TV Show,2015,TV-MA,1 Season,India,1,1,8,251,0
Darra,Movie,2016,TV-14,121 min,India,121,0,6,251,2
Daughters of the Dust,Movie,1991,NR,112 min,"United Kingdom, United States",112,0,2,589,1
Day and Night,TV Show,2017,TV-MA,1 Season,China,1,1,8,105,0
Days We Stared at the Sun,TV Show,2017,TV-MA,2 Seasons,Taiwan,2,1,8,483,0
Dayveon,Movie,2017,TV-MA,76 min,United States,76,0,8,603,3
De Film van Dylan Haegens,Movie,2018,TV-PG,81 min,Netherlands,81,0,9,354,3
De Palma,Movie,2015,R,110 min,United States,110,0,5,603,1
Dead in a Week (Or Your Money Back),Movie,2018,TV-MA,90 min,United Kingdom,90,0,8,506,1
Deadline: Sirf 24 Ghante,Movie,2006,TV-14,97 min,India,97,0,6,251,1
Deadly Scholars,Movie,2018,TV-14,86 min,United States,86,0,6,603,1
Dean,Movie,2016,PG-13,94 min,United States,94,0,4,603,1
Dear Dad,Movie,2016,TV-14,83 min,India,83,0,6,251,3
Dear Dracula,Movie,2012,TV-Y7-FV,43 min,United States,43,0,12,603,3
Dear Santa,Movie,2011,TV-PG,92 min,Canada,92,0,9,58,1
Death at a Funeral,Movie,2010,R,93 min,United States,93,0,5,603,1
Death House,Movie,2017,R,88 min,United States,88,0,5,603,1
Deathgrip,Movie,2017,TV-MA,53 min,United Kingdom,53,0,8,506,3
Deep Undercover Collection,TV Show,2017,TV-MA,3 Seasons,United States,3,1,8,603,0
Deep Water,TV Show,2016,TV-MA,1 Season,Australia,1,1,8,15,0
Deewangee,Movie,2002,TV-MA,156 min,India,156,0,8,251,2
Defying the Nazis: The Sharps' War,Movie,2016,TV-14,79 min,United States,79,0,6,603,3
Delirium,Movie,2018,R,96 min,United States,96,0,5,603,1
Democrats,Movie,2014,NR,99 min,"Denmark, Zimbabwe",99,0,2,149,1
Den of Thieves,Movie,2018,R,140 min,United States,140,0,5,603,2
Denis Leary: No Cure For Cancer,Movie,1992,R,62 min,United States,62,0,5,603,3
Desolation,Movie,2017,TV-MA,76 min,United States,76,0,8,603,3
Detention Letter,Movie,2017,TV-14,99 min,Egypt,99,0,6,150,1
Detour,Movie,2016,R,97 min,"United Kingdom, South Africa",97,0,5,579,1
Deviant Love,Movie,2019,TV-14,87 min,United States,87,0,6,603,1
Devil's Bride,Movie,2016,TV-MA,108 min,"Finland, Sweden, Norway, Latvia, Germany",108,0,8,160,1
Devil's Gate,Movie,2017,TV-MA,94 min,Canada,94,0,8,58,1
Devlok with Devdutt Pattanaik,TV Show,2017,TV-PG,1 Season,India,1,1,9,251,0
Devrai,Movie,2004,TV-PG,123 min,India,123,0,9,251,2
Dexter,TV Show,2013,TV-MA,8 Seasons,United States,8,1,8,603,0
Dhamaal,Movie,2007,TV-14,128 min,India,128,0,6,251,2
Di Renjie zhi Sidatianwang,Movie,2018,TV-14,132 min,"China, Hong Kong",132,0,6,108,2
Diana: 7 Days That Shook the World,Movie,2017,TV-PG,93 min,United Kingdom,93,0,9,506,1
Diana: In Her Own Words,Movie,2017,TV-PG,113 min,United Kingdom,113,0,9,506,1
Diary of a Chambermaid,Movie,2015,NR,96 min,"France, Belgium",96,0,2,165,1
Die Another Day,Movie,2002,PG-13,133 min,"United Kingdom, United States",133,0,4,589,2
Dil Hai Tumhaara,Movie,2002,TV-14,176 min,India,176,0,6,251,2
Dinner for Five,TV Show,2007,TV-MA,1 Season,United States,1,1,8,603,0
Dinner for Schmucks,Movie,2010,PG-13,115 min,United States,115,0,4,603,1
Dino Hunt,TV Show,2016,TV-G,1 Season,Canada,1,1,7,58,0
Disciples Of The 36th Chamber,Movie,1985,TV-14,90 min,Hong Kong,90,0,6,239,1
Discovering Bigfoot,Movie,2017,TV-MA,111 min,United States,111,0,8,603,1
Dismissed,Movie,2017,TV-14,87 min,United States,87,0,6,603,1
District 9,Movie,2009,R,112 min,"South Africa, United States, New Zealand, Canada",112,0,5,434,1
Doctor Zhivago,Movie,1965,PG-13,200 min,"United States, Italy, United Kingdom, Liechtenstein",200,0,4,685,2
Dog Eat Dog,Movie,2016,TV-MA,93 min,United States,93,0,8,603,1
Dolphin Kick,Movie,2019,TV-PG,90 min,United States,90,0,9,603,1
Dolphin Tale 2,Movie,2014,PG,107 min,United States,107,0,3,603,1
Domino,Movie,2019,R,89 min,"Denmark, France, Belgium, Italy, Netherlands, United States, United Kingdom",89,0,5,137,1
Don Quixote: The Ingenious Gentleman of La Mancha,Movie,2015,TV-14,83 min,United States,83,0,6,603,3
Don Verdean,Movie,2015,PG-13,96 min,United States,96,0,4,603,1
Don't Be Afraid of the Dark,Movie,2010,R,99 min,"United States, Australia, Mexico",99,0,5,608,1
Don't Crack Under Pressure,Movie,2015,TV-MA,95 min,France,95,0,8,162,1
Don't Crack Under Pressure II,Movie,2016,TV-MA,88 min,France,88,0,8,162,1
Don't Crack Under Pressure III,Movie,2017,TV-14,94 min,France,94,0,6,162,1
Don't Knock Twice,Movie,2016,R,93 min,United Kingdom,93,0,5,506,1
Don't Look Down,Movie,2016,TV-MA,93 min,United Kingdom,93,0,8,506,1
Don't Think Twice,Movie,2016,R,92 min,United States,92,0,5,603,1
Donnie Brasco,Movie,1997,R,127 min,United States,127,0,5,603,2
Doom,Movie,2005,R,105 min,"United Kingdom, Czech Republic, Germany, United States",105,0,5,526,1
Doomsday Preppers,TV Show,2013,TV-14,1 Season,United States,1,1,6,603,0
Doubles Cause Troubles,Movie,1989,TV-14,94 min,Hong Kong,94,0,6,239,1
Doubt,Movie,2008,PG-13,104 min,United States,104,0,4,603,1
Down The Fence,Movie,2017,TV-PG,94 min,United States,94,0,9,603,1
Dr. Seuss' The Cat in the Hat,Movie,2003,PG,82 min,United States,82,0,3,603,3
Dr. Seuss' The Grinch,Movie,2018,PG,86 min,"France, China, Japan, United States",86,0,3,179,1
Dragonheart,Movie,1996,PG-13,103 min,United States,103,0,4,603,1
Dragonheart 3: The Sorcerer,Movie,2015,PG-13,97 min,United States,97,0,4,603,1
Dragonheart: A New Beginning,Movie,2000,PG,84 min,United States,84,0,3,603,1
Dragonheart: Battle for the Heartfire,Movie,2017,PG-13,98 min,United States,98,0,4,603,1
Dramaworld,TV Show,2016,TV-14,1 Season,"United States, South Korea, China",1,1,6,708,0
Dream Big: Engineering Our World,Movie,2017,TV-G,42 min,United States,42,0,7,603,3
Dream Boat,Movie,2017,TV-MA,92 min,Germany,92,0,8,212,1
Dries,Movie,2017,TV-PG,89 min,"Germany, Belgium",89,0,9,215,1
Driven to Dance,Movie,2018,TV-PG,99 min,United States,99,0,9,603,1
"Drugs, Inc.",TV Show,2015,TV-MA,1 Season,United States,1,1,8,603,0
Dueños del paraíso,TV Show,2015,TV-14,1 Season,"United States, Chile",1,1,6,630,0
Dukhtar,Movie,2014,TV-14,93 min,"Pakistan, Norway, United States",93,0,6,381,1
Dum,Movie,2003,TV-14,162 min,India,162,0,6,251,2
Dumb and Dumberer: When Harry Met Lloyd,Movie,2003,PG-13,85 min,United States,85,0,4,603,1
E-Cigarettes: Miracle or Menace?,Movie,2016,TV-14,52 min,United Kingdom,52,0,6,506,3
Earth to Echo,Movie,2014,PG,91 min,United States,91,0,3,603,1
Earth to Luna!,TV Show,2014,TV-Y,1 Season,Brazil,1,1,10,45,0
Earth's Natural Wonders,TV Show,2015,TV-PG,1 Season,United Kingdom,1,1,9,506,0
East Side Sushi,Movie,2015,PG,106 min,United States,106,0,3,603,1
Easy A,Movie,2010,PG-13,92 min,United States,92,0,4,603,1
Easy Fortune Happy Life,TV Show,2009,TV-MA,1 Season,Taiwan,1,1,8,483,0
Eat Pray Love,Movie,2010,PG-13,140 min,United States,140,0,4,603,2
Eddie Murphy: Delirious,Movie,1983,TV-MA,69 min,United States,69,0,8,603,3
Eeda,Movie,2018,TV-14,153 min,India,153,0,6,251,2
Eh Janam Tumhare Lekhe,Movie,2015,TV-14,124 min,India,124,0,6,251,2
Ek Cup Chya,Movie,2009,TV-PG,120 min,India,120,0,9,251,2
Ek Hasina Thi,Movie,2004,TV-MA,134 min,India,134,0,8,251,2
El último testigo,Movie,2012,R,105 min,"United States, Canada, Belgium, United Kingdom",105,0,5,622,1
El Barco,TV Show,2013,NR,3 Seasons,Spain,3,1,2,444,0
El Cartel,TV Show,2008,TV-MA,1 Season,Colombia,1,1,8,121,0
El Cartel 2,TV Show,2010,TV-MA,1 Season,Colombia,1,1,8,121,0
El Chavo,TV Show,1979,TV-PG,1 Season,Mexico,1,1,9,342,0
El Che,Movie,2017,TV-14,119 min,Venezuela,119,0,6,743,1
El Clon,TV Show,2010,TV-14,1 Season,United States,1,1,6,603,0
El fin de ETA,Movie,2017,TV-14,106 min,Spain,106,0,6,444,1
El Vato,TV Show,2017,TV-MA,2 Seasons,United States,2,1,8,603,0
Elephants Dream 4 Hour,Movie,2006,TV-MA,196 min,Netherlands,196,0,8,354,2
Elizabeth at 90: A Family Tribute,Movie,2016,TV-G,90 min,United Kingdom,90,0,7,506,1
Elizabeth Harvest,Movie,2019,R,109 min,United States,109,0,5,603,1
Elles étaient en guerre (1914-1918),Movie,2014,TV-14,93 min,France,93,0,6,162,1
Elstree 1976,Movie,2015,TV-PG,102 min,United Kingdom,102,0,9,506,1
Emelie,Movie,2016,TV-MA,82 min,United States,82,0,8,603,3
Emma' (Mother),Movie,2016,TV-PG,74 min,Indonesia,74,0,9,272,3
Emo the Musical,Movie,2016,TV-MA,94 min,Australia,94,0,8,15,1
Emogenius,TV Show,2017,TV-PG,1 Season,United States,1,1,9,603,0
Empire of Scents,Movie,2014,TV-14,87 min,"Canada, France, Italy, Morocco, United States",87,0,6,63,1
Employee of the Month,Movie,2006,PG-13,108 min,United States,108,0,4,603,1
Encounter: The Killing,Movie,2002,TV-14,151 min,India,151,0,6,251,2
Encounters with Evil,TV Show,2016,TV-14,1 Season,United Kingdom,1,1,6,506,0
End of Watch,Movie,2012,R,109 min,United States,109,0,5,603,1
Enemy,Movie,2013,R,91 min,"Canada, Spain, France",91,0,5,82,1
Enlighten Us,Movie,2016,TV-14,93 min,United States,93,0,6,603,1
Entanglement,Movie,2018,TV-MA,85 min,Canada,85,0,8,58,1
Enter the Dragon,Movie,1973,R,103 min,"Hong Kong, United States",103,0,5,246,1
Equals,Movie,2015,PG-13,102 min,"United States, Indonesia",102,0,4,677,1
Equilibrium,Movie,2002,R,107 min,United States,107,0,5,603,1
"Escape from the ""Liberty"" Cinema",Movie,1990,TV-MA,88 min,Poland,88,0,8,394,1
Esperando La Carroza,Movie,1985,NR,95 min,Argentina,95,0,2,2,1
Estar o no estar,Movie,2016,TV-14,100 min,Mexico,100,0,6,342,1
Ethirmarai,Movie,2018,TV-14,91 min,India,91,0,6,251,1
Euphoria,Movie,2018,R,110 min,Italy,110,0,5,302,1
Evan Almighty,Movie,2007,PG,96 min,United States,96,0,3,603,1
Event Horizon,Movie,1997,R,96 min,"United Kingdom, United States",96,0,5,589,1
Every Time I Die,Movie,2019,TV-MA,98 min,United States,98,0,8,603,1
Everybody Knows,Movie,2019,R,133 min,"Spain, France, Italy",133,0,5,454,2
Everyday Miracles,TV Show,2014,TV-PG,1 Season,United Kingdom,1,1,9,506,0
Evolution,Movie,2001,PG-13,102 min,United States,102,0,4,603,1
Ex Machina,Movie,2015,R,108 min,United Kingdom,108,0,5,506,1
Ex-Boyfriend,TV Show,2011,TV-14,1 Season,China,1,1,6,105,0
Executive Decision,Movie,1996,R,133 min,United States,133,0,5,603,2
Exit Afghanistan,Movie,2013,TV-MA,58 min,Norway,58,0,8,370,3
Exit Strategy,Movie,2012,NR,79 min,United States,79,0,2,603,3
Exit Wounds,Movie,2001,R,101 min,United States,101,0,5,603,1
Expo,Movie,2019,TV-14,81 min,United States,81,0,6,603,3
Extras,TV Show,2006,TV-MA,2 Seasons,"United Kingdom, United States",2,1,8,589,0
Eyyvah Eyyvah,Movie,2010,TV-MA,99 min,Turkey,99,0,8,492,1
Eyyvah Eyyvah 2,Movie,2011,TV-PG,106 min,Turkey,106,0,9,492,1
Eyyvah Eyyvah 3,Movie,2014,TV-PG,103 min,Turkey,103,0,9,492,1
Ezel,TV Show,2009,TV-14,1 Season,Turkey,1,1,6,492,0
F the Prom,Movie,2017,TV-MA,92 min,United States,92,0,8,603,1
Face 2 Face,Movie,2017,TV-MA,89 min,United States,89,0,8,603,1
Fairy Tail,TV Show,2009,TV-MA,1 Season,Japan,1,1,8,319,0
Fake or Fortune?,TV Show,2015,TV-G,1 Season,United Kingdom,1,1,7,506,0
Fakta Ladh Mhana,Movie,2011,TV-14,150 min,India,150,0,6,251,2
Fall Girls,Movie,2019,TV-14,80 min,United States,80,0,6,603,3
Fallen,Movie,1998,R,124 min,United States,124,0,5,603,2
Familiye,Movie,2017,TV-MA,99 min,Germany,99,0,8,212,1
Famous in Ahmedabad,Movie,2015,TV-14,29 min,India,29,0,6,251,0
Fanatic,Movie,2019,TV-14,91 min,United States,91,0,6,603,1
Fandry,Movie,2014,NR,102 min,India,102,0,2,251,1
Farce,Movie,2017,TV-MA,94 min,Egypt,94,0,8,150,1
Father Brown,TV Show,2017,TV-14,6 Seasons,United Kingdom,6,1,6,506,0
Fear and Loathing in Las Vegas,Movie,1998,R,118 min,United States,118,0,5,603,2
Fear Files... Har Mod Pe Darr,TV Show,2015,TV-MA,1 Season,India,1,1,8,251,0
Feel Rich,Movie,2017,TV-MA,70 min,United States,70,0,8,603,3
Fiddler on the Roof,Movie,1971,G,181 min,United States,181,0,0,603,2
Fifty,Movie,2015,NR,101 min,Nigeria,101,0,2,368,1
Figaro Pho,Movie,2008,TV-Y7,29 min,United Kingdom,29,0,11,506,0
Figures of Speech,Movie,2016,TV-PG,92 min,United States,92,0,9,603,1
Filinta,TV Show,2015,TV-14,2 Seasons,Turkey,2,1,6,492,0
Filmworker,Movie,2017,TV-MA,94 min,United States,94,0,8,603,1
Filosofi Kopi The Movie,Movie,2015,TV-PG,118 min,Indonesia,118,0,9,272,1
Final Destination,Movie,2000,R,98 min,United States,98,0,5,603,1
Final Destination 2,Movie,2003,R,90 min,"United States, Canada",90,0,5,621,1
Final Destination 3,Movie,2006,R,93 min,"United States, Germany",93,0,5,656,1
Fire at Sea,Movie,2016,TV-14,114 min,"Italy, France",114,0,6,306,1
Fireflies,Movie,2013,TV-MA,99 min,India,99,0,8,251,1
First Impression,Movie,2018,TV-14,96 min,United States,96,0,6,603,1
First Kill,Movie,2017,R,102 min,"United Kingdom, Canada, United States",102,0,5,520,1
FirstBorn,Movie,2016,TV-MA,90 min,United Kingdom,90,0,8,506,1
Fishtail,Movie,2015,NR,61 min,United States,61,0,2,603,3
Fittest in Dubai,Movie,2019,TV-14,60 min,United Arab Emirates,60,0,6,499,3
Five Elements Ninjas,Movie,1982,R,104 min,Hong Kong,104,0,5,239,1
Fix It and Finish It,TV Show,2014,TV-G,3 Seasons,United States,3,1,7,603,0
Flash of Genius,Movie,2008,PG-13,119 min,"Canada, United States",119,0,4,86,2
Flimflam,Movie,2016,TV-14,102 min,Egypt,102,0,6,150,1
Flock of Four,Movie,2018,TV-MA,83 min,United States,83,0,8,603,3
Flowering Heart,TV Show,2016,TV-Y7,1 Season,South Korea,1,1,11,435,0
Flying Guillotine 2,Movie,1978,TV-MA,88 min,Hong Kong,88,0,8,239,1
Follow Me,Movie,2017,TV-MA,86 min,"United Arab Emirates, United States, United Kingdom",86,0,8,505,1
Footprints in the Sand,TV Show,2011,TV-14,1 Season,United States,1,1,6,603,0
Footprints: The Path of Your Life,Movie,2015,PG,90 min,Spain,90,0,3,444,1
For Colored Girls,Movie,2010,R,134 min,United States,134,0,5,603,2
For Grace,Movie,2015,TV-PG,92 min,United States,92,0,9,603,1
For Greater Glory,Movie,2012,R,145 min,Mexico,145,0,5,342,2
For Love or Money,Movie,2019,TV-MA,95 min,United Kingdom,95,0,8,506,1
For the Birds,Movie,2018,TV-MA,93 min,United States,93,0,8,603,1
For the Love of Benji,Movie,1977,G,84 min,United States,84,0,0,603,1
For the Win,TV Show,2017,TV-14,1 Season,United States,1,1,6,603,0
Forbidden Games: The Justin Fashanu Story,Movie,2017,TV-14,81 min,United Kingdom,81,0,6,506,3
Forbidden Planet,Movie,1956,G,98 min,United States,98,0,0,603,1
Forces of Nature,TV Show,2016,TV-PG,1 Season,United Kingdom,1,1,9,506,0
Forever Chape,Movie,2018,TV-MA,74 min,Brazil,74,0,8,45,3
Forever Pure,Movie,2016,TV-MA,87 min,"United Kingdom, Israel, Russia",87,0,8,560,1
Forget Me Not,TV Show,2011,TV-MA,1 Season,United Kingdom,1,1,8,506,0
Forks Over Knives,Movie,2011,PG,96 min,United States,96,0,3,603,1
Four Christmases,Movie,2008,PG-13,88 min,"Germany, United States",88,0,4,228,1
Four Seasons in Havana,TV Show,2016,TV-MA,1 Season,"Spain, Cuba",1,1,8,450,0
Four Weddings and a Funeral,Movie,1994,R,118 min,United Kingdom,118,0,5,506,2
Fracture,Movie,2007,R,113 min,"United States, Germany",113,0,5,656,1
Frances Ha,Movie,2012,R,86 min,"United States, Brazil",86,0,5,614,1
Frasier,TV Show,2003,TV-PG,11 Seasons,United States,11,1,9,603,0
Freak Show,Movie,2018,TV-MA,91 min,United States,91,0,8,603,1
Fred Claus,Movie,2007,PG,115 min,United States,115,0,3,603,1
Free Willy,Movie,1993,PG,112 min,"United States, France, Mexico",112,0,3,651,1
Freeway: Crack in the System,Movie,2015,R,103 min,"United States, Nicaragua",103,0,5,698,1
Freezer's Campaign,Movie,2016,TV-MA,116 min,Egypt,116,0,8,150,1
French Dirty,Movie,2015,TV-MA,72 min,United States,72,0,8,603,3
Freshman Year,Movie,2019,TV-PG,104 min,United States,104,0,9,603,1
Friday Night Tykes,TV Show,2017,TV-PG,4 Seasons,United States,4,1,9,603,0
Friday the 13th,Movie,2009,R,97 min,United States,97,0,5,603,1
Friend Request,Movie,2016,R,92 min,Germany,92,0,5,212,1
Friends,TV Show,2003,TV-14,10 Seasons,United States,10,1,6,603,0
From Japan to Egypt,Movie,2017,TV-14,93 min,Egypt,93,0,6,150,1
From Paris with Love,Movie,2010,R,93 min,"France, United Kingdom, United States",93,0,5,205,1
Froning: The Fittest Man in History,Movie,2016,PG,99 min,United States,99,0,3,603,1
Frozen Planet,TV Show,2011,TV-PG,1 Season,"United Kingdom, United States, Spain, Germany, Greece, Canada",1,1,9,601,0
Frozen Planet: On Thin Ice,Movie,2011,TV-PG,47 min,"United Kingdom, United States, Spain, Germany, Greece, Canada",47,0,9,601,3
Frozen Planet: The Epic Journey,Movie,2011,TV-PG,52 min,"United Kingdom, United States, Spain, Germany, Greece, Canada",52,0,9,601,3
Frozen River,Movie,2008,R,97 min,United States,97,0,5,603,1
Full Out,Movie,2015,TV-PG,88 min,"Canada, United States",88,0,9,86,1
Functional Fitness,Movie,2016,TV-MA,106 min,United States,106,0,8,603,1
Furie,Movie,2019,TV-MA,97 min,Vietnam,97,0,8,745,1
Furthest Witness,Movie,2017,TV-MA,88 min,"United States, United Kingdom",88,0,8,718,1
G-Force,Movie,2009,PG,88 min,United States,88,0,3,603,1
Gabriel and the Mountain,Movie,2017,TV-MA,132 min,"Brazil, France",132,0,8,46,2
Gabru: Hip Hop Revolution,TV Show,2018,TV-14,1 Season,India,1,1,6,251,0
Gagarin: First in Space,Movie,2013,TV-14,108 min,Russia,108,0,6,407,1
Galavant,TV Show,2016,TV-PG,2 Seasons,United States,2,1,9,603,0
Galih dan Ratna,Movie,2017,TV-PG,111 min,Indonesia,111,0,9,272,1
Game Winning Hit,TV Show,2009,TV-MA,1 Season,Taiwan,1,1,8,483,0
Gangs of Hassepur,TV Show,2014,TV-PG,1 Season,India,1,1,9,251,0
Gangs of New York,Movie,2002,R,167 min,"United States, Italy",167,0,5,682,2
Garuda Di Dadaku,Movie,2009,TV-PG,96 min,Indonesia,96,0,9,272,1
Garuda in My Heart 2,Movie,2011,TV-PG,95 min,Indonesia,95,0,9,272,1
Gehenna: Where Death Lives,Movie,2016,TV-MA,107 min,"Japan, United States",107,0,8,322,1
Gelo,Movie,2016,TV-MA,118 min,India,118,0,8,251,1
Gemini,Movie,2018,TV-PG,130 min,India,130,0,9,251,2
Gender Revolution: A Journey with Katie Couric,Movie,2017,TV-PG,90 min,United States,90,0,9,603,1
Genius of the Ancient World,TV Show,2015,TV-PG,1 Season,United Kingdom,1,1,9,506,0
Genius of the Modern World,TV Show,2016,TV-PG,1 Season,United Kingdom,1,1,9,506,0
Gentlemen and Gangsters,TV Show,2016,TV-MA,1 Season,Sweden,1,1,8,470,0
George of the Jungle 2,Movie,2003,PG,87 min,"United States, Australia",87,0,3,606,1
Geronimo Stilton,TV Show,2011,TV-Y,1 Season,"Italy, Canada, France",1,1,10,305,0
Get Him to the Greek,Movie,2010,R,109 min,United States,109,0,5,603,1
Get Santa,Movie,2014,PG,103 min,"United Kingdom, United States",103,0,3,589,1
Get Shorty,TV Show,2017,TV-MA,1 Season,United States,1,1,8,603,0
Get Smart,Movie,2008,PG-13,110 min,United States,110,0,4,603,1
Getting Played,Movie,2005,PG-13,85 min,United States,85,0,4,603,1
Ghayal,Movie,1990,TV-14,163 min,India,163,0,6,251,2
Ghost House,Movie,2017,TV-MA,100 min,"Thailand, United States",100,0,8,491,1
Ghost Pain,Movie,2013,TV-MA,58 min,Japan,58,0,8,319,3
Ghost Rider,Movie,2007,PG-13,110 min,"United States, Australia",110,0,4,606,1
Ghost Tears,Movie,2014,TV-MA,58 min,Japan,58,0,8,319,3
Ghost Town Gold,TV Show,2012,TV-14,1 Season,United States,1,1,6,603,0
Ghost Whispers,Movie,2013,TV-14,56 min,Japan,56,0,6,319,3
Ghulam-E-Musthafa,Movie,1997,TV-MA,161 min,India,161,0,8,251,2
Gie,Movie,2005,TV-14,141 min,Indonesia,141,0,6,272,2
Gigi,Movie,1958,G,115 min,United States,115,0,0,603,2
Ginger & Rosa,Movie,2012,PG-13,90 min,"United Kingdom, Denmark, Canada, Croatia",90,0,4,528,1
"Girl, Boy, Bakla, Tomboy",Movie,2013,TV-14,103 min,Philippines,103,0,6,388,1
GLOW: The Story of the Gorgeous Ladies of Wrestling,Movie,2012,NR,77 min,United States,77,0,2,603,3
God Bless the Broken Road,Movie,2018,PG,111 min,United States,111,0,3,603,1
God Knows Where I Am,Movie,2016,TV-PG,103 min,United States,103,0,9,603,1
God of War,Movie,2017,NR,129 min,"China, Hong Kong",129,0,2,108,2
God's Not Dead,Movie,2014,PG,113 min,United States,113,0,3,603,1
God's Not Dead: A Light in Darkness,Movie,2018,PG,106 min,United States,106,0,3,603,1
God's Own Country,Movie,2017,TV-MA,105 min,United Kingdom,105,0,8,506,1
Gol Maal,Movie,1979,TV-PG,137 min,India,137,0,9,251,2
Golden Time,Movie,2013,TV-Y,22 min,Japan,22,0,10,319,0
GoldenEye,Movie,1995,PG-13,130 min,"United Kingdom, United States",130,0,4,589,2
Goldie,Movie,2019,TV-MA,89 min,United States,89,0,8,603,1
Goldie & Bear,TV Show,2017,TV-Y,2 Seasons,United States,2,1,10,603,0
Goldstone,Movie,2016,R,110 min,Australia,110,0,5,15,1
Golmaal: Fun Unlimited,Movie,2006,TV-14,148 min,India,148,0,6,251,2
Gomorrah,TV Show,2016,TV-MA,2 Seasons,"Italy, Germany",2,1,8,308,0
Gone are the Days,Movie,2018,R,100 min,United States,100,0,5,603,1
Gonul,TV Show,2015,TV-14,1 Season,Turkey,1,1,6,492,0
Good Kids,Movie,2016,R,90 min,United States,90,0,5,603,1
Good Kill,Movie,2014,R,103 min,United States,103,0,5,603,1
Good Kisser,Movie,2019,TV-MA,75 min,United States,75,0,8,603,3
Good Luck,Movie,2012,TV-MA,99 min,Egypt,99,0,8,150,1
"Good Night, and Good Luck",Movie,2005,PG,93 min,"United States, France, United Kingdom, Japan",93,0,3,655,1
Good People,Movie,2014,R,90 min,"United States, United Kingdom, Denmark, Sweden",90,0,5,723,1
GoodFellas,Movie,1990,R,145 min,United States,145,0,5,603,2
Gook,Movie,2017,TV-MA,95 min,United States,95,0,8,603,1
Goon,Movie,2011,R,92 min,"United States, Canada",92,0,5,621,1
Goosebumps 2: Haunted Halloween,Movie,2018,PG,90 min,"United States, United Kingdom",90,0,3,718,1
Gosford Park,Movie,2001,R,137 min,"United States, United Kingdom, Italy",137,0,5,729,2
Gossip Girl,TV Show,2012,TV-14,6 Seasons,United States,6,1,6,603,0
Gothika,Movie,2003,R,98 min,"United States, France, Canada, Spain",98,0,5,647,1
Gour Hari Dastaan: The Freedom File,Movie,2015,TV-14,109 min,India,109,0,6,251,1
Gran Torino,Movie,2008,R,117 min,"Germany, United States",117,0,5,228,1
Grand Designs,TV Show,2017,TV-14,2 Seasons,United Kingdom,2,1,6,506,0
Grand Hotel,TV Show,2013,TV-PG,3 Seasons,Spain,3,1,9,444,0
Grand Masti,Movie,2013,TV-MA,93 min,India,93,0,8,251,1
Grass,Movie,2017,TV-MA,57 min,United States,57,0,8,603,3
Grease,Movie,1978,PG,110 min,United States,110,0,3,603,1
Great Interior Design Challenge,TV Show,2016,TV-PG,2 Seasons,United Kingdom,2,1,9,506,0
Great Yellowstone Thaw,TV Show,2017,TV-PG,1 Season,United Kingdom,1,1,9,506,0
Green Room,Movie,2015,R,95 min,United States,95,0,5,603,1
Green White Green (And All the Beautiful Colours in My Mosaic of Madness),Movie,2016,TV-MA,102 min,Nigeria,102,0,8,368,1
Gringo: The Dangerous Life of John McAfee,Movie,2016,TV-MA,97 min,United States,97,0,8,603,1
Growing Up Coy,Movie,2016,TV-PG,82 min,United States,82,0,9,603,3
Gun Runners,Movie,2015,TV-PG,90 min,Canada,90,0,9,58,1
Gunslinger Girl,TV Show,2008,TV-14,2 Seasons,Japan,2,1,6,319,0
Guy Martin: Last Flight of the Vulcan Bomber,Movie,2015,TV-G,57 min,United Kingdom,57,0,7,506,3
Héroes,Movie,2015,TV-MA,91 min,Chile,91,0,8,96,1
Hükümet Kadin,Movie,2013,TV-MA,100 min,Turkey,100,0,8,492,1
Hükümet Kadin 2,Movie,2013,TV-14,101 min,Turkey,101,0,6,492,1
Haapus,Movie,2010,TV-14,138 min,India,138,0,6,251,2
Hadi İnşallah,Movie,2014,TV-14,95 min,Turkey,95,0,6,492,1
Hairspray,Movie,2007,PG,116 min,"United States, United Kingdom, Canada",116,0,3,720,1
HALO Legends,Movie,2009,PG-13,117 min,"United States, Japan",117,0,4,686,1
Halo: The Fall of Reach,Movie,2015,TV-14,65 min,United States,65,0,6,603,3
Hamara Dil Aapke Paas Hai,Movie,2000,TV-14,158 min,India,158,0,6,251,2
Hamburger Hill,Movie,1987,R,110 min,United States,110,0,5,603,1
Hamza's Suitcase,Movie,2017,TV-14,79 min,Egypt,79,0,6,150,3
Hangman,Movie,2017,R,99 min,United States,99,0,5,603,1
Hank: Five Years from the Brink,Movie,2013,TV-14,86 min,United States,86,0,6,603,1
Hannibal,TV Show,2015,TV-MA,3 Seasons,United States,3,1,8,603,0
Hans Zimmer: Live in Prague,Movie,2017,TV-G,138 min,United Kingdom,138,0,7,506,2
Happy 300 Days,TV Show,2013,TV-14,1 Season,Taiwan,1,1,6,483,0
Happy Hunting,Movie,2017,TV-MA,91 min,United States,91,0,8,603,1
Happy Times,Movie,2014,NR,79 min,Mexico,79,0,2,342,3
Happy Valley,TV Show,2016,TV-MA,2 Seasons,United Kingdom,2,1,8,506,0
Happyish,TV Show,2015,TV-MA,1 Season,United States,1,1,8,603,0
Hard Tide,Movie,2015,TV-MA,79 min,United Kingdom,79,0,8,506,3
Hardcore Henry,Movie,2015,R,96 min,"Russia, United States, China",96,0,5,411,1
Harold & Kumar Escape from Guantanamo Bay,Movie,2008,R,101 min,United States,101,0,5,603,1
Harold & Kumar Go to White Castle,Movie,2004,R,88 min,"United States, Canada, Germany",88,0,5,625,1
Harold and Lillian: A Hollywood Love Story,Movie,2015,TV-14,95 min,United States,95,0,6,603,1
Harold Shipman - Driven to Kill,TV Show,2014,TV-14,1 Season,United Kingdom,1,1,6,506,0
Harriet the Spy: Blog Wars,Movie,2010,TV-G,87 min,"United States, Canada",87,0,7,621,1
Harry & Bunnie,TV Show,2017,TV-Y7,1 Season,Malaysia,1,1,11,338,0
Harry and Snowman,Movie,2015,TV-PG,83 min,United States,83,0,9,603,3
Harry Benson: Shoot First,Movie,2016,NR,90 min,United States,90,0,2,603,1
Hart of Dixie,TV Show,2014,TV-PG,4 Seasons,United States,4,1,9,603,0
Haseena Maan Jaayegi,Movie,1999,TV-PG,151 min,India,151,0,9,251,2
Hati Perempuan,TV Show,2015,TV-14,1 Season,Indonesia,1,1,6,272,0
Haunters: The Art of the Scare,Movie,2017,TV-MA,89 min,United States,89,0,8,603,1
Haunting on Fraternity Row,Movie,2018,TV-MA,99 min,United States,99,0,8,603,1
Have You Seen the Listers?,Movie,2017,TV-MA,86 min,Australia,86,0,8,15,1
Haven,TV Show,2015,TV-14,5 Seasons,"Canada, United States",5,1,6,86,0
Havenhurst,Movie,2016,TV-MA,85 min,United States,85,0,8,603,1
Haywire,Movie,2011,R,93 min,"Ireland, United States",93,0,5,293,1
He Named Me Malala,Movie,2015,PG-13,89 min,"United States, United Arab Emirates",89,0,4,717,1
He's Out There,Movie,2018,R,89 min,United States,89,0,5,603,1
Head Count,Movie,2018,TV-MA,90 min,United States,90,0,8,603,1
Head On,Movie,1998,TV-MA,104 min,Australia,104,0,8,15,1
Heal,Movie,2017,TV-14,107 min,United States,107,0,6,603,1
Heartbreakers,Movie,2001,PG-13,124 min,United States,124,0,4,603,2
Heartthrob,Movie,2017,TV-MA,87 min,United States,87,0,8,603,1
Heavy Rescue: 401,TV Show,2018,TV-MA,2 Seasons,Canada,2,1,8,58,0
Hedgehogs,Movie,2016,PG,94 min,"United States, China",94,0,3,632,1
Helix,TV Show,2015,TV-MA,1 Season,"United States, Canada",1,1,8,621,0
Hell and Back,Movie,2015,R,86 min,United States,86,0,5,603,1
Hell on Wheels,TV Show,2016,TV-14,5 Seasons,"Canada, United Kingdom",5,1,6,83,0
Hell or High Water,Movie,2016,R,102 min,United States,102,0,5,603,1
Hellboy,Movie,2004,PG-13,122 min,United States,122,0,4,603,2
Her,Movie,2013,R,126 min,United States,126,0,5,603,2
Her Only Choice,Movie,2018,TV-14,87 min,United States,87,0,6,603,1
Hera Pheri,Movie,1976,TV-14,156 min,India,156,0,6,251,2
Here Alone,Movie,2016,TV-MA,97 min,United States,97,0,8,603,1
Hero,Movie,1997,TV-MA,89 min,"Hong Kong, China",89,0,8,241,1
Herrens veje,TV Show,2018,TV-MA,2 Seasons,Denmark,2,1,8,134,0
Hickok,Movie,2017,TV-MA,88 min,United States,88,0,8,603,1
Hidden Singer,TV Show,2015,TV-Y7,1 Season,South Korea,1,1,11,435,0
Hide & Seek,Movie,2010,TV-14,96 min,India,96,0,6,251,1
Hide and Seek,Movie,2016,TV-14,104 min,China,104,0,6,105,1
Highly Strung,Movie,2015,TV-14,80 min,Australia,80,0,6,15,3
Highway Thru Hell,TV Show,2016,TV-PG,3 Seasons,Canada,3,1,9,58,0
Highway to Heaven,TV Show,1988,TV-PG,5 Seasons,United States,5,1,9,603,0
Hinterland,TV Show,2016,TV-14,3 Seasons,United Kingdom,3,1,6,506,0
Hiroshima: The Real History,Movie,2015,TV-PG,95 min,United Kingdom,95,0,9,506,1
Hisss,Movie,2010,TV-MA,97 min,"India, United States",97,0,8,271,1
Historia de un clan,TV Show,2015,TV-MA,1 Season,Argentina,1,1,8,2,0
History of Joy,Movie,2017,TV-14,118 min,India,118,0,6,251,1
History's Greatest Hoaxes,TV Show,2016,TV-PG,1 Season,Australia,1,1,9,15,0
Hitch,Movie,2005,PG-13,118 min,United States,118,0,4,603,1
Hitler's Olympics,Movie,2016,TV-PG,44 min,United Kingdom,44,0,9,506,3
Hitler's Steel Beast,Movie,2017,TV-14,54 min,France,54,0,6,162,3
Ho Mann Jahaan,Movie,2015,TV-PG,170 min,Pakistan,170,0,9,380,2
Hogie the Globehopper,TV Show,2016,TV-Y,1 Season,United States,1,1,10,603,0
Hokkabaz,Movie,2006,TV-MA,118 min,Turkey,118,0,8,492,1
Holding the Man,Movie,2015,TV-MA,128 min,Australia,128,0,8,15,2
Holidays,Movie,2016,TV-MA,106 min,"United States, Ireland",106,0,8,678,1
Holy Hell,Movie,2016,NR,103 min,United States,103,0,2,603,1
Holy Man 2,Movie,2008,TV-14,92 min,Thailand,92,0,6,488,1
Holy Man 3,Movie,2010,TV-MA,102 min,Thailand,102,0,8,488,1
Hombanna,Movie,2017,TV-14,126 min,India,126,0,6,251,2
Honey 2,Movie,2011,PG-13,111 min,United States,111,0,4,603,1
Honey: Rise Up and Dance,Movie,2018,PG-13,100 min,United States,100,0,4,603,1
Hoodwinked Too! Hood vs. Evil,Movie,2011,PG,86 min,United States,86,0,3,603,1
Hope Aur Hum,Movie,2018,TV-14,95 min,India,95,0,6,251,1
Hope Springs Eternal,Movie,2018,PG,79 min,United States,79,0,3,603,3
Hope: One in a Billion,Movie,2017,TV-14,81 min,"United States, South Africa",81,0,6,706,3
Hormones,TV Show,2015,TV-MA,3 Seasons,Thailand,3,1,8,488,0
Horns,Movie,2013,R,120 min,"United States, Canada",120,0,5,621,2
Horror Homes,TV Show,2016,TV-14,1 Season,United Kingdom,1,1,6,506,0
Horror Story,Movie,2013,TV-14,85 min,India,85,0,6,251,1
Hostage to the Devil,Movie,2016,TV-14,96 min,"Ireland, United Kingdom, Italy, United States",96,0,6,291,1
Hostiles,Movie,2017,R,134 min,United States,134,0,5,603,2
Hot Bot,Movie,2016,NR,93 min,United States,93,0,2,603,1
Hot Property,Movie,2016,TV-MA,82 min,United Kingdom,82,0,8,506,3
Hot Rod,Movie,2007,PG-13,88 min,United States,88,0,4,603,1
Hotel Beau Séjour,TV Show,2017,TV-14,1 Season,Belgium,1,1,6,38,0
Hotel Pacific,Movie,1975,TV-MA,96 min,"Poland,",96,0,8,395,1
Hotel Transylvania 3: Summer Vacation,Movie,2018,PG,97 min,United States,97,0,3,603,1
House at the End of the Street,Movie,2012,PG-13,101 min,"United States, Canada",101,0,4,621,1
House of Z,Movie,2016,TV-14,88 min,"United States, Canada",88,0,6,621,1
"Houston, We Have a Problem!",Movie,2016,TV-14,84 min,"Slovenia, Croatia, Germany, Czech Republic, Qatar",84,0,6,424,3
How the Beatles Changed the World,Movie,2017,TV-PG,110 min,"United States, United Kingdom",110,0,9,718,1
How the Grinch Stole Christmas,Movie,2000,PG,105 min,United States,105,0,3,603,1
How to Be a Latin Lover,Movie,2017,PG-13,116 min,"Mexico, United States",116,0,4,350,1
How to Be a Player,Movie,1997,R,94 min,United States,94,0,5,603,1
How to Change the World,Movie,2015,NR,110 min,"Canada, United Kingdom, Netherlands",110,0,2,84,1
How to Make an American Quilt,Movie,1995,PG-13,116 min,United States,116,0,4,603,1
How to Win the US Presidency,Movie,2016,TV-PG,51 min,United States,51,0,9,603,3
Hridaynath,Movie,2012,TV-14,103 min,India,103,0,6,251,1
Hulk Vs.,Movie,2009,PG-13,83 min,United States,83,0,4,603,3
Hum Saath-Saath Hain,Movie,1999,TV-G,176 min,India,176,0,7,251,2
Humko Deewana Kar Gaye,Movie,2006,TV-PG,149 min,India,149,0,9,251,2
Humsafar,TV Show,2011,TV-PG,1 Season,Pakistan,1,1,9,380,0
Hungerford,Movie,2014,TV-MA,79 min,United Kingdom,79,0,8,506,3
Hunt to Kill,Movie,2010,R,97 min,Canada,97,0,5,58,1
Hunter's Prayer,Movie,2015,R,91 min,"United States, Spain, Germany",91,0,5,711,1
Hunters of the South Seas,TV Show,2015,TV-14,1 Season,United Kingdom,1,1,6,506,0
Huntik: Secrets and Seekers,TV Show,2011,TV-Y7,2 Seasons,"United States, Italy",2,1,11,682,0
Hurricane Bianca,Movie,2016,TV-MA,85 min,United States,85,0,8,603,1
Hurricane Bianca: From Russia With Hate,Movie,2018,TV-MA,85 min,United States,85,0,8,603,1
Hustle & Flow,Movie,2005,R,117 min,United States,117,0,5,603,1
Hypersomnia,Movie,2016,TV-MA,84 min,Argentina,84,0,8,2,3
I Am,Movie,2010,TV-MA,106 min,"India, Japan",106,0,8,259,1
I Am Bolt,Movie,2016,PG,107 min,United Kingdom,107,0,3,506,1
I Am Jane Doe,Movie,2017,TV-14,98 min,United States,98,0,6,603,1
I Am Maris,Movie,2018,TV-14,54 min,United States,54,0,6,603,3
I Am Me!,TV Show,2016,TV-14,1 Season,Mexico,1,1,6,342,0
I Am Not Madame Bovary,Movie,2016,TV-14,139 min,China,139,0,6,105,2
I Am Sun Mu,Movie,2015,NR,88 min,"China, South Korea, United States",88,0,2,113,1
I Am Vengeance,Movie,2018,R,93 min,United Kingdom,93,0,5,506,1
I Am Wrath,Movie,2016,R,91 min,United States,91,0,5,603,1
I Don't Know How She Does It,Movie,2011,PG-13,89 min,United States,89,0,4,603,1
I Fine... Thank You... Love You,Movie,2014,TV-14,116 min,Thailand,116,0,6,488,1
"I, Daniel Blake",Movie,2016,R,100 min,"United Kingdom, France, Belgium",100,0,5,532,1
I'll See You in My Dreams,Movie,2015,PG-13,96 min,United States,96,0,4,603,1
I'm in Love with a Church Girl,Movie,2013,PG,119 min,United States,119,0,3,603,1
I'm Sorry,TV Show,2019,TV-MA,2 Seasons,United States,2,1,8,603,0
Ice Guardians,Movie,2016,TV-MA,108 min,"Canada, Ireland, United States",108,0,8,71,1
Iceman,Movie,2014,R,104 min,"China, Hong Kong",104,0,5,108,1
Ideachi Kalpana,Movie,2010,TV-14,124 min,India,124,0,6,251,2
Idiotest,TV Show,2014,TV-PG,1 Season,United States,1,1,9,603,0
Igor,Movie,2008,PG,87 min,"United States, France",87,0,3,643,1
Iliza Shlesinger: War Paint,Movie,2013,NR,75 min,United States,75,0,2,603,3
Imagine That,Movie,2009,PG,108 min,"United States, Germany",108,0,3,656,1
Immoral Tales,Movie,1974,UR,103 min,France,103,0,13,162,1
In Between,TV Show,2012,TV-14,1 Season,Taiwan,1,1,6,483,0
In Search of Fellini,Movie,2017,R,103 min,United States,103,0,5,603,1
In The Deep,Movie,2017,PG-13,89 min,"United Kingdom, United States, Dominican Republic",89,0,4,593,1
Incir Receli 2,Movie,2014,TV-14,103 min,Turkey,103,0,6,492,1
Incoming,Movie,2019,TV-MA,89 min,"Serbia, United States",89,0,8,418,1
Incomplete,Movie,2017,TV-MA,119 min,India,119,0,8,251,1
Inconceivable,Movie,2017,R,106 min,"United Kingdom, United States",106,0,5,589,1
Incorruptible,Movie,2015,TV-MA,90 min,"United States, Senegal",90,0,8,704,1
Incredibles 2 (Spanish Version),Movie,2018,PG,118 min,United States,118,0,3,603,1
INDIA,Movie,2014,NR,95 min,India,95,0,2,251,1
India: Nature's Wonderland,TV Show,2015,TV-PG,1 Season,United Kingdom,1,1,9,506,0
Indiana Jones and the Kingdom of the Crystal Skull,Movie,2008,PG-13,123 min,United States,123,0,4,603,2
Indiana Jones and the Last Crusade,Movie,1989,PG-13,127 min,United States,127,0,4,603,2
Indiana Jones and the Raiders of the Lost Ark,Movie,1981,PG,116 min,United States,116,0,3,603,2
Indiana Jones and the Temple of Doom,Movie,1984,PG,119 min,United States,119,0,3,603,2
Indiscretion,Movie,2016,TV-MA,99 min,United States,99,0,8,603,1
Inequality for All,Movie,2013,PG,90 min,United States,90,0,3,603,1
Influx,Movie,2016,TV-PG,90 min,United Kingdom,90,0,9,506,1
Inglourious Basterds,Movie,2009,R,153 min,"Germany, United States",153,0,5,228,2
Inkheart,Movie,2008,PG,106 min,"Germany, United Kingdom, United States",106,0,3,227,1
Insan,Movie,2005,TV-14,141 min,India,141,0,6,251,2
Inside The Freemasons,TV Show,2017,TV-MA,1 Season,United Kingdom,1,1,8,506,0
Inside the Mind of a Serial Killer,TV Show,2015,TV-14,1 Season,United States,1,1,6,603,0
Inside the Mossad,TV Show,2017,TV-14,1 Season,Israel,1,1,6,296,0
Inst@famous,TV Show,2018,TV-MA,1 Season,United Kingdom,1,1,8,506,0
Instructions Not Included,Movie,2013,PG-13,122 min,Mexico,122,0,4,342,2
Intelligence,TV Show,2007,TV-MA,2 Seasons,Canada,2,1,8,58,0
Internet Famous,Movie,2016,TV-14,87 min,United States,87,0,6,603,1
Into the Forest,Movie,2015,R,102 min,Canada,102,0,5,58,1
Inuyasha the Movie - L'isola del fuoco scarlatto,Movie,2004,TV-PG,88 min,Japan,88,0,9,319,1
Inuyasha the Movie - La spada del dominatore del mondo,Movie,2003,TV-14,99 min,Japan,99,0,6,319,1
InuYasha: The Movie 2: The Castle Beyond the Looking Glass,Movie,2002,TV-14,99 min,Japan,99,0,6,319,1
Invictus,Movie,2009,PG-13,134 min,United States,134,0,4,603,2
Invisible Essence: The Little Prince,Movie,2018,TV-PG,91 min,Canada,91,0,9,58,1
Inxeba,Movie,2017,TV-MA,88 min,"South Africa, Germany, Netherlands, France",88,0,8,429,1
Iqbal,Movie,2006,TV-Y7,127 min,India,127,0,11,251,2
Irada Pakka,Movie,2010,TV-14,137 min,India,137,0,6,251,2
Iron Cowboy: The Story of the 50.50.50,Movie,2018,TV-14,77 min,United States,77,0,6,603,3
Iron Man & Captain America: Heroes United,Movie,2014,PG,71 min,United States,71,0,3,603,3
Iron Man: Armored Adventures,TV Show,2011,TV-Y7,2 Seasons,"Canada, United States, United Kingdom, France, Luxembourg",2,1,11,95,0
Ishqedarriyaan,Movie,2015,TV-14,130 min,India,130,0,6,251,2
Islands of the Future,TV Show,2014,TV-PG,1 Season,United Kingdom,1,1,9,506,0
마녀사냥,TV Show,2015,TV-MA,1 Season,South Korea,1,1,8,435,0
Issaq,Movie,2013,TV-MA,140 min,India,140,0,8,251,2
It Takes Two,Movie,1995,PG,101 min,United States,101,0,3,603,1
It's Now or Never,Movie,2015,TV-MA,91 min,Spain,91,0,8,444,1
"It's Okay, Buddy",Movie,2017,TV-14,84 min,Egypt,84,0,6,150,3
Iverson,Movie,2014,NR,88 min,United States,88,0,2,603,1
Jaan-E-Mann: Let's Fall in Love... Again,Movie,2006,TV-14,163 min,India,163,0,6,251,2
Jack and the Cuckoo-Clock Heart,Movie,2013,PG,93 min,"France, Belgium",93,0,3,165,1
Jack of all Trades,Movie,2018,TV-MA,86 min,Canada,86,0,8,58,1
Jack Taylor,TV Show,2016,TV-MA,1 Season,"United States, Ireland",1,1,8,678,0
Jackie Brown,Movie,1997,R,154 min,United States,154,0,5,603,2
Jackpot,Movie,2015,TV-14,92 min,Vietnam,92,0,6,745,1
Jail,Movie,2009,TV-14,132 min,India,132,0,6,251,2
Jal,Movie,2013,TV-14,132 min,India,132,0,6,251,2
Jalpari: The Desert Mermaid,Movie,2012,TV-14,94 min,India,94,0,6,251,1
Janaan,Movie,2016,TV-14,132 min,Pakistan,132,0,6,380,2
Japanese Style Originator,TV Show,2008,TV-G,1 Season,Japan,1,1,7,319,0
Jay and Silent Bob Strike Back,Movie,2001,R,105 min,United States,105,0,5,603,1
Jealousy and medicine,Movie,1973,TV-MA,97 min,Poland,97,0,8,394,1
Jeopardy!,TV Show,2019,TV-G,2 Seasons,United States,2,1,7,603,0
Jeremy Scott: The People's Designer,Movie,2015,PG-13,109 min,United States,109,0,4,603,1
Jericho,TV Show,2008,TV-14,2 Seasons,United States,2,1,6,603,0
Jersey Boys,Movie,2014,R,134 min,United States,134,0,5,603,2
Jesus: Countdown to Calvary,Movie,2018,TV-14,53 min,"Ireland, United States, France",53,0,6,294,3
Jewel's Catch One,Movie,2016,TV-MA,84 min,United States,84,0,8,603,3
Jhansi Ki Rani,TV Show,2009,TV-14,1 Season,India,1,1,6,251,0
Jimi Hendrix,Movie,1973,R,102 min,United States,102,0,5,603,1
JingleKids,TV Show,2017,TV-Y7,1 Season,Russia,1,1,11,407,0
Jiro Dreams of Sushi,Movie,2011,PG,79 min,United States,79,0,3,603,3
Joe Cocker: Mad Dog with Soul,Movie,2017,TV-14,90 min,United Kingdom,90,0,6,506,1
John & Jane,Movie,2005,TV-14,79 min,India,79,0,6,251,3
John Carter,Movie,2012,PG-13,133 min,United States,133,0,4,603,2
John Day,Movie,2013,TV-MA,125 min,India,125,0,8,251,2
Jonathan,Movie,2018,TV-MA,101 min,United States,101,0,8,603,1
Jonathan Strange & Mr Norrell,TV Show,2015,TV-14,1 Season,United Kingdom,1,1,6,506,0
Jora 10 Numbaria,Movie,2017,TV-MA,135 min,India,135,0,8,251,2
Juana Brava,TV Show,2015,TV-MA,1 Season,Chile,1,1,8,96,0
Juana Inés,TV Show,2016,TV-14,1 Season,Mexico,1,1,6,342,0
Judwaa,Movie,1997,TV-14,133 min,India,133,0,6,251,2
Judy Moody and the Not Bummer Summer,Movie,2011,PG,91 min,United States,91,0,3,603,1
Julie & Julia,Movie,2009,PG-13,123 min,United States,123,0,4,603,2
Julius Jr.,TV Show,2014,TV-Y,2 Seasons,United States,2,1,10,603,0
Jumping the Broom,Movie,2011,PG-13,113 min,United States,113,0,4,603,1
Junebug,Movie,2005,R,107 min,United States,107,0,5,603,1
Jupiter Ascending,Movie,2015,PG-13,128 min,"United States, Australia",128,0,4,606,2
Just Friends,Movie,2005,PG-13,94 min,"Germany, United States, Canada",94,0,4,229,1
"Justice, My Foot!",Movie,1992,TV-14,95 min,Hong Kong,95,0,6,239,1
Justin Bieber: Never Say Never,Movie,2011,G,106 min,United States,106,0,0,603,1
K,TV Show,2012,TV-MA,1 Season,Japan,1,1,8,319,0
K-19: The Widowmaker,Movie,2002,PG-13,138 min,"United Kingdom, Germany, Canada, United States",138,0,4,547,2
Kaçak,TV Show,2013,TV-14,1 Season,Turkey,1,1,6,492,0
Kaabil,Movie,2017,TV-14,139 min,India,139,0,6,251,2
Kaakan,Movie,2015,TV-PG,132 min,India,132,0,9,251,2
Kaalia,Movie,1981,TV-14,173 min,India,173,0,6,251,2
Kaaliyan,Movie,2017,TV-PG,105 min,India,105,0,9,251,1
Kabali (Hindi Version),Movie,2016,TV-MA,148 min,India,148,0,8,251,2
Kacche Dhaagey,Movie,2016,TV-14,120 min,India,120,0,6,251,2
Kahlil Gibran's The Prophet,Movie,2014,PG,85 min,"United States, France, Canada, Lebanon, Qatar",85,0,3,646,1
Kajraare,Movie,2010,TV-14,113 min,India,113,0,6,251,1
Kaleidoscope,Movie,2016,TV-MA,99 min,United Kingdom,99,0,8,506,1
Kalki,Movie,2017,TV-14,41 min,India,41,0,6,251,3
Kanika,Movie,2017,TV-14,110 min,India,110,0,6,251,1
Karzzzz,Movie,2008,TV-14,137 min,India,137,0,6,251,2
Kate & Leopold,Movie,2001,PG-13,118 min,United States,118,0,4,603,2
Katha,Movie,1982,TV-PG,140 min,India,140,0,9,251,2
Katt Williams: Live,Movie,2006,NR,85 min,United States,85,0,2,603,1
Kaviyude Osyath,Movie,2017,TV-14,116 min,India,116,0,6,251,1
Kay Dyache Bola,Movie,2005,TV-14,133 min,India,133,0,6,251,2
Ken Burns: The Civil War,TV Show,1990,TV-14,1 Season,United States,1,1,6,603,0
Ken Burns: The Roosevelts: An Intimate History,TV Show,2014,TV-PG,1 Season,United States,1,1,9,603,0
Ken Burns: The West,TV Show,1996,TV-PG,1 Season,United States,1,1,9,603,0
Kevin Hart: Laugh at My Pain,Movie,2011,R,89 min,United States,89,0,5,603,1
Kevin Hart: Let Me Explain,Movie,2013,R,75 min,United States,75,0,5,603,3
Kevin Hart: Seriously Funny,Movie,2010,TV-MA,67 min,United States,67,0,8,603,3
Kevyn Aucoin: Beauty & the Beast in Me,Movie,2017,TV-MA,90 min,United States,90,0,8,603,1
Khaani,TV Show,2017,TV-14,1 Season,Pakistan,1,1,6,380,0
Khalnayak,Movie,1993,TV-14,170 min,India,170,0,6,251,2
Khan: No. 1 Crime Hunter,TV Show,2018,TV-14,1 Season,India,1,1,6,251,0
Khelti Hai Zindagi Aankh Micholi,TV Show,2013,TV-14,1 Season,India,1,1,6,251,0
Khosla Ka Ghosla,Movie,2006,TV-14,124 min,India,124,0,6,251,2
Khotey Sikkey,TV Show,2011,TV-14,1 Season,India,1,1,6,251,0
Khubsoorat,Movie,1980,TV-PG,120 min,India,120,0,9,251,2
Khushi,Movie,2003,TV-14,157 min,India,157,0,6,251,2
Kia and Cosmos,Movie,2018,TV-14,124 min,India,124,0,6,251,2
Kickboxer: Retaliation,Movie,2017,R,110 min,United States,110,0,5,603,1
Kickboxer: Vengeance,Movie,2016,TV-MA,90 min,United States,90,0,8,603,1
Kicking and Screaming,Movie,1995,R,97 min,United States,97,0,5,603,1
Kid Kulafu,Movie,2015,TV-14,108 min,Philippines,108,0,6,388,1
Kidnapping Mr. Heineken,Movie,2015,R,95 min,"Netherlands, Belgium, United Kingdom, United States",95,0,5,357,1
Kill Bill: Vol. 1,Movie,2003,R,111 min,"United States, Japan",111,0,5,686,1
Kill Bill: Vol. 2,Movie,2004,R,137 min,United States,137,0,5,603,2
Kill Command,Movie,2016,TV-MA,100 min,United Kingdom,100,0,8,506,1
Kill Hitler! The Luck of the Devil,Movie,2015,TV-14,53 min,France,53,0,6,162,3
Kill Ratio,Movie,2016,TV-MA,87 min,United States,87,0,8,603,1
Kill the Irishman,Movie,2011,R,106 min,United States,106,0,5,603,1
Killer Klowns from Outer Space,Movie,1988,PG-13,86 min,United States,86,0,4,603,1
Killers,Movie,2010,PG-13,100 min,United States,100,0,4,603,1
Kills on Wheels,Movie,2016,TV-MA,103 min,Hungary,103,0,8,247,1
Kilo Two Bravo,Movie,2014,R,109 min,United Kingdom,109,0,5,506,1
King Jack,Movie,2015,NR,81 min,United States,81,0,2,603,3
King's Ransom,Movie,2005,PG-13,98 min,"United States, Canada",98,0,4,621,1
Kingpin,Movie,1996,PG-13,114 min,United States,114,0,4,603,1
Kings,Movie,2017,R,87 min,"France, Belgium, China, United States",87,0,5,166,1
Kis Kisko Pyaar Karoon,Movie,2015,TV-PG,132 min,India,132,0,9,251,2
Kiss the Girls,Movie,1997,R,116 min,United States,116,0,5,603,1
Kitten Rescuers,TV Show,2017,TV-14,1 Season,United Kingdom,1,1,6,506,0
KL Zombi,Movie,2013,TV-14,92 min,Malaysia,92,0,6,338,1
Knights of Sidonia,TV Show,2015,TV-MA,2 Seasons,Japan,2,1,8,319,0
Knock Knock,Movie,2015,R,99 min,"United States, Chile, Israel",99,0,5,631,1
Know Your Enemy - Japan,Movie,1945,TV-14,63 min,United States,63,0,6,603,3
Knowing,Movie,2009,PG-13,121 min,"United States, United Kingdom, Australia",121,0,4,719,2
Koko: The Gorilla Who Talks,Movie,2016,TV-G,56 min,United Kingdom,56,0,7,506,3
Kon-Tiki,Movie,2012,PG-13,96 min,"United Kingdom, Norway, Denmark, Germany, Sweden",96,0,4,572,1
Koshish,Movie,1972,TV-14,115 min,India,115,0,6,251,2
Kraftidioten,Movie,2014,TV-MA,117 min,"Norway, Denmark, Sweden",117,0,8,373,1
Krish Trish and Baltiboy: Face Your Fears,Movie,2017,TV-Y7,65 min,India,65,0,11,251,3
Krisha,Movie,2015,R,81 min,United States,81,0,5,603,3
Kristy,Movie,2013,NR,85 min,United States,85,0,2,603,1
Krystal,Movie,2017,R,93 min,United States,93,0,5,603,1
Kuldip Patwal: I Didn't Do It!,Movie,2017,TV-MA,126 min,India,126,0,8,251,2
Kung Fu Hustle,Movie,2004,R,99 min,"Hong Kong, China, United States",99,0,5,243,1
Kung Fu Magoo,Movie,2010,TV-Y7,79 min,"Mexico, United States",79,0,11,350,3
Kung Fu Panda: Holiday,Movie,2010,TV-PG,26 min,United States,26,0,9,603,0
Kung Fu Yoga,Movie,2017,TV-PG,107 min,"China, India, Nepal",107,0,9,110,1
Kurt & Courtney,Movie,1998,R,95 min,United Kingdom,95,0,5,506,1
Kurt Seyit & Sura,TV Show,2014,TV-14,1 Season,Turkey,1,1,6,492,0
Kurtulus Son Durak,Movie,2012,TV-MA,100 min,Turkey,100,0,8,492,1
Kya Kehna,Movie,2000,TV-PG,149 min,India,149,0,9,251,2
Kygo: Live at the Hollywood Bowl,Movie,2017,TV-MA,52 min,United States,52,0,8,603,3
Kyun! Ho Gaya Na,Movie,2004,TV-PG,165 min,India,165,0,9,251,2
La Última Fiesta,Movie,2016,TV-MA,104 min,Argentina,104,0,8,2,1
LA 92,Movie,2017,R,114 min,United States,114,0,5,603,1
La Bamba,Movie,1987,PG-13,109 min,United States,109,0,4,603,1
La Coppia dei Campioni,Movie,2016,TV-MA,88 min,Italy,88,0,8,302,1
La Familia P. Luche,TV Show,2012,TV-14,3 Seasons,United States,3,1,6,603,0
La Piloto,TV Show,2017,TV-MA,1 Season,Mexico,1,1,8,342,0
La Rosa de Guadalupe,TV Show,2010,TV-PG,1 Season,Mexico,1,1,9,342,0
La Viuda Negra,TV Show,2016,TV-14,1 Season,"Colombia, Mexico, United States",1,1,6,123,0
Laal Rang,Movie,2016,TV-14,143 min,India,143,0,6,251,2
Laddaland,Movie,2011,TV-MA,112 min,Thailand,112,0,8,488,1
Lady Bloodfight,Movie,2016,R,101 min,Hong Kong,101,0,5,239,1
Lady in the Water,Movie,2006,PG-13,110 min,United States,110,0,4,603,1
Lady-Like,Movie,2018,NC-17,83 min,United States,83,0,1,603,3
"Lady, la vendedora de rosas",TV Show,2015,TV-14,1 Season,Colombia,1,1,6,121,0
Lalbaug Parel: Zali Mumbai Sonyachi,Movie,2010,TV-MA,145 min,India,145,0,8,251,2
Land Girls,TV Show,2011,TV-14,3 Seasons,United Kingdom,3,1,6,506,0
Larceny,Movie,2017,TV-14,87 min,"United States, Mexico",87,0,6,690,1
Last,TV Show,2015,TV-14,1 Season,South Korea,1,1,6,435,0
Last Ferry,Movie,2019,TV-MA,86 min,United States,86,0,8,603,1
Last Knights,Movie,2015,R,115 min,"United Kingdom, South Korea",115,0,5,582,1
Last Night,Movie,2010,R,93 min,"United States, France",93,0,5,643,1
Le K Benzema,Movie,2017,TV-14,121 min,France,121,0,6,162,2
Le serment des Hitler,Movie,2014,TV-PG,54 min,France,54,0,9,162,3
Leap Year,Movie,2010,PG,100 min,"United States, Ireland",100,0,3,678,1
LeapFrog: Letter Factory,Movie,2003,TV-Y,37 min,United States,37,0,10,603,3
LeapFrog: Numberland,Movie,2011,TV-Y,33 min,United States,33,0,10,603,0
LeapFrog: Phonics Farm,Movie,2011,TV-Y,35 min,United States,35,0,10,603,0
Learning Time with Timmy,TV Show,2018,TV-Y,1 Season,United Kingdom,1,1,10,506,0
Lechmi,Movie,2017,TV-MA,147 min,India,147,0,8,251,2
Left Behind,Movie,2014,PG-13,110 min,"United States, Canada",110,0,4,621,1
Legend of the Guardians: The Owls of Ga'Hoole,Movie,2010,PG,97 min,"United States, Australia",97,0,3,606,1
Legend of the Naga Pearls,Movie,2017,TV-MA,108 min,China,108,0,8,105,1
Legendary Weapons of China,Movie,1982,TV-14,101 min,Hong Kong,101,0,6,239,1
Legends of Strength,TV Show,2017,TV-PG,1 Season,United States,1,1,9,603,0
Legion,Movie,2010,R,100 min,United States,100,0,5,603,1
Lego Friends: Girls on a Mission,TV Show,2018,TV-Y,1 Season,Denmark,1,1,10,134,0
LEGO Ninjago: Masters of Spinjitzu: Day of the Departed,Movie,2016,TV-Y7-FV,44 min,"Denmark, China",44,0,12,136,3
Leo the Lion,Movie,2013,TV-Y7-FV,78 min,"United States, Italy",78,0,12,682,3
"Les Bleus - Une autre histoire de France, 1996-2016",Movie,2016,TV-MA,103 min,France,103,0,8,162,1
Let There Be Light,Movie,1946,TV-PG,58 min,United States,58,0,9,603,3
Leyla and Mecnun,TV Show,2014,TV-MA,3 Seasons,Turkey,3,1,8,492,0
Lez Bomb,Movie,2018,TV-14,90 min,United States,90,0,6,603,1
License to Drill: Louisiana,TV Show,2014,TV-PG,1 Season,Canada,1,1,9,58,0
Life After Beth,Movie,2014,R,89 min,United States,89,0,5,603,1
Life in the Doghouse,Movie,2018,TV-PG,83 min,United States,83,0,9,603,3
Life on Location,TV Show,2009,TV-G,1 Season,United States,1,1,7,603,0
Life Story,TV Show,2014,TV-14,1 Season,United Kingdom,1,1,6,506,0
Lifechanger,Movie,2018,TV-MA,84 min,Canada,84,0,8,58,3
Lifeline,Movie,1997,TV-14,104 min,Hong Kong,104,0,6,239,1
Like Arrows,Movie,2018,TV-PG,99 min,United States,99,0,9,603,1
Like Water for Chocolate,Movie,1992,R,105 min,Mexico,105,0,5,342,1
Lila & Eve,Movie,2015,R,94 min,United States,94,0,5,603,1
Limmy's Show!,TV Show,2012,TV-MA,2 Seasons,United Kingdom,2,1,8,506,0
Lincoln,Movie,2012,PG-13,150 min,"United States, India",150,0,4,671,2
Lion's Heart,Movie,2013,TV-14,111 min,Egypt,111,0,6,150,1
Little Dragon Maiden,Movie,1983,TV-14,92 min,Hong Kong,92,0,6,239,1
Little Lunch: The Halloween Horror Story,Movie,2016,TV-Y7,23 min,Australia,23,0,11,15,0
Little Lunch: The Nightmare Before Graduation,Movie,2016,TV-Y7,25 min,Australia,25,0,11,15,0
Little Men,Movie,2016,PG,85 min,"United States, Greece, Brazil",85,0,3,665,1
Little Nicky,Movie,2000,PG-13,90 min,United States,90,0,4,603,1
Little Sister,Movie,2016,NR,91 min,United States,91,0,2,603,1
Liv and Maddie,TV Show,2017,TV-G,4 Seasons,United States,4,1,7,603,0
Lizzie Borden Took an Ax,Movie,2014,TV-14,87 min,United States,87,0,6,603,1
Lo and Behold: Reveries of the Connected World,Movie,2016,PG-13,98 min,United States,98,0,4,603,1
Lo que la verdad esconde: El caso Asunta (Operacion Nenúfar),TV Show,2017,TV-14,1 Season,Spain,1,1,6,444,0
Lo que la vida me robó,TV Show,2013,TV-14,1 Season,Mexico,1,1,6,342,0
"Lock, Stock and Two Smoking Barrels",Movie,1998,R,108 min,United Kingdom,108,0,5,506,1
Locke,Movie,2013,R,85 min,"United Kingdom, United States",85,0,5,589,1
Lockout,Movie,2012,PG-13,95 min,"France, United States",95,0,4,206,1
Loco Love,Movie,2017,TV-MA,103 min,Mexico,103,0,8,342,1
Logan's Run,Movie,1976,PG,118 min,United States,118,0,3,603,2
LoliRock,TV Show,2016,TV-Y,2 Seasons,"South Korea, France",2,1,10,440,0
Lolita,Movie,1962,R,153 min,"United Kingdom, United States",153,0,5,589,2
London Spy,TV Show,2015,TV-MA,1 Season,United Kingdom,1,1,8,506,0
Long Time Running,Movie,2017,TV-14,96 min,Canada,96,0,6,58,1
"Look Out, Officer",Movie,1990,TV-14,88 min,Hong Kong,88,0,6,239,1
Look Who's Back,Movie,2015,NR,116 min,Germany,116,0,2,212,1
Lorai: Play to Live,Movie,2015,TV-14,155 min,India,155,0,6,251,2
Los tiempos de Pablo Escobar,TV Show,2012,TV-14,1 Season,Colombia,1,1,6,121,0
Losing Sight of Shore,Movie,2017,TV-14,92 min,"United States, Australia, Samoa, United Kingdom",92,0,6,609,1
Lost Girl,TV Show,2015,TV-14,5 Seasons,Canada,5,1,6,58,0
Love Cuisine,TV Show,2015,TV-MA,1 Season,Taiwan,1,1,8,483,0
Love Dot Com: The Social Experiment,Movie,2019,TV-MA,98 min,United States,98,0,8,603,1
Love In A Puff,Movie,2010,TV-MA,103 min,Hong Kong,103,0,8,239,1
Love Ni Bhavai,Movie,2017,TV-14,163 min,India,163,0,6,251,2
Love on Delivery,Movie,1994,TV-14,93 min,Hong Kong,93,0,6,239,1
Love Rain,TV Show,2012,TV-PG,1 Season,South Korea,1,1,9,435,0
Love Shot,Movie,2018,TV-MA,77 min,United States,77,0,8,603,3
Love Station,Movie,2011,TV-14,97 min,Egypt,97,0,6,150,1
Love You... Love You Not,Movie,2015,TV-14,115 min,Indonesia,115,0,6,272,1
Love Your Garden,TV Show,2013,TV-G,1 Season,United Kingdom,1,1,7,506,0
"Love, Rosie",Movie,2014,R,103 min,"Germany, United Kingdom",103,0,5,226,1
LoveTrue,Movie,2016,TV-MA,82 min,United States,82,0,8,603,3
Loving Annabelle,Movie,2006,TV-MA,77 min,United States,77,0,8,603,3
Loving You,Movie,1995,TV-14,79 min,Hong Kong,79,0,6,239,3
Lucha: Playing the Impossible,Movie,2016,TV-PG,98 min,Argentina,98,0,9,2,1
Lucky Days,TV Show,2010,TV-PG,1 Season,China,1,1,9,105,0
Lucky: No Time for Love,Movie,2005,TV-14,131 min,India,131,0,6,251,2
Lupt,Movie,2018,TV-14,110 min,India,110,0,6,251,1
Lusers,Movie,2015,TV-MA,100 min,"Argentina, Chile, Peru",100,0,8,5,1
Ma Chu Ka,Movie,2017,TV-14,117 min,India,117,0,6,251,1
Maacher Jhol,Movie,2017,TV-PG,107 min,"India, France",107,0,9,254,1
Mac & Devin Go to High School,Movie,2012,R,76 min,United States,76,0,5,603,3
Macchli Jal Ki Rani Hai,Movie,2014,TV-MA,118 min,India,118,0,8,251,1
Mad Max,Movie,1979,R,93 min,"Australia, United States",93,0,5,30,1
Mad Men,TV Show,2014,TV-14,7 Seasons,United States,7,1,6,603,0
Mad Money,Movie,2008,PG-13,99 min,United States,99,0,4,603,1
Mad Ron's Prevues from Hell,Movie,1987,NR,84 min,United States,84,0,2,603,1
Mad World,Movie,2016,TV-MA,102 min,Hong Kong,102,0,8,239,1
Madaari,Movie,2016,TV-14,134 min,India,134,0,6,251,2
Maddman: The Steve Madden Story,Movie,2017,TV-MA,78 min,United States,78,0,8,603,3
Madre,Movie,2016,TV-MA,95 min,Chile,95,0,8,96,1
Maggie & Bianca: Fashion Friends,TV Show,2017,TV-Y7,1 Season,Italy,1,1,11,302,0
Magi: Adventure of Sinbad,TV Show,2016,TV-14,1 Season,Japan,1,1,6,319,0
Magic Snowflake,Movie,2013,TV-Y,73 min,"France, Belgium",73,0,10,165,3
Magnetic,Movie,2018,TV-14,110 min,France,110,0,6,162,1
Magnus,Movie,2016,TV-PG,75 min,Norway,75,0,9,370,3
Mahabharat,Movie,2013,TV-14,119 min,India,119,0,6,251,1
Maharakshak Devi,TV Show,2015,TV-14,1 Season,India,1,1,6,251,0
Maharakshak: Aryan,TV Show,2014,TV-14,1 Season,India,1,1,6,251,0
Mahi Way,TV Show,2010,TV-14,1 Season,India,1,1,6,251,0
Mahjong Heroes,Movie,1981,TV-PG,92 min,Hong Kong,92,0,9,239,1
Mahmut & Meryem,TV Show,2013,TV-14,1 Season,"Turkey, Azerbaijan",1,1,6,493,0
Maine Pyaar Kyun Kiya,Movie,2005,TV-14,137 min,India,137,0,6,251,2
Maine Pyar Kiya,Movie,1989,TV-PG,192 min,India,192,0,9,251,2
Mala Kahich Problem Nahi,Movie,2017,TV-PG,132 min,India,132,0,9,251,2
Malicious,Movie,2018,TV-MA,91 min,United States,91,0,8,603,1
Man of Tai Chi,Movie,2013,R,105 min,"United States, China, Hong Kong",105,0,5,635,1
Man Up,Movie,2015,R,88 min,"United Kingdom, France",88,0,5,531,1
Mandi,Movie,1983,TV-MA,155 min,India,155,0,8,251,2
Mandobasar Galpo,Movie,2017,TV-14,103 min,India,103,0,6,251,1
Manglehorn,Movie,2014,PG-13,97 min,United States,97,0,4,603,1
Mango Dreams,Movie,2016,TV-14,92 min,United States,92,0,6,603,1
Manhattan Romance,Movie,2014,TV-14,98 min,United States,98,0,6,603,1
Manolo: The Boy Who Made Shoes for Lizards,Movie,2017,TV-MA,89 min,United Kingdom,89,0,8,506,1
Mansfield Park,Movie,1999,PG-13,112 min,United Kingdom,112,0,4,506,1
Mantostaan,Movie,2017,TV-MA,75 min,India,75,0,8,251,3
Mantra,Movie,2017,TV-14,89 min,India,89,0,6,251,1
Mara,Movie,2017,TV-MA,99 min,United Kingdom,99,0,8,506,1
Marauders,Movie,2016,R,107 min,"Canada, United States",107,0,5,86,1
Marching Orders,TV Show,2018,TV-14,1 Season,United States,1,1,6,603,0
Maron,TV Show,2016,TV-MA,4 Seasons,United States,4,1,8,603,0
Maroon,Movie,2016,TV-MA,94 min,India,94,0,8,251,1
Married at First Sight,TV Show,2019,TV-14,1 Season,United States,1,1,6,603,0
Mars,TV Show,2018,TV-PG,2 Seasons,United States,2,1,9,603,0
Martial Arts of Shaolin,Movie,1986,R,90 min,"Hong Kong, China",90,0,5,241,1
Martin Lawrence Live: Runteldat,Movie,2002,R,104 min,United States,104,0,5,603,1
Martin Luther: The Idea that Changed the World,Movie,2017,TV-PG,55 min,United States,55,0,9,603,3
Martyrs of Marriage,Movie,2016,TV-14,83 min,India,83,0,6,251,3
Marvel's Iron Man & Hulk: Heroes United,Movie,2013,PG,72 min,United States,72,0,3,603,3
Mary and the Witch's Flower,Movie,2017,PG,103 min,Japan,103,0,3,319,1
Mary Poppins Returns,Movie,2018,PG,131 min,"United States, United Kingdom",131,0,3,718,2
Mary Portas: Secret Shopper,TV Show,2016,TV-14,1 Season,United Kingdom,1,1,6,506,0
Masoom,Movie,1983,TV-14,138 min,India,138,0,6,251,2
Master,Movie,2016,NR,143 min,South Korea,143,0,2,435,2
Mater,Movie,2017,TV-MA,80 min,Argentina,80,0,8,2,3
Matichya Chuli,Movie,2006,TV-14,132 min,India,132,0,6,251,2
Max Rose,Movie,2013,TV-14,84 min,United States,84,0,6,603,3
May We Chat,Movie,2014,TV-MA,99 min,Hong Kong,99,0,8,239,1
May You Prosper,Movie,2017,TV-14,93 min,Egypt,93,0,6,150,1
Maya Angelou: And Still I Rise,Movie,2016,TV-PG,114 min,United States,114,0,9,603,1
Maynard,Movie,2017,TV-PG,100 min,United States,100,0,9,603,1
Maza Pati Karodpati,Movie,1988,TV-PG,132 min,India,132,0,9,251,2
Me and the Alien,Movie,2016,TV-MA,83 min,Mexico,83,0,8,342,3
Mean Dreams,Movie,2016,R,105 min,Canada,105,0,5,58,1
Mean Streets,Movie,1973,R,112 min,United States,112,0,5,603,1
Meditation Park,Movie,2017,TV-PG,94 min,Canada,94,0,9,58,1
Medium,Movie,1985,TV-MA,90 min,"Poland, West Germany",90,0,8,397,1
Meet the Trumps: From Immigrant to President,Movie,2017,TV-14,48 min,United Kingdom,48,0,6,506,3
Mega Food,TV Show,2013,TV-G,1 Season,United Kingdom,1,1,7,506,0
MegaTruckers,TV Show,2012,TV-PG,1 Season,Australia,1,1,9,15,0
Melle,Movie,2017,TV-PG,110 min,India,110,0,9,251,1
Melvin Goes to Dinner,Movie,2003,R,84 min,United States,84,0,5,603,3
Memoir of a Murderer,Movie,2017,TV-MA,118 min,South Korea,118,0,8,435,1
Memory Games,Movie,2018,TV-14,86 min,"Germany, United States, Sweden",86,0,6,233,1
Men in Black,Movie,1997,PG-13,98 min,United States,98,0,4,603,1
Men in Black II,Movie,2002,PG-13,88 min,United States,88,0,4,603,1
Menorca,Movie,2016,TV-MA,81 min,"Canada, Spain",81,0,8,81,3
Merantau,Movie,2009,R,112 min,Indonesia,112,0,5,272,1
Merlí,TV Show,2015,TV-MA,1 Season,Spain,1,1,8,444,0
Merry Men: The Real Yoruba Demons,Movie,2018,TV-MA,106 min,Nigeria,106,0,8,368,1
Mexico Diseña,TV Show,2016,TV-PG,1 Season,United States,1,1,9,603,0
Mi Shivajiraje Bhosale Boltoy,Movie,2009,TV-14,148 min,India,148,0,6,251,2
MI-5,Movie,2015,R,105 min,United Kingdom,105,0,5,506,1
Middle School: The Worst Years of My Life,Movie,2016,PG,92 min,"United States, Cambodia",92,0,3,619,1
Midnight Misadventures With Mallika Dua,TV Show,2018,TV-14,1 Season,India,1,1,6,251,0
Midnight Special,Movie,2016,PG-13,112 min,"United States, Greece",112,0,4,664,1
Milk,Movie,2008,R,128 min,United States,128,0,5,603,2
Mini Wolf,TV Show,2014,TV-G,2 Seasons,France,2,1,7,162,0
Minnaminugu the FireFly,Movie,2017,TV-14,128 min,India,128,0,6,251,2
Minute to Win It,TV Show,2013,TV-PG,1 Season,United States,1,1,9,603,0
Miracle,Movie,2004,PG,136 min,"Canada, United States",136,0,3,86,2
Mirror Mirror,Movie,2012,PG,106 min,"United States, Canada",106,0,3,621,1
Mirzya,Movie,2016,TV-MA,129 min,India,129,0,8,251,2
Miss Dynamite,TV Show,2015,TV-14,1 Season,Mexico,1,1,6,342,0
Miss Hokusai,Movie,2015,PG-13,90 min,Japan,90,0,4,319,1
Miss Julie,Movie,2014,PG-13,130 min,"Norway, United Kingdom, France, Ireland",130,0,4,378,2
Miss Me This Christmas,Movie,2017,TV-14,85 min,United States,85,0,6,603,1
Miss Representation,Movie,2011,NR,90 min,United States,90,0,2,603,1
Miss Rose,TV Show,2015,TV-MA,1 Season,Taiwan,1,1,8,483,0
Miss Sharon Jones!,Movie,2015,TV-MA,94 min,United States,94,0,8,603,1
Miss Stevens,Movie,2016,NR,86 min,United States,86,0,2,603,1
Mission Control: The Unsung Heroes of Apollo,Movie,2017,TV-14,100 min,"United States, United Kingdom",100,0,6,718,1
Mission of Honor,Movie,2018,TV-MA,107 min,"United Kingdom, Poland",107,0,8,574,1
Mission: Destroy Love,Movie,2014,TV-PG,93 min,Malaysia,93,0,9,338,1
Mississippi Grind,Movie,2015,R,109 min,United States,109,0,5,603,1
Moh Maya Money,Movie,2016,TV-MA,109 min,India,109,0,8,251,1
Mohawk,Movie,2017,TV-MA,92 min,United States,92,0,8,603,1
Mojave,Movie,2015,R,93 min,United States,93,0,5,603,1
Mokalik (Mechanic),Movie,2019,TV-14,100 min,Nigeria,100,0,6,368,1
Molly's Game,Movie,2017,R,141 min,"China, Canada, United States",141,0,5,106,2
Momo Salon,TV Show,2014,TV-14,1 Season,South Korea,1,1,6,435,0
Mona Lisa Smile,Movie,2003,PG-13,119 min,United States,119,0,4,603,2
Money,Movie,2016,R,84 min,"United States, Spain",84,0,5,710,3
Money Talks,Movie,1997,R,96 min,United States,96,0,5,603,1
Monkey Planet,TV Show,2014,TV-PG,1 Season,United Kingdom,1,1,9,506,0
Monkey Up,Movie,2016,PG,83 min,Canada,83,0,3,58,3
Monopoly (The Bank Of Luck),Movie,2017,TV-MA,117 min,Egypt,117,0,8,150,1
Monster Family,Movie,2017,PG,93 min,"Germany, United Kingdom",93,0,3,226,1
Monster High 13 Wishes,Movie,2013,TV-Y7,73 min,United States,73,0,11,603,3
"Monster High: Boo York, Boo York",Movie,2015,TV-Y7,72 min,United States,72,0,11,603,3
Monster High: Escape from Skull Shores,Movie,2012,TV-Y7,46 min,United States,46,0,11,603,3
Monster High: Freaky Fusion,Movie,2014,TV-Y7,74 min,United States,74,0,11,603,3
Monster High: Friday Night Frights,Movie,2013,TV-Y7,46 min,United States,46,0,11,603,3
Monster High: Fright On!,Movie,2011,TV-Y7,46 min,United States,46,0,11,603,3
"Monster High: Frights, Camera, Action!",Movie,2014,TV-Y7,74 min,United States,74,0,11,603,3
Monster High: Ghouls Rule,Movie,2012,TV-Y7,71 min,United States,71,0,11,603,3
Monster High: Great Scarrier Reef,Movie,2016,TV-Y7,72 min,United States,72,0,11,603,3
Monster High: Haunted,Movie,2015,TV-Y7,76 min,United States,76,0,11,603,3
Monster High: New Ghoul at School,Movie,2010,TV-Y7,23 min,United States,23,0,11,603,0
"Monster High: Scaris, City of Frights",Movie,2013,TV-G,60 min,United States,60,0,7,603,3
Monster High: Why Do Ghouls Fall in Love?,Movie,2013,TV-Y7,46 min,United States,46,0,11,603,3
Monster Math Squad,TV Show,2012,TV-Y,2 Seasons,Canada,2,1,10,58,0
Monster-in-Law,Movie,2005,PG-13,101 min,"United States, Germany",101,0,4,656,1
Monty Don's French Gardens,TV Show,2013,TV-G,1 Season,United Kingdom,1,1,7,506,0
Monty Don's Italian Gardens,TV Show,2011,TV-G,1 Season,United Kingdom,1,1,7,506,0
Moon,Movie,2009,R,97 min,"United Kingdom, United States",97,0,5,589,1
Moonlight,Movie,2016,R,111 min,United States,111,0,5,603,1
Moonwalkers,Movie,2015,R,96 min,"France, Belgium",96,0,5,165,1
Moor,Movie,2015,TV-14,135 min,"Pakistan, United States",135,0,6,383,2
Morris from America,Movie,2016,R,91 min,"Germany, United States",91,0,5,228,1
Mortified Nation,Movie,2013,TV-MA,84 min,United States,84,0,8,603,3
Morya,Movie,2011,TV-14,121 min,India,121,0,6,251,2
Motu Patlu: King of Kings,Movie,2016,TV-Y7-FV,109 min,India,109,0,12,251,1
Mountain,Movie,2017,PG,74 min,Australia,74,0,3,15,3
Movie 43,Movie,2013,R,94 min,United States,94,0,5,603,1
Mr. Church,Movie,2016,PG-13,105 min,United States,105,0,4,603,1
Mr. Deeds,Movie,2002,PG-13,97 min,United States,97,0,4,603,1
Mr. Gaga: A True Story of Love and Dance,Movie,2015,TV-14,102 min,"Israel, Sweden, Germany, Netherlands",102,0,6,300,1
Mr. Virgin,Movie,1984,TV-14,86 min,Hong Kong,86,0,6,239,1
Mr. Woodcock,Movie,2007,PG-13,88 min,United States,88,0,4,603,1
Mr. Young,TV Show,2013,TV-G,2 Seasons,Canada,2,1,7,58,0
Ms. Mammy,Movie,2012,TV-14,90 min,Egypt,90,0,6,150,1
Mud,Movie,2012,PG-13,131 min,United States,131,0,4,603,2
Mujhse Shaadi Karogi,Movie,2004,TV-PG,158 min,India,158,0,9,251,2
Mune: Guardian of the Moon,Movie,2014,PG,85 min,France,85,0,3,162,1
Muppets Most Wanted,Movie,2014,PG,110 min,United States,110,0,3,603,1
Murder Party,Movie,2007,NR,79 min,United States,79,0,2,603,3
Murderous Affairs,TV Show,2017,TV-MA,3 Seasons,United States,3,1,8,603,0
Mutant Busters,TV Show,2017,TV-PG,2 Seasons,Spain,2,1,9,444,0
Mutiny on the Bounty,Movie,1962,TV-PG,185 min,United States,185,0,9,603,2
My Babysitter's a Vampire: The Movie,Movie,2010,TV-PG,80 min,Canada,80,0,9,58,3
My Brother ... Nikhil,Movie,2005,TV-PG,116 min,India,116,0,9,251,1
My Daddy is in Heaven,Movie,2017,TV-14,95 min,United States,95,0,6,603,1
My Dog is My Guide,Movie,2013,TV-14,99 min,Egypt,99,0,6,150,1
My Entire High School Sinking Into the Sea,Movie,2016,PG-13,77 min,United States,77,0,4,603,3
My Ex-Ex,Movie,2015,TV-MA,91 min,Canada,91,0,8,58,1
My Hotter Half,TV Show,2017,TV-PG,1 Season,United Kingdom,1,1,9,506,0
My Life as a Zucchini,Movie,2016,PG-13,68 min,"Switzerland, France",68,0,4,476,3
My Little Pony Equestria Girls: Friendship Games,Movie,2015,TV-Y,72 min,"United States, Canada",72,0,10,621,3
My Little Pony Equestria Girls: Rainbow Rocks,Movie,2014,TV-Y,73 min,"United States, Canada",73,0,10,621,3
"My Schoolmate, the Barbarian",Movie,2001,TV-14,90 min,Hong Kong,90,0,6,239,1
My Scientology Movie,Movie,2015,TV-MA,99 min,United Kingdom,99,0,8,506,1
My Sister's Keeper,Movie,2009,PG-13,109 min,United States,109,0,4,603,1
My Tattoo Addiction,TV Show,2013,TV-MA,1 Season,United Kingdom,1,1,8,506,0
My True Friend,Movie,2012,TV-MA,108 min,Thailand,108,0,8,488,1
My Week with Marilyn,Movie,2011,R,99 min,"United Kingdom, United States",99,0,5,589,1
Mystery Science Theater 3000,TV Show,1999,TV-14,1 Season,United States,1,1,6,603,0
Mythily Veendum Varunnu,Movie,2017,TV-PG,88 min,India,88,0,9,251,1
Nacho Libre,Movie,2006,PG,92 min,"United States, Mexico",92,0,3,690,1
Naga The Eternal Yogi,Movie,2016,TV-PG,73 min,"Italy, India",73,0,9,309,3
Nails,Movie,2017,TV-MA,85 min,Ireland,85,0,8,279,1
Naledi: A Baby Elephant's Tale,Movie,2016,TV-PG,91 min,"United States, Botswana",91,0,9,613,1
Namak Halaal,Movie,1982,TV-14,171 min,India,171,0,6,251,2
Namour,Movie,2016,NR,80 min,United States,80,0,2,603,3
Naruto Shippuden : Blood Prison,Movie,2011,TV-14,102 min,Japan,102,0,6,319,1
Natalia Valdebenito: Gritona,Movie,2017,TV-MA,76 min,United States,76,0,8,603,3
National Bird,Movie,2016,TV-MA,92 min,United States,92,0,8,603,1
National Parks Adventure,Movie,2016,TV-G,42 min,United States,42,0,7,603,3
National Treasure,Movie,2004,PG,131 min,United States,131,0,3,603,2
Natsamrat - Asa Nat Hone Nahi,Movie,2016,TV-14,165 min,India,165,0,6,251,2
Natural Born Pranksters,Movie,2016,R,91 min,United States,91,0,5,603,1
Natural Selection,Movie,2015,R,101 min,United States,101,0,5,603,1
Nature: Animals With Cameras,TV Show,2018,TV-PG,1 Season,"United Kingdom, United States",1,1,9,589,0
NATURE: Natural Born Hustlers,TV Show,2016,TV-G,1 Season,United States,1,1,7,603,0
Nature: Raising the Dinosaur Giant,Movie,2016,TV-G,53 min,United States,53,0,7,603,3
Nature's Great Events (2009),TV Show,2009,TV-PG,1 Season,"United States, United Kingdom",1,1,9,718,0
Nature's Great Events: Diaries,TV Show,2009,TV-PG,1 Season,"United States, United Kingdom",1,1,9,718,0
Nature's Great Race,TV Show,2016,TV-PG,1 Season,United Kingdom,1,1,9,506,0
Nature's Weirdest Events,TV Show,2015,TV-PG,3 Seasons,United Kingdom,3,1,9,506,0
Nazi Concentration Camps,Movie,1945,TV-MA,59 min,United States,59,0,8,603,3
Nazi Mega Weapons,TV Show,2016,TV-PG,3 Seasons,United States,3,1,9,603,0
Neruda,Movie,2016,R,108 min,"Chile, Argentina, France, Spain, United States",108,0,5,98,1
Never Heard,Movie,2018,TV-PG,89 min,United States,89,0,9,603,1
New York Minute,Movie,2004,PG,91 min,United States,91,0,3,603,1
Newtown,Movie,2016,NR,84 min,United States,84,0,2,603,3
Next,Movie,2007,PG-13,96 min,United States,96,0,4,603,1
Nibunan,Movie,2017,TV-14,124 min,India,124,0,6,251,2
Night Comes On,Movie,2018,TV-MA,87 min,United States,87,0,8,603,1
Night Moves,Movie,2013,R,113 min,United States,113,0,5,603,1
Nightcrawler,Movie,2014,R,118 min,United States,118,0,5,603,1
Nights in Rodanthe,Movie,2008,PG-13,97 min,"United States, Australia",97,0,4,606,1
Ninja Hattori,TV Show,1981,TV-Y7,1 Season,Japan,1,1,11,319,0
Ninja Turtles: The Next Mutation,TV Show,1997,TV-G,1 Season,"Canada, United States",1,1,7,86,0
No Entry,Movie,2005,TV-PG,161 min,India,161,0,9,251,2
No Estoy Loca,Movie,2018,TV-MA,116 min,Chile,116,0,8,96,1
No Reservations,Movie,2007,PG,104 min,United States,104,0,3,603,1
Nobel,TV Show,2016,R,1 Season,Norway,1,1,5,370,0
Norm of the North: Family Vacation,Movie,2020,TV-Y7,89 min,United States,89,0,11,603,1
Norm of the North: Keys to the Kingdom,Movie,2019,TV-PG,92 min,"India, United States",92,0,9,271,1
Norm of the North: King Sized Adventure,Movie,2019,TV-PG,90 min,"United States, India, South Korea, China",90,0,9,674,1
North & South,TV Show,2004,NR,1 Season,United Kingdom,1,1,2,506,0
Not Alone,Movie,2017,TV-14,50 min,United States,50,0,6,603,3
NOVA: Bird Brain,Movie,2017,TV-G,53 min,United States,53,0,7,603,3
NOVA: Black Hole Apocalypse,Movie,2018,TV-G,113 min,United States,113,0,7,603,1
NOVA: Building Chernobyl's MegaTomb,Movie,2017,TV-PG,53 min,United States,53,0,9,603,3
NOVA: Chinese Chariot Revealed,Movie,2017,TV-PG,54 min,United States,54,0,9,603,3
NOVA: Day the Dinosaurs Died,Movie,2017,TV-PG,53 min,United States,53,0,9,603,3
NOVA: Death Dive to Saturn,Movie,2017,TV-G,54 min,United States,54,0,7,603,3
NOVA: Decoding the Weather Machine,Movie,2018,TV-14,113 min,United States,113,0,6,603,1
NOVA: Eclipse Over America,Movie,2017,TV-G,53 min,United States,53,0,7,603,3
NOVA: Extreme Animal Weapons,Movie,2017,TV-PG,53 min,United States,53,0,9,603,3
NOVA: First Face of America,Movie,2018,TV-PG,53 min,United States,53,0,9,603,3
NOVA: Holocaust Escape Tunnel,Movie,2017,TV-14,54 min,United States,54,0,6,603,3
NOVA: Killer Floods,Movie,2017,TV-PG,54 min,United States,54,0,9,603,3
NOVA: Killer Hurricanes,Movie,2017,TV-PG,52 min,United States,52,0,9,603,3
NOVA: Killer Volcanoes,Movie,2017,TV-PG,54 min,United States,54,0,9,603,3
NOVA: Poisoned Water,Movie,2017,TV-PG,54 min,United States,54,0,9,603,3
NOVA: Prediction by the Numbers,Movie,2018,TV-G,53 min,United States,53,0,7,603,3
NOVA: Secrets of the Shining Knight,Movie,2017,TV-PG,53 min,United States,53,0,9,603,3
NOVA: Thai Cave Rescue,Movie,2018,TV-PG,53 min,United States,53,0,9,603,3
NOVA: The Impossible Flight,Movie,2018,TV-PG,113 min,United States,113,0,9,603,1
Nova: Ultimate Mars Challenge,Movie,2012,TV-G,53 min,United States,53,0,7,603,3
November Criminals,Movie,2017,PG-13,86 min,United States,86,0,4,603,1
Now and Then,Movie,1995,PG-13,102 min,United States,102,0,4,603,1
Now More Than Ever: The History of Chicago,Movie,2016,TV-MA,114 min,United States,114,0,8,603,1
Nowhere Boy,Movie,2009,R,99 min,"United Kingdom, Canada",99,0,5,516,1
NSU German History X,TV Show,2016,TV-MA,1 Season,Germany,1,1,8,212,0
Numbered,Movie,2012,TV-PG,55 min,Israel,55,0,9,296,3
Numero Zero. The Roots of Italian Rap,Movie,2015,TV-MA,91 min,Italy,91,0,8,302,1
Nura: Rise of the Yokai Clan: Demon Capital,TV Show,2011,TV-MA,1 Season,Japan,1,1,8,319,0
Nurse Jackie,TV Show,2015,TV-MA,7 Seasons,United States,7,1,8,603,0
Nurses Who Kill,TV Show,2016,TV-14,1 Season,United Kingdom,1,1,6,506,0
Nymphomaniac: Volume 1,Movie,2013,NR,117 min,"Denmark, Germany, Belgium, United Kingdom, France",117,0,2,140,1
Nymphomaniac: Volume II,Movie,2013,TV-MA,124 min,"Denmark, Germany, Belgium, United Kingdom, France, Sweden",124,0,8,141,2
Oasis: Supersonic,Movie,2016,R,122 min,United Kingdom,122,0,5,506,2
Obvious Child,Movie,2014,R,84 min,United States,84,0,5,603,3
Océans,Movie,2009,G,84 min,"France, Switzerland, Spain, United States, United Arab Emirates",84,0,0,202,1
Occupation,Movie,2018,R,120 min,Australia,120,0,5,15,1
Ocean's Eleven,Movie,1960,TV-PG,127 min,United States,127,0,9,603,2
Ocean's Thirteen,Movie,2007,PG-13,122 min,United States,122,0,4,603,2
Ocean's Twelve,Movie,2004,PG-13,125 min,United States,125,0,4,603,2
OCTB,TV Show,2017,TV-14,1 Season,Hong Kong,1,1,6,239,0
Off Course,Movie,2015,TV-MA,107 min,Spain,107,0,8,444,1
Officer Downe,Movie,2016,R,91 min,United States,91,0,5,603,1
Oh My Ghost 2,Movie,2011,TV-MA,103 min,Thailand,103,0,8,488,1
Oh My Ghost 3,Movie,2012,TV-MA,103 min,Thailand,103,0,8,488,1
Oh No! It's an Alien Invasion,TV Show,2014,TV-Y7-FV,2 Seasons,Canada,2,1,12,58,0
Oklahoma City,Movie,2017,TV-14,102 min,United States,102,0,6,603,1
Oliver Stone's Untold History of the United States,TV Show,2013,TV-PG,1 Season,United States,1,1,9,603,0
Ollie & Moon,TV Show,2018,TV-Y,1 Season,France,1,1,10,162,0
Omar and Salma 3,Movie,2012,TV-MA,97 min,Egypt,97,0,8,150,1
On the Wrong Track,Movie,1983,TV-14,89 min,Hong Kong,89,0,6,239,1
On Yoga The Architecture of Peace,Movie,2017,TV-14,92 min,"Brazil, India, China, United States",92,0,6,48,1
Onaatah,Movie,2016,TV-14,107 min,India,107,0,6,251,1
Once In A Lifetime Sessions with Moby,Movie,2018,TV-14,86 min,United States,86,0,6,603,1
Once In A Lifetime Sessions with Nile Rodgers,Movie,2018,TV-PG,70 min,United States,70,0,9,603,3
Once In A Lifetime Sessions with Noel Gallagher,Movie,2018,TV-MA,66 min,United States,66,0,8,603,3
Once In A Lifetime Sessions with TLC,Movie,2018,TV-PG,72 min,United States,72,0,9,603,3
Once Upon a Time in London,Movie,2019,TV-MA,111 min,United Kingdom,111,0,8,506,1
Once Upon a Time in the West,Movie,1968,PG-13,166 min,"Italy, United States",166,0,4,316,2
One Day,Movie,2016,TV-PG,135 min,Thailand,135,0,9,488,2
One Direction: This Is Us,Movie,2013,PG,92 min,United States,92,0,3,603,1
One Heart: The A.R. Rahman Concert Film,Movie,2017,TV-G,87 min,India,87,0,7,251,1
One Last Thing,Movie,2018,TV-MA,92 min,United States,92,0,8,603,1
One More Shot,Movie,2017,TV-MA,89 min,United States,89,0,8,603,1
One Night Stand,Movie,2016,TV-MA,93 min,India,93,0,8,251,1
One Strange Rock,TV Show,2018,TV-PG,1 Season,United States,1,1,9,603,0
Only God Forgives,Movie,2013,R,90 min,"Denmark, France, United States, Sweden",90,0,5,139,1
Only the Dead,Movie,2015,TV-MA,76 min,"Australia, Iraq",76,0,8,22,3
Open Season,Movie,2006,PG,86 min,United States,86,0,3,603,1
Operation Chromite,Movie,2016,NR,111 min,South Korea,111,0,2,435,1
Operation Gold Rush,TV Show,2016,TV-14,1 Season,United Kingdom,1,1,6,506,0
Operation Mekong,Movie,2016,TV-MA,124 min,"China, Hong Kong",124,0,8,108,2
Operation Ouch!,TV Show,2012,TV-PG,1 Season,United Kingdom,1,1,9,506,0
Operation Proposal,TV Show,2012,TV-PG,1 Season,South Korea,1,1,9,435,0
Operation Red Sea,Movie,2018,TV-MA,139 min,"China, Morocco, Hong Kong",139,0,8,112,2
Operator,Movie,2016,TV-MA,91 min,United States,91,0,8,603,1
Opium and the Kung Fu Master,Movie,1984,TV-MA,86 min,Hong Kong,86,0,8,239,1
Origins Collection,TV Show,2018,TV-PG,3 Seasons,United States,3,1,9,603,0
Oru Vishsheshapetta Biryani Kissa,Movie,2017,TV-14,122 min,India,122,0,6,251,2
OtherLife,Movie,2017,TV-MA,96 min,"Australia, United Arab Emirates",96,0,8,25,1
Ottaal,Movie,2014,TV-PG,88 min,India,88,0,9,251,1
Our Godfather,Movie,2019,TV-MA,93 min,United Kingdom,93,0,8,506,1
Our House,Movie,2018,PG-13,90 min,"Canada, United States, Germany",90,0,4,90,1
Our Shining Days,Movie,2017,TV-PG,103 min,China,103,0,9,105,1
Outlawed,Movie,2018,TV-MA,102 min,United Kingdom,102,0,8,506,1
P,Movie,2006,TV-MA,105 min,"United Kingdom, Thailand",105,0,8,587,1
P Se PM Tak,Movie,2015,TV-14,117 min,India,117,0,6,251,1
P. King Duckling,TV Show,2016,TV-Y,1 Season,United States,1,1,10,603,0
P.S. I Love You,Movie,2007,PG-13,126 min,United States,126,0,4,603,2
Paathi,Movie,2017,TV-14,89 min,India,89,0,6,251,1
Pablo Escobar: Angel or Demon?,Movie,2007,NR,82 min,"Venezuela, Colombia",82,0,2,744,3
Pacific Heat,TV Show,2016,TV-14,1 Season,Australia,1,1,6,15,0
Pahuyut Fighting Beat,Movie,2007,TV-MA,82 min,Thailand,82,0,8,488,3
Paid in Full,Movie,2002,R,98 min,United States,98,0,5,603,1
Paint It Black,Movie,2016,R,96 min,United States,96,0,5,603,1
Painted Faces,Movie,1988,TV-PG,108 min,Hong Kong,108,0,9,239,1
Pajanimals,TV Show,2011,TV-Y,1 Season,United States,1,1,10,603,0
Palio,Movie,2015,TV-14,91 min,United Kingdom,91,0,6,506,1
Palm Trees in the Snow,Movie,2015,TV-MA,163 min,Spain,163,0,8,444,2
Panic Room,Movie,2002,R,112 min,United States,112,0,5,603,1
Papa the Great,Movie,2000,TV-PG,137 min,India,137,0,9,251,2
Paper Year,Movie,2018,TV-MA,89 min,Canada,89,0,8,58,1
Paranormal Activity,Movie,2007,R,86 min,United States,86,0,5,603,1
Paranormal Survivor,TV Show,2016,TV-14,2 Seasons,Canada,2,1,6,58,0
Pardes,Movie,1997,TV-14,187 min,India,187,0,6,251,2
Pareeth Pandaari,Movie,2017,TV-PG,109 min,India,109,0,9,251,1
Paris Is Burning,Movie,1990,R,77 min,United States,77,0,5,603,3
Parks and Recreation,TV Show,2015,TV-14,7 Seasons,United States,7,1,6,603,0
Pasión de Gavilanes,TV Show,2003,TV-14,1 Season,"Colombia, United States",1,1,6,125,0
Passenger 57,Movie,1992,R,84 min,United States,84,0,5,603,1
Patiala House,Movie,2011,TV-PG,140 min,India,140,0,9,251,2
Patient Seventeen,Movie,2017,TV-14,68 min,United States,68,0,6,603,3
Patriot Games,Movie,1992,R,117 min,United States,117,0,5,603,2
Patron Mutlu Son Istiyor,Movie,2014,TV-MA,105 min,Turkey,105,0,8,492,1
Paul Blart: Mall Cop,Movie,2009,PG,91 min,United States,91,0,3,603,1
Paulettante Veedu,Movie,2016,TV-14,104 min,India,104,0,6,251,1
Pawn Stars,TV Show,2010,TV-14,1 Season,United States,1,1,6,603,0
Paying Guests,Movie,2009,TV-14,114 min,India,114,0,6,251,1
Pee Mak,Movie,2013,TV-MA,112 min,Thailand,112,0,8,488,1
Pee-wee's Playhouse,TV Show,1990,TV-PG,5 Seasons,United States,5,1,9,603,0
Pee-wee's Playhouse: Christmas Special,Movie,1988,TV-PG,48 min,United States,48,0,9,603,3
Pekak,Movie,2016,TV-MA,95 min,Malaysia,95,0,8,338,1
Penelope,Movie,2006,PG,89 min,"United Kingdom, United States",89,0,3,589,1
Penny Dreadful,TV Show,2016,TV-MA,3 Seasons,"Ireland, United Kingdom, United States",3,1,8,292,0
People You May Know,Movie,2016,TV-MA,108 min,"United States, Spain",108,0,8,710,1
Perfect Bid: The Contestant Who Knew Too Much,Movie,2017,TV-MA,72 min,Canada,72,0,8,58,3
Perfect Stranger,Movie,2007,R,109 min,United States,109,0,5,603,1
Person of Interest,TV Show,2016,TV-14,5 Seasons,United States,5,1,6,603,0
Personal Shopper,Movie,2016,R,105 min,"France, Germany, Czech Republic, Belgium",105,0,5,182,1
Peter and the Farm,Movie,2016,TV-MA,92 min,United States,92,0,8,603,1
Peter Rabbit,Movie,2018,PG,95 min,"United States, Australia",95,0,3,606,1
Phantom Boy,Movie,2015,PG,85 min,"France, Belgium",85,0,3,165,1
Philadelphia,Movie,1993,PG-13,126 min,United States,126,0,4,603,2
Phir Se,Movie,2015,TV-14,118 min,India,118,0,6,251,1
Phobia 2,Movie,2009,TV-MA,125 min,Thailand,125,0,8,488,2
Phone Swap,Movie,2012,TV-14,112 min,Nigeria,112,0,6,368,1
Phullu,Movie,2017,TV-14,96 min,India,96,0,6,251,1
Pick of the Litter,Movie,2018,TV-PG,81 min,United States,81,0,9,603,3
Pierre Jackson,Movie,2018,TV-MA,81 min,United States,81,0,8,603,3
Pimpal,Movie,2017,TV-PG,92 min,India,92,0,9,251,1
Pioneers of African-American Cinema,TV Show,1946,TV-14,1 Season,United States,1,1,6,603,0
Pitaah,Movie,2002,TV-MA,127 min,India,127,0,8,251,2
"Pizza, birra, faso",Movie,1998,TV-MA,81 min,Argentina,81,0,8,2,3
"Plaire, aimer et courir vite",Movie,2018,TV-MA,133 min,France,133,0,8,162,2
Planet Earth II,TV Show,2016,TV-G,1 Season,United Kingdom,1,1,7,506,0
Planet Earth: The Complete Collection,TV Show,2006,TV-PG,1 Season,United Kingdom,1,1,9,506,0
Planet Hulk,Movie,2010,TV-14,81 min,United States,81,0,6,603,3
Planetarium,Movie,2016,TV-MA,108 min,"France, Belgium",108,0,8,165,1
Platoon,Movie,1986,R,120 min,"United States, United Kingdom",120,0,5,718,2
Playing for Time,Movie,1980,TV-14,149 min,United States,149,0,6,603,2
Playing Hard,Movie,2018,TV-MA,92 min,"Canada, United States",92,0,8,86,1
Pope Francis: A Man of His Word,Movie,2018,PG,96 min,"Switzerland, Vatican City, Italy, Germany, France",96,0,3,481,1
Popeye,Movie,1980,PG,114 min,United States,114,0,3,603,1
Portlandia,TV Show,2018,TV-14,8 Seasons,United States,8,1,6,603,0
Porto,Movie,2016,TV-MA,77 min,"Portugal, France, Poland, United States",77,0,8,398,3
Postcards from London,Movie,2018,TV-MA,90 min,United Kingdom,90,0,8,506,1
Powder,TV Show,2010,TV-14,1 Season,India,1,1,6,251,0
Power Rangers Dino Charge,TV Show,2015,TV-Y7,1 Season,United States,1,1,11,603,0
Power Rangers Dino Thunder,TV Show,2004,TV-Y7,1 Season,United States,1,1,11,603,0
Power Rangers in Space,TV Show,1998,TV-Y7,1 Season,"United States, France, Japan",1,1,11,650,0
Power Rangers Jungle Fury,TV Show,2008,TV-Y7,1 Season,United States,1,1,11,603,0
Power Rangers Lightspeed Rescue,TV Show,2000,TV-Y7,1 Season,"France, Japan, United States",1,1,11,187,0
Power Rangers Lost Galaxy,TV Show,1999,TV-Y7,1 Season,"United States, France, Japan",1,1,11,650,0
Power Rangers Mystic Force,TV Show,2006,TV-Y7,1 Season,United States,1,1,11,603,0
Power Rangers Ninja Storm,TV Show,2003,TV-Y7,1 Season,"United States, New Zealand",1,1,11,695,0
Power Rangers Operation Overdrive,TV Show,2007,TV-Y7,1 Season,"United States, New Zealand, Japan",1,1,11,696,0
Power Rangers RPM,TV Show,2009,TV-Y7,1 Season,United States,1,1,11,603,0
Power Rangers S.P.D.,TV Show,2005,TV-Y7,1 Season,"United States, New Zealand",1,1,11,695,0
Power Rangers Samurai,TV Show,2011,TV-Y7,1 Season,United States,1,1,11,603,0
"Power Rangers Samurai: Christmas Together, Friends Forever (Christmas Special)",Movie,2011,TV-Y7,24 min,United States,24,0,11,603,0
Power Rangers Samurai: Clash of the Red Rangers,Movie,2011,TV-Y7,46 min,United States,46,0,11,603,3
Power Rangers Samurai: Party Monsters (Halloween Special),Movie,2011,TV-Y7,24 min,United States,24,0,11,603,0
Power Rangers Super Megaforce: The Legendary Battle (Extended),Movie,2014,TV-Y7,55 min,United States,55,0,11,603,3
Power Rangers Super Samurai: Stuck on Christmas,Movie,2012,TV-Y7,24 min,United States,24,0,11,603,0
Power Rangers Super Samurai: Trickster Treat,Movie,2012,TV-Y7,23 min,United States,23,0,11,603,0
Power Rangers Time Force,TV Show,2001,TV-Y7,1 Season,United States,1,1,11,603,0
Power Rangers Turbo,TV Show,1997,TV-Y7,1 Season,"United States, France, Japan",1,1,11,650,0
Power Rangers Wild Force,TV Show,2002,TV-Y7,1 Season,"United States, Netherlands, Japan, France",1,1,11,694,0
Power Rangers Zeo,TV Show,1996,TV-Y7,1 Season,"United States, France, Japan",1,1,11,650,0
Power Rangers: Megaforce,TV Show,2013,TV-Y7,1 Season,United States,1,1,11,603,0
Power Rangers: Megaforce: Raising Spirits,Movie,2013,TV-Y7,24 min,United States,24,0,11,603,0
Power Rangers: Megaforce: The Robo Knight Before Christmas,Movie,2013,TV-Y7,24 min,United States,24,0,11,603,0
Prague,Movie,2013,TV-MA,106 min,"India, Switzerland",106,0,8,265,1
Prelude to War,Movie,1942,TV-14,52 min,United States,52,0,6,603,3
Premachi Goshta,Movie,2013,TV-14,127 min,India,127,0,6,251,2
Prescription Thugs,Movie,2015,NR,86 min,United States,86,0,2,603,1
Primal Fear,Movie,1996,R,131 min,United States,131,0,5,603,2
Prince Charming,Movie,1984,TV-14,93 min,Hong Kong,93,0,6,239,1
Princess Cyd,Movie,2017,TV-MA,97 min,United States,97,0,8,603,1
Professor Mack,Movie,2018,TV-MA,84 min,United States,84,0,8,603,3
Prohibition: A Film by Ken Burns and Lynn Novick,TV Show,2011,TV-PG,1 Season,United States,1,1,9,603,0
Prosecuting Evil: The Extraordinary World of Ben Ferencz,Movie,2019,TV-MA,83 min,Canada,83,0,8,58,3
Psiconautas,TV Show,2016,TV-MA,2 Seasons,Argentina,2,1,8,2,0
Pukar,Movie,2000,TV-14,165 min,India,165,0,6,251,2
Pulp Fiction,Movie,1994,R,154 min,United States,154,0,5,603,2
Punjab 1984,Movie,2014,TV-14,158 min,"Canada, India",158,0,6,69,2
Pusher,Movie,2012,R,89 min,United Kingdom,89,0,5,506,1
Pyaar Ka Punchnama,Movie,2011,TV-14,149 min,India,149,0,6,251,2
Pyaar Tune Kya Kiya,TV Show,2014,TV-14,3 Seasons,India,3,1,6,251,0
Q Ball,Movie,2019,TV-MA,96 min,United States,96,0,8,603,1
Qué pena tu serie,TV Show,2015,TV-MA,1 Season,United States,1,1,8,603,0
Quantum of Solace,Movie,2008,PG-13,106 min,"United Kingdom, United States",106,0,4,589,1
Queen of No Marriage,TV Show,2009,TV-MA,1 Season,Taiwan,1,1,8,483,0
Queen of the Desert,Movie,2015,PG-13,128 min,"United States, Morocco",128,0,4,693,2
R.L. Stine's Mostly Ghostly,Movie,2008,PG,98 min,United States,98,0,3,603,1
Race to Witch Mountain,Movie,2009,PG,99 min,United States,99,0,3,603,1
Rachel Getting Married,Movie,2008,R,113 min,United States,113,0,5,603,1
Radical: the Controversial Saga of Dada Figueiredo,Movie,2013,TV-MA,71 min,Brazil,71,0,8,45,3
Radiopetti,Movie,2015,TV-PG,83 min,India,83,0,9,251,3
Raging Bull,Movie,1980,R,129 min,United States,129,0,5,603,2
Rahasya,Movie,2015,TV-14,117 min,India,117,0,6,251,1
Raiders!: The Story of the Greatest Fan Film Ever Made,Movie,2015,NR,93 min,United States,93,0,2,603,1
Railroad Tigers,Movie,2016,TV-14,124 min,China,124,0,6,105,2
Raja Hindustani,Movie,1996,TV-14,177 min,India,177,0,6,251,2
Rajnigandha,Movie,1974,TV-PG,104 min,India,104,0,9,251,1
Ralph Breaks the Internet: Wreck-It Ralph 2,Movie,2018,PG,113 min,United States,113,0,3,603,1
Ram Teri Ganga Maili,Movie,1985,TV-14,178 min,India,178,0,6,251,2
Ramayan,TV Show,2012,TV-14,1 Season,India,1,1,6,251,0
Ramen Shop,Movie,2018,TV-PG,90 min,"Singapore, Japan, France",90,0,9,421,1
Ramji Londonwaley,Movie,2005,TV-14,154 min,India,154,0,6,251,2
Rampant,Movie,2018,TV-MA,122 min,South Korea,122,0,8,435,2
Ranbhool,Movie,2010,TV-MA,115 min,India,115,0,8,251,1
Rangreza,Movie,2017,TV-14,126 min,Pakistan,126,0,6,380,2
Rats,Movie,2016,NR,88 min,United States,88,0,2,603,1
Razia Sultan,TV Show,2015,TV-14,1 Season,India,1,1,6,251,0
Reaction,Movie,2011,TV-14,99 min,Egypt,99,0,6,150,1
Ready,Movie,2011,TV-PG,144 min,India,144,0,9,251,2
Rebel Without a Cause,Movie,1955,PG-13,111 min,United States,111,0,4,603,1
Rebelde,TV Show,2004,TV-14,1 Season,Mexico,1,1,6,342,0
Recall,Movie,2018,TV-MA,73 min,Canada,73,0,8,58,3
Rectify,TV Show,2016,TV-MA,4 Seasons,United States,4,1,8,603,0
Red Christmas,Movie,2016,TV-MA,81 min,Australia,81,0,8,15,3
Red Dawn,Movie,1984,PG-13,114 min,United States,114,0,4,603,1
Red Oleanders Raktokarobi,Movie,2017,TV-14,112 min,India,112,0,6,251,1
Red Trees,Movie,2017,TV-PG,80 min,United Kingdom,80,0,9,506,3
Red vs. Blue,TV Show,2015,NR,13 Seasons,United States,13,1,2,603,0
Regatta,Movie,2015,TV-MA,100 min,Egypt,100,0,8,150,1
Reggie Yates Outside Man,TV Show,2017,TV-MA,2 Seasons,United Kingdom,2,1,8,506,0
Reincarnated,Movie,2012,R,96 min,United States,96,0,5,603,1
Rembat,Movie,2015,TV-PG,88 min,Malaysia,88,0,9,338,1
Remember,Movie,2015,R,95 min,"Canada, Mexico, Germany, South Africa",95,0,5,75,1
Remember Me,Movie,2010,PG-13,112 min,United States,112,0,4,603,1
Rememory,Movie,2017,PG-13,112 min,"United Kingdom, United States, Canada",112,0,4,591,1
Republic of Doyle,TV Show,2014,TV-14,6 Seasons,Canada,6,1,6,58,0
Resident Evil: Afterlife,Movie,2010,R,97 min,"Germany, France, United States, Canada, United Kingdom",97,0,5,222,1
Residente,Movie,2017,TV-MA,97 min,United States,97,0,8,603,1
Restless Creature: Wendy Whelan,Movie,2016,TV-MA,94 min,United States,94,0,8,603,1
Return To The 36th Chamber,Movie,1980,R,97 min,Hong Kong,97,0,5,239,1
Revelations,Movie,2016,NR,118 min,India,118,0,2,251,1
Revenge of the Green Dragons,Movie,2014,R,95 min,"Hong Kong, United States",95,0,5,246,1
Revolting Rhymes,TV Show,2017,TV-PG,1 Season,United Kingdom,1,1,9,506,0
Revolutionary Road,Movie,2008,R,120 min,"United States, United Kingdom",120,0,5,718,2
Rezeta,Movie,2012,NR,84 min,Mexico,84,0,2,342,3
"Rica, Famosa, Latina",TV Show,2016,TV-MA,4 Seasons,United States,4,1,8,603,0
Righteous Kill,Movie,2008,R,101 min,United States,101,0,5,603,1
Ringan,Movie,2015,TV-14,103 min,India,103,0,6,251,1
Ripper Street,TV Show,2017,TV-MA,5 Seasons,"United Kingdom, Ireland",5,1,8,558,0
Rise of the Zombie,Movie,2013,TV-MA,83 min,India,83,0,8,251,3
Rishta.com,TV Show,2010,TV-14,1 Season,India,1,1,6,251,0
Rivaaz,Movie,2011,TV-MA,107 min,India,107,0,8,251,1
Road to Sangam,Movie,2010,TV-14,136 min,India,136,0,6,251,2
Road to Yesterday,Movie,2015,TV-14,96 min,Nigeria,96,0,6,368,1
Roberto Saviano: Writing Under Police Protection,Movie,2016,TV-14,45 min,Italy,45,0,6,302,3
Robin Hood: The Rebellion,Movie,2018,TV-14,92 min,United Kingdom,92,0,6,506,1
Robotech,TV Show,1985,TV-MA,1 Season,"United States, Japan",1,1,8,686,0
Rocky,Movie,1976,PG,120 min,United States,120,0,3,603,2
Rocky II,Movie,1979,PG,119 min,United States,119,0,3,603,2
Rocky III,Movie,1982,PG,100 min,United States,100,0,3,603,1
Rocky IV,Movie,1985,PG,92 min,United States,92,0,3,603,1
Rocky V,Movie,1990,PG-13,104 min,United States,104,0,4,603,1
Roger Corman's Death Race 2050,Movie,2017,R,93 min,United States,93,0,5,603,1
Roh's Beauty,Movie,2014,TV-MA,98 min,Egypt,98,0,8,150,1
Roll Red Roll,Movie,2018,TV-MA,80 min,United States,80,0,8,603,3
Rolling Papers,Movie,2015,TV-MA,79 min,"United States, Uruguay",79,0,8,734,3
Romeo Ranjha,Movie,2014,TV-14,122 min,"India, Canada",122,0,6,253,2
Room,Movie,2015,R,118 min,"Ireland, Canada, United Kingdom, United States",118,0,5,282,1
Room for Rent,Movie,2017,TV-MA,89 min,Canada,89,0,8,58,1
Room on the Broom,Movie,2012,TV-Y7,26 min,"United Kingdom, Germany",26,0,11,545,0
Roonpi Secret Love,TV Show,2016,TV-14,3 Seasons,Thailand,3,1,6,488,0
Rosemary's Baby,Movie,1968,R,137 min,United States,137,0,5,603,2
Rounders,Movie,1998,R,121 min,United States,121,0,5,603,2
Royal Pains,TV Show,2016,TV-PG,8 Seasons,United States,8,1,9,603,0
Rubi,TV Show,2004,TV-PG,1 Season,Mexico,1,1,9,342,0
Rukh,Movie,2017,TV-MA,103 min,India,103,0,8,251,1
Rumble,Movie,2016,TV-MA,92 min,Mexico,92,0,8,342,1
Rumble in the Bronx,Movie,1995,R,89 min,Hong Kong,89,0,5,239,1
Rumor Has It,Movie,2005,PG-13,97 min,"United States, Germany, Australia",97,0,4,657,1
Run,Movie,2004,TV-14,134 min,India,134,0,6,251,2
Runaway Bride,Movie,1999,PG,116 min,United States,116,0,3,603,1
Running for Grace,Movie,2018,TV-14,110 min,United States,110,0,6,603,1
Running Out Of Time,Movie,2018,TV-14,88 min,United States,88,0,6,603,1
Rurouni Kenshin,TV Show,1998,TV-14,3 Seasons,Japan,3,1,6,319,0
Russell Madness,Movie,2015,PG,93 min,United States,93,0,3,603,1
Russell Peters vs. the World,TV Show,2013,NR,1 Season,United States,1,1,2,603,0
Russell Peters: Notorious,Movie,2013,NR,72 min,United States,72,0,2,603,3
Rustom,Movie,2016,TV-14,141 min,India,141,0,6,251,2
S Is for Stanley,Movie,2016,TV-MA,82 min,Italy,82,0,8,302,3
S.W.A.T.,Movie,2003,PG-13,117 min,United States,117,0,4,603,1
Saath Saath,Movie,1982,TV-14,118 min,India,118,0,6,251,2
Sacro GRA,Movie,2013,TV-MA,91 min,"Italy, France",91,0,8,306,1
Sadece Sen,Movie,2014,TV-MA,105 min,Turkey,105,0,8,492,1
Sadie's Last Days on Earth,Movie,2016,TV-14,94 min,Canada,94,0,6,58,1
Sadma,Movie,1983,TV-14,137 min,India,137,0,6,251,2
Sadqay Tumhare,TV Show,2014,TV-PG,1 Season,Pakistan,1,1,9,380,0
Saeed Mirza: The Leftist Sufi,Movie,2016,TV-MA,61 min,India,61,0,8,251,3
Safety Not Guaranteed,Movie,2012,R,86 min,United States,86,0,5,603,1
Saheb Bibi Golaam,Movie,2016,TV-MA,118 min,India,118,0,8,251,1
Sairat,Movie,2016,TV-14,173 min,India,173,0,6,251,2
Sakhi,Movie,2007,TV-PG,152 min,India,152,0,9,251,2
Salem: His Sister's Father,Movie,2014,TV-14,99 min,Egypt,99,0,6,150,1
Samantaral,Movie,2017,TV-MA,110 min,India,110,0,8,251,1
Samarppanam,Movie,2017,TV-PG,116 min,India,116,0,9,251,1
Sameer Abu Alneel,Movie,2013,TV-14,107 min,Egypt,107,0,6,150,1
Samson,Movie,2018,PG-13,109 min,"South Africa, United States",109,0,4,431,1
San Pietro,Movie,1945,TV-14,32 min,United States,32,0,6,603,0
Sanai Choughade,Movie,2008,TV-14,122 min,India,122,0,6,251,2
Sangam,Movie,1964,TV-14,228 min,India,228,0,6,251,2
Santa Claws,Movie,2014,TV-PG,86 min,United States,86,0,9,603,1
Santa's Apprentice,Movie,2010,TV-G,72 min,"Australia, France, Ireland",72,0,7,19,3
Sarah's Key,Movie,2010,PG-13,102 min,France,102,0,4,162,1
Sardaar ji,Movie,2015,TV-14,140 min,Canada,140,0,6,58,2
Sardaarji 2,Movie,2016,TV-PG,145 min,"Australia, India",145,0,9,21,2
Sarivar Sari,Movie,2005,TV-14,126 min,India,126,0,6,251,2
Sarvopari Palakkaran,Movie,2017,TV-14,133 min,India,133,0,6,251,2
Sat Sri Akal,Movie,2008,TV-14,141 min,India,141,0,6,251,2
Satan & Adam,Movie,2018,TV-MA,78 min,United States,78,0,8,603,3
Satrangi Re,Movie,2012,TV-14,150 min,India,150,0,6,251,2
Satte Pe Satta,Movie,1982,TV-14,153 min,India,153,0,6,251,2
Saturday Church,Movie,2017,TV-MA,83 min,United States,83,0,8,603,3
Savage Dog,Movie,2017,TV-MA,95 min,United States,95,0,8,603,1
Savage Raghda,Movie,2018,TV-MA,93 min,Egypt,93,0,8,150,1
Save Our Shelter,TV Show,2015,TV-G,1 Season,United States,1,1,7,603,0
Saving Mr. Banks,Movie,2013,PG-13,126 min,"United States, United Kingdom, Australia",126,0,4,719,2
Saving Zoë,Movie,2019,R,95 min,United States,95,0,5,603,1
Say When,Movie,2014,R,99 min,United States,99,0,5,603,1
Scales: Mermaids Are Real,Movie,2017,PG,93 min,United States,93,0,3,603,1
Scandal,TV Show,2018,TV-14,7 Seasons,United States,7,1,6,603,0
Scandal in Sorrento,Movie,1955,TV-PG,93 min,"Italy, France",93,0,9,306,1
Scary Movie,Movie,2000,R,88 min,United States,88,0,5,603,1
Scary Movie 5,Movie,2013,PG-13,88 min,United States,88,0,4,603,1
Schindler's List,Movie,1993,R,195 min,United States,195,0,5,603,2
School Daze,Movie,1988,R,120 min,United States,120,0,5,603,2
Scooby-Doo on Zombie Island,Movie,1998,TV-PG,77 min,United States,77,0,9,603,3
Scott Pilgrim vs. the World,Movie,2010,PG-13,112 min,"United States, United Kingdom, Canada, Japan",112,0,4,722,1
Scream 2,Movie,1997,R,121 min,United States,121,0,5,603,2
Scream 3,Movie,2000,R,117 min,United States,117,0,5,603,1
Seal Team Six: The Raid on Osama Bin Laden,Movie,2012,TV-MA,90 min,United States,90,0,8,603,1
Searching for Bobby Fischer,Movie,1993,PG,110 min,United States,110,0,3,603,1
Searching for Sugar Man,Movie,2012,PG-13,86 min,"Sweden, United Kingdom, Finland",86,0,4,473,1
Season of the Witch,Movie,2011,PG-13,95 min,United States,95,0,4,603,1
Secret,Movie,2007,TV-PG,101 min,"Hong Kong, Taiwan",101,0,9,245,1
Secret Affair,TV Show,2014,TV-14,1 Season,South Korea,1,1,6,435,0
Secret in Their Eyes,Movie,2015,PG-13,111 min,"United States, United Kingdom, Spain, South Korea",111,0,4,733,1
Secrets of Althorp - The Spencers,Movie,2013,TV-PG,54 min,United States,54,0,9,603,3
Secrets of Chatsworth,Movie,2013,TV-PG,54 min,United States,54,0,9,603,3
Secrets of Henry VIII's Palace: Hampton Court,Movie,2013,TV-PG,54 min,United States,54,0,9,603,3
Secrets of Her Majesty's Secret Service,Movie,2014,TV-PG,55 min,United Kingdom,55,0,9,506,3
Secrets of Highclere Castle,Movie,2013,TV-PG,54 min,United States,54,0,9,603,3
Secrets of Scotland Yard,Movie,2013,TV-14,55 min,United Kingdom,55,0,6,506,3
Secrets of Selfridges,Movie,2014,TV-PG,55 min,United States,55,0,9,603,3
Secrets of the Tower of London,Movie,2013,TV-PG,55 min,United Kingdom,55,0,9,506,3
Secrets of Underground London,Movie,2014,TV-PG,55 min,United Kingdom,55,0,9,506,3
Secrets of Westminster,Movie,2014,TV-PG,55 min,"United States, United Kingdom",55,0,9,718,3
Sen Kimsin?,Movie,2012,TV-14,102 min,Turkey,102,0,6,492,1
Senna,Movie,2010,PG-13,106 min,"United Kingdom, France, United States",106,0,4,542,1
Sensitive Skin,TV Show,2016,TV-MA,1 Season,Canada,1,1,8,58,0
"Septiembre, un llanto en silencio",Movie,2017,TV-MA,69 min,Guatemala,69,0,8,238,3
Servant of the People,TV Show,2015,TV-14,1 Season,Ukraine,1,1,6,498,0
Set Up,Movie,2011,R,85 min,United States,85,0,5,603,1
Sex and the City 2,Movie,2010,R,146 min,United States,146,0,5,603,2
Sex and the City: The Movie,Movie,2008,R,145 min,United States,145,0,5,603,2
Sex Doll,Movie,2016,UR,103 min,"United Kingdom, France",103,0,13,531,1
"Sexo, Pudor y Lagrimas",Movie,1999,R,111 min,Mexico,111,0,5,342,1
SGT. Will Gardner,Movie,2019,TV-MA,125 min,United States,125,0,8,603,2
Shadow of Truth,TV Show,2016,TV-MA,1 Season,Israel,1,1,8,296,0
Shahanpan Dega Deva,Movie,2011,TV-14,115 min,India,115,0,6,251,1
Shaka Zulu,TV Show,1986,TV-14,1 Season,"Italy, South Africa, West Germany, Australia, United States",1,1,6,310,0
Shakti: The Power,Movie,2002,TV-MA,168 min,India,168,0,8,251,2
Shanghai,Movie,2012,TV-14,109 min,India,109,0,6,251,1
Shararat,Movie,2002,TV-PG,148 min,India,148,0,9,251,2
Shark Busters,Movie,2002,TV-14,92 min,Hong Kong,92,0,6,239,1
Shark Night,Movie,2011,PG-13,91 min,United States,91,0,4,603,1
Shaurya: It Takes Courage to Make Right... Right,Movie,2008,TV-14,135 min,India,135,0,6,251,2
She Did That,Movie,2019,TV-PG,71 min,United States,71,0,9,603,3
Shelter,Movie,2010,R,112 min,United States,112,0,5,603,1
Sherlock,TV Show,2017,TV-14,4 Seasons,"United Kingdom, United States",4,1,6,589,0
Sherlock Holmes,Movie,2009,PG-13,128 min,"United States, Germany, United Kingdom, Australia",128,0,4,661,2
Shiva,Movie,1990,TV-MA,168 min,India,168,0,8,251,2
Shopkins: Chef Club,Movie,2016,TV-Y,45 min,United States,45,0,10,603,3
Shopkins: Wild,Movie,2018,TV-Y,75 min,Australia,75,0,10,15,3
Shopkins: World Vacation,Movie,2017,TV-Y,71 min,Australia,71,0,10,15,3
Shorgul,Movie,2016,TV-14,122 min,India,122,0,6,251,2
Short Term 12,Movie,2013,R,97 min,United States,97,0,5,603,1
Shorts,Movie,2009,PG,89 min,"United States, United Arab Emirates",89,0,3,717,1
SHOT! The Psycho-Spiritual Mantra of Rock,Movie,2016,TV-MA,98 min,"United Kingdom, United States",98,0,8,589,1
Shuddhi,Movie,2017,TV-14,115 min,"India, United States",115,0,6,271,1
Shutter,Movie,2004,TV-MA,96 min,Thailand,96,0,8,488,1
Sicilian Ghost Story,Movie,2017,TV-MA,119 min,"Italy, France, Switzerland",119,0,8,307,1
Sid the Science Kid,TV Show,2008,TV-Y,1 Season,United States,1,1,10,603,0
Siddhant,Movie,2014,TV-G,105 min,India,105,0,7,251,1
Silencer,Movie,2018,TV-MA,88 min,United States,88,0,8,603,1
Silent Hill: Revelation,Movie,2012,R,94 min,"Canada, France, United States",94,0,5,64,1
Silicon Cowboys,Movie,2016,TV-PG,77 min,United States,77,0,9,603,3
Silver Spoon,TV Show,2015,TV-MA,2 Seasons,Russia,2,1,8,407,0
Sin senos no hay paraíso,TV Show,2008,TV-14,1 Season,"Colombia, Mexico, United States",1,1,6,123,0
Sin Senos sí Hay Paraíso,TV Show,2018,TV-MA,3 Seasons,"United States, Colombia",3,1,8,637,0
Singh Saab the Great,Movie,2013,TV-14,143 min,India,143,0,6,251,2
Single,Movie,2015,TV-PG,127 min,Indonesia,127,0,9,272,2
Singularity,Movie,2017,PG-13,92 min,"Switzerland, United States",92,0,4,480,1
Sinister Circle,Movie,2017,TV-MA,87 min,Peru,87,0,8,385,1
Siren,Movie,2016,TV-MA,83 min,United States,83,0,8,603,3
Sister Code,Movie,2015,R,95 min,United States,95,0,5,603,1
Skin Trade,Movie,2014,R,96 min,"Thailand, Canada, United States",96,0,5,489,1
Skin Wars,TV Show,2016,TV-14,3 Seasons,United States,3,1,6,603,0
Skin Wars: Fresh Paint,TV Show,2016,TV-14,1 Season,United States,1,1,6,603,0
Skiptrace,Movie,2016,PG-13,107 min,"China, Hong Kong, United States",107,0,4,109,1
Sky on Fire,Movie,2016,TV-MA,100 min,"China, Hong Kong",100,0,8,108,1
Skydancers,Movie,2014,TV-G,49 min,"United States, France",49,0,7,643,3
Skyline,Movie,2010,PG-13,94 min,United States,94,0,4,603,1
Sleeping with Other People,Movie,2015,R,101 min,United States,101,0,5,603,1
Sleepover,Movie,2004,PG,89 min,United States,89,0,3,603,1
Sling Blade,Movie,1996,R,135 min,United States,135,0,5,603,2
Sliver,Movie,1993,R,107 min,United States,107,0,5,603,1
Slobby's World,TV Show,2018,TV-MA,1 Season,United States,1,1,8,603,0
Slow West,Movie,2015,R,84 min,"United Kingdom, New Zealand",84,0,5,570,3
Small Soldiers,Movie,1998,PG-13,110 min,United States,110,0,4,603,1
Smart People,Movie,2008,R,95 min,United States,95,0,5,603,1
Smash: Motorized Mayhem,Movie,2017,TV-MA,66 min,United States,66,0,8,603,3
SMOSH: The Movie,Movie,2015,PG-13,83 min,United States,83,0,4,603,3
Sniper: Special Ops,Movie,2016,R,86 min,United States,86,0,5,603,1
Socha Na Tha,Movie,2005,TV-14,137 min,India,137,0,6,251,2
Social Animals,Movie,2018,TV-MA,87 min,United States,87,0,8,603,1
Soekarno,Movie,2013,TV-MA,142 min,Indonesia,142,0,8,272,2
Solo Con Tu Pareja,Movie,1991,NR,94 min,Mexico,94,0,2,342,1
Solo: A Star Wars Story,Movie,2018,PG-13,135 min,United States,135,0,4,603,2
Solo: A Star Wars Story (Spanish Version),Movie,2018,PG-13,135 min,United States,135,0,4,603,2
Solomon Kane,Movie,2009,R,104 min,"Czech Republic, United Kingdom, France",104,0,5,131,1
Some Freaks,Movie,2017,TV-MA,97 min,United States,97,0,8,603,1
Something's Gotta Give,Movie,2003,PG-13,128 min,United States,128,0,4,603,2
Son of a Gun,Movie,2014,R,109 min,"Australia, United Kingdom, Canada",109,0,5,27,1
Sons of Ben,Movie,2016,NR,73 min,United States,73,0,2,603,3
Sotus The Series,TV Show,2016,TV-MA,1 Season,Thailand,1,1,8,488,0
Soul Surfer,Movie,2011,PG,106 min,United States,106,0,3,603,1
Soul to Keep,Movie,2019,TV-MA,94 min,United States,94,0,8,603,1
Sour Grapes,Movie,2016,NR,85 min,United Kingdom,85,0,2,506,1
Space Racers,TV Show,2014,TV-Y,1 Season,United States,1,1,10,603,0
Sparkle,Movie,1976,PG,98 min,United States,98,0,3,603,1
Spartacus,TV Show,2013,TV-MA,4 Seasons,United States,4,1,8,603,0
Speech & Debate,Movie,2017,PG-13,96 min,United States,96,0,4,603,1
Speed Is My Need,Movie,2019,TV-14,75 min,United Kingdom,75,0,6,506,3
Spider-Man 3,Movie,2007,PG-13,139 min,United States,139,0,4,603,2
Spider-Man: Into the Spider-Verse,Movie,2018,PG,117 min,United States,117,0,3,603,1
Spitfire: The Plane that Saved the World,Movie,2018,TV-14,95 min,United Kingdom,95,0,6,506,1
Splash and Bubbles,TV Show,2018,TV-Y,2 Seasons,United States,2,1,10,603,0
Spotlight,Movie,2015,R,129 min,United States,129,0,5,603,2
Spring Breakers,Movie,2012,R,94 min,"United States, France",94,0,5,643,1
Sprinter,Movie,2018,TV-MA,112 min,"Jamaica, United States",112,0,8,318,1
Spy Kids,Movie,2001,PG,88 min,United States,88,0,3,603,1
Spy Kids 2: The Island of Lost Dreams,Movie,2002,PG,100 min,United States,100,0,3,603,1
Spy Kids 3: Game Over,Movie,2003,PG,83 min,United States,83,0,3,603,3
Spy Time,Movie,2015,TV-MA,93 min,Spain,93,0,8,444,1
St. Agatha,Movie,2018,TV-MA,103 min,United States,103,0,8,603,1
Staged Killer,Movie,2019,TV-14,88 min,United States,88,0,6,603,1
Standoff,Movie,2015,R,86 min,Canada,86,0,5,58,1
Star Men,Movie,2015,TV-14,88 min,"Canada, United States, United Kingdom",88,0,6,94,1
Star Wars: Episode VIII: The Last Jedi,Movie,2017,PG-13,152 min,United States,152,0,4,603,2
Star-Crossed,TV Show,2014,TV-14,1 Season,United States,1,1,6,603,0
Starred Up,Movie,2013,TV-MA,106 min,United Kingdom,106,0,8,506,1
Station Horizon,TV Show,2015,TV-MA,1 Season,Switzerland,1,1,8,475,0
Stealing History,Movie,2006,TV-PG,52 min,United States,52,0,9,603,3
Step Brothers,Movie,2008,R,98 min,United States,98,0,5,603,1
Step Outside,Movie,2018,TV-14,89 min,Egypt,89,0,6,150,1
Stephanie,Movie,2017,R,86 min,United States,86,0,5,603,1
Sthaniya Sambaad,Movie,2010,TV-14,106 min,India,106,0,6,251,1
Still,Movie,2010,TV-MA,100 min,Thailand,100,0,8,488,1
Stink!,Movie,2015,TV-PG,91 min,United States,91,0,9,603,1
Stoked,TV Show,2010,TV-PG,1 Season,"United States, Canada",1,1,9,621,0
Stone Age,TV Show,2017,TV-Y7,1 Season,South Korea,1,1,11,435,0
Stonehearst Asylum,Movie,2014,PG-13,113 min,United States,113,0,4,603,1
Stop at Nothing: The Lance Armstrong Story,Movie,2014,NR,100 min,"Australia, United Kingdom, United States, New Zealand, Italy, France",100,0,2,29,1
Storage Wars: Northern Treasures,TV Show,2015,TV-MA,1 Season,United States,1,1,8,603,0
Story of an Egg,Movie,2017,TV-PG,132 min,India,132,0,9,251,2
Straight Up,Movie,2020,TV-MA,96 min,United States,96,0,8,603,1
Strange but True,Movie,2019,PG-13,96 min,Canada,96,0,4,58,1
Stranger than Fiction,Movie,2006,PG-13,113 min,"United States, United Kingdom",113,0,4,718,1
Strawberry Shortcake: Berry Bitty Adventures,TV Show,2015,TV-Y,1 Season,"France, United States, Canada",1,1,10,207,0
Strictly Ballroom,Movie,1992,PG,95 min,"Australia, United Kingdom",95,0,3,26,1
Strike a Pose,Movie,2016,TV-MA,85 min,"Netherlands, Belgium",85,0,8,355,1
Stripes,Movie,1981,R,106 min,United States,106,0,5,603,1
Striptease,Movie,1996,R,117 min,United States,117,0,5,603,1
Strong Girl Bong-soon,TV Show,2017,TV-14,1 Season,South Korea,1,1,6,435,0
Stronger Than the World,Movie,2016,NR,123 min,Brazil,123,0,2,45,2
Stuart Little 2,Movie,2002,PG,78 min,United States,78,0,3,603,3
Submission,Movie,2019,TV-MA,95 min,United States,95,0,8,603,1
Suburra,Movie,2015,NR,135 min,"Italy, France",135,0,2,306,2
Suckseed,Movie,2011,TV-MA,130 min,Thailand,130,0,8,488,2
Sudani from Nigeria,Movie,2018,TV-14,115 min,India,115,0,6,251,1
Suicide (Hitabdut),Movie,2014,TV-MA,114 min,Israel,114,0,8,296,1
Suite Française,Movie,2014,TV-MA,107 min,"United Kingdom, France, Canada, Belgium, United States",107,0,8,536,1
Suits,TV Show,2018,TV-MA,1 Season,South Korea,1,1,8,435,0
Summer Night,Movie,2019,TV-MA,93 min,United States,93,0,8,603,1
Summer of '92,Movie,2015,TV-MA,94 min,"Denmark, United Kingdom, Sweden",94,0,8,147,1
Sunrise,Movie,2014,TV-MA,85 min,"India, France",85,0,8,254,1
Super Bheem,TV Show,2019,TV-Y,1 Season,India,1,1,10,251,0
Super Bheem Bana Vajraveer,Movie,2018,TV-Y7,63 min,India,63,0,11,251,3
Super Dark Times,Movie,2017,TV-MA,104 min,United States,104,0,8,603,1
Super Nani,Movie,2014,TV-PG,127 min,India,127,0,9,251,2
Super Wings,TV Show,2020,TV-Y,3 Seasons,"United States, South Korea, China",3,1,10,708,0
Superbad,Movie,2007,R,113 min,United States,113,0,5,603,1
Superfly,Movie,1972,R,91 min,United States,91,0,5,603,1
Superman Returns,Movie,2006,PG-13,154 min,United States,154,0,4,603,2
SuperNature: Wild Flyers,TV Show,2016,TV-PG,1 Season,United Kingdom,1,1,9,506,0
Superstar,Movie,1999,PG-13,82 min,United States,82,0,4,603,3
Surat Dari Praha,Movie,2016,TV-14,98 min,Indonesia,98,0,6,272,1
Surviving R. Kelly Part II: The Reckoning,TV Show,2020,TV-MA,1 Season,United States,1,1,8,603,0
Survivors Guide to Prison,Movie,2017,TV-MA,103 min,United States,103,0,8,603,1
Susanne Bartsch: On Top,Movie,2017,TV-MA,86 min,United States,86,0,8,603,1
Sustainable,Movie,2016,TV-G,92 min,United States,92,0,7,603,1
Swami,Movie,1977,TV-PG,123 min,India,123,0,9,251,2
Sweeney Todd: The Demon Barber of Fleet Street,Movie,2007,R,116 min,"United States, United Kingdom",116,0,5,718,1
Sweet Virginia,Movie,2017,R,93 min,"United States, Canada",93,0,5,621,1
Swiss Army Man,Movie,2016,R,97 min,"United States, Sweden",97,0,5,712,1
Sword Master,Movie,2016,TV-MA,108 min,"China, Hong Kong",108,0,8,108,1
Sword Masters: Two Champions of Shaolin,Movie,1980,R,101 min,Hong Kong,101,0,5,239,1
Sym-Bionic Titan,TV Show,2010,TV-PG,1 Season,United States,1,1,9,603,0
Taal,Movie,1999,TV-PG,177 min,India,177,0,9,251,2
Tahaan,Movie,2008,TV-14,95 min,India,95,0,6,251,1
Take Me Home Tonight,Movie,2011,R,97 min,"United States, Germany",97,0,5,656,1
Taken,TV Show,2018,TV-14,2 Seasons,"France, United States",2,1,6,206,0
Tales of the City (1993),TV Show,1993,TV-MA,1 Season,"United Kingdom, United States",1,1,8,589,0
Tamanchey,Movie,2014,TV-MA,111 min,India,111,0,8,251,1
Tarif de nuit,Movie,2015,TV-MA,81 min,France,81,0,8,162,3
Tarzan,Movie,1999,G,89 min,United States,89,0,0,603,1
Tarzan 2,Movie,2005,G,72 min,United States,72,0,0,603,3
Tattah,Movie,2013,TV-14,112 min,Egypt,112,0,6,150,1
Tayo the Little Bus Movie: Mission Ace,Movie,2016,TV-Y7,48 min,United States,48,0,11,603,3
Teach Us All,Movie,2017,TV-14,81 min,United States,81,0,6,603,3
Teen Patti,Movie,2010,TV-PG,137 min,India,137,0,9,251,2
Teenage Cocktail,Movie,2016,TV-MA,89 min,United States,89,0,8,603,1
Teenage Mutant Ninja Turtles,Movie,2007,PG,87 min,"Hong Kong, United States",87,0,3,246,1
Teenage Mutant Ninja Turtles II: The Secret of the Ooze,Movie,1991,PG,88 min,"United States, Hong Kong",88,0,3,667,1
Tees Maar Khan,Movie,2010,TV-PG,125 min,India,125,0,9,251,2
Tellur Aliens,Movie,2016,TV-Y7,67 min,"United States, Kazakhstan",67,0,11,688,3
Temporada de Caza,Movie,2017,TV-MA,108 min,"Argentina, France, United States, Germany, Qatar",108,0,8,7,1
Ten Years,Movie,2015,TV-MA,102 min,Hong Kong,102,0,8,239,1
Teresa,TV Show,2010,TV-PG,1 Season,Mexico,1,1,9,342,0
Terminator 3: Rise of the Machines,Movie,2003,R,109 min,"United States, Germany, United Kingdom",109,0,5,660,1
Terminator Salvation,Movie,2009,PG-13,115 min,"United States, Germany, United Kingdom, Italy",115,0,4,662,1
Terra,Movie,2015,TV-PG,98 min,France,98,0,9,162,1
Terrifier,Movie,2017,TV-MA,84 min,United States,84,0,8,603,3
Teshan,Movie,2016,TV-PG,133 min,India,133,0,9,251,2
Tezz,Movie,2012,TV-MA,121 min,"United Kingdom, India",121,0,8,555,2
Th Eena Meena Deeka Chase Comedy Show,TV Show,2015,TV-Y7,1 Season,India,1,1,11,251,0
Thackeray,TV Show,2019,TV-MA,1 Season,India,1,1,8,251,0
That '70s Show,TV Show,2005,TV-14,8 Seasons,United States,8,1,6,603,0
The 2000s,TV Show,2018,TV-MA,1 Season,United States,1,1,8,603,0
The 24 Hour War,Movie,2016,TV-MA,100 min,United States,100,0,8,603,1
The 4th Company,Movie,2016,TV-MA,117 min,"Mexico, Spain",117,0,8,349,1
The Accountant of Auschwitz,Movie,2018,TV-14,78 min,Canada,78,0,6,58,3
The Adderall Diaries,Movie,2015,R,87 min,United States,87,0,5,603,1
The Adventure Club,Movie,2016,TV-Y7,88 min,Canada,88,0,11,58,1
The Adventures of Figaro Pho,TV Show,2015,TV-Y7,2 Seasons,Australia,2,1,11,15,0
The Adventures of Sharkboy and Lavagirl,Movie,2005,PG,93 min,United States,93,0,3,603,1
The Adventures of Tintin,Movie,2011,PG,107 min,"United States, New Zealand, United Kingdom",107,0,3,697,1
The Aerial,Movie,2007,TV-MA,99 min,Argentina,99,0,8,2,1
The Age of Shadows,Movie,2016,TV-MA,140 min,South Korea,140,0,8,435,2
The American President,Movie,1995,PG-13,113 min,United States,113,0,4,603,1
The Amityville Horror,Movie,2005,R,89 min,United States,89,0,5,603,1
The Andy Griffith Show,TV Show,1967,TV-G,8 Seasons,United States,8,1,7,603,0
The Angry Birds Movie 2,Movie,2019,PG,97 min,"Finland, United States",97,0,3,161,1
The Animal People,Movie,2019,TV-MA,97 min,United States,97,0,8,603,1
The Ant's Scream,Movie,2010,TV-14,108 min,Egypt,108,0,6,150,1
The Apartment,TV Show,2014,TV-PG,2 Seasons,Singapore,2,1,9,419,0
The Apostate,Movie,2015,TV-MA,80 min,"Spain, France, Uruguay",80,0,8,457,3
The Art of the Steal,Movie,2013,R,90 min,"Canada, United States",90,0,5,86,1
The Art of War,Movie,2000,R,117 min,"United States, Canada",117,0,5,621,1
The Assignment,Movie,2016,R,95 min,"France, Canada, United States",95,0,5,177,1
The Autopsy of Jane Doe,Movie,2016,R,86 min,"United Kingdom, United States",86,0,5,589,1
The Bachelors,Movie,2017,TV-14,100 min,United States,100,0,6,603,1
The Bad Education Movie,Movie,2015,TV-MA,87 min,United Kingdom,87,0,8,506,1
The Bad Kids,Movie,2016,TV-MA,101 min,United States,101,0,8,603,1
The Bare-Footed Kid,Movie,1993,TV-14,83 min,Hong Kong,83,0,6,239,3
The Basement,Movie,2018,TV-MA,89 min,United States,89,0,8,603,1
The Battle of Midway,Movie,1942,TV-14,18 min,United States,18,0,6,603,0
The Beginning of Life: The Series,TV Show,2016,TV-PG,1 Season,Brazil,1,1,9,45,0
The Bible's Buried Secrets,TV Show,2011,TV-14,1 Season,United Kingdom,1,1,6,506,0
The Big Catch,TV Show,2015,TV-PG,1 Season,United Kingdom,1,1,9,506,0
The Bill Murray Stories: Life Lessons Learned From a Mythical Man,Movie,2018,TV-MA,72 min,United States,72,0,8,603,3
The Black Room,Movie,2016,TV-MA,95 min,United States,95,0,8,603,1
The Blackcoat's Daughter,Movie,2015,R,95 min,"Canada, United States",95,0,5,86,1
The Bleeder,Movie,2016,R,98 min,United States,98,0,5,603,1
The Blue Planet: A Natural History of the Oceans,TV Show,2001,TV-G,1 Season,United Kingdom,1,1,7,506,0
The Bomb,Movie,2016,TV-14,59 min,United States,59,0,6,603,3
The Bomb Squad,TV Show,2011,TV-MA,1 Season,United Kingdom,1,1,8,506,0
The Book of Eli,Movie,2010,R,118 min,United States,118,0,5,603,1
The Boss's Daughter,Movie,2015,TV-MA,98 min,France,98,0,8,162,1
The Bounty Hunter,Movie,2010,PG-13,111 min,United States,111,0,4,603,1
The Box,Movie,2009,PG-13,116 min,United States,116,0,4,603,1
The Boy,Movie,2016,PG-13,97 min,"United States, Canada, China",97,0,4,623,1
The Boy in the Striped Pajamas,Movie,2008,PG-13,95 min,"United Kingdom, United States",95,0,4,589,1
The Brave One,Movie,2007,R,122 min,United States,122,0,5,603,2
The Brawler,Movie,2019,TV-MA,95 min,United States,95,0,8,603,1
The Breadwinner,Movie,2017,PG-13,93 min,"Ireland, Canada, Luxembourg, United States, United Kingdom, Philippines, India",93,0,4,281,1
The Break-Up,Movie,2006,PG-13,107 min,United States,107,0,4,603,1
The Bridge,Movie,2017,TV-14,119 min,Nigeria,119,0,6,368,1
The Brothers Grimm,Movie,2005,PG-13,119 min,"United States, Czech Republic, United Kingdom",119,0,4,640,2
The Bucket List,Movie,2007,PG-13,97 min,United States,97,0,4,603,1
The Bund,Movie,1983,TV-14,103 min,Hong Kong,103,0,6,239,1
The Bye Bye Man,Movie,2017,PG-13,96 min,"United States, China",96,0,4,632,1
The Bygone,Movie,2019,TV-MA,106 min,United States,106,0,8,603,1
The Cakemaker,Movie,2017,TV-14,109 min,"Israel, Germany",109,0,6,297,1
The Calling,TV Show,2018,TV-MA,1 Season,India,1,1,8,251,0
The Captive,Movie,2014,R,112 min,Canada,112,0,5,58,1
The Car,Movie,1977,PG,96 min,United States,96,0,3,603,1
The Carter Effect,Movie,2017,TV-MA,60 min,United States,60,0,8,603,3
The Case for Christ,Movie,2017,TV-PG,113 min,United States,113,0,9,603,1
The Cell,Movie,2017,TV-MA,126 min,Egypt,126,0,8,150,2
The CEO,Movie,2016,TV-14,109 min,Nigeria,109,0,6,368,1
The Charnel House,Movie,2016,R,93 min,United States,93,0,5,603,1
The Chefs' Line,TV Show,2017,TV-14,1 Season,Australia,1,1,6,15,0
The Chord,Movie,2010,TV-MA,101 min,Egypt,101,0,8,150,1
The Chosen,Movie,2016,TV-14,111 min,"Spain, Mexico",111,0,6,462,1
The Chosen Ones,Movie,2015,TV-MA,107 min,"Mexico, France",107,0,8,346,1
The Christmas Candle,Movie,2013,PG,100 min,"United Kingdom, United States",100,0,3,589,1
The Christmas Project,Movie,2016,TV-PG,92 min,United States,92,0,9,603,1
The Cincinnati Kid,Movie,1965,TV-14,103 min,United States,103,0,6,603,1
The Code,TV Show,2011,TV-PG,1 Season,United Kingdom,1,1,9,506,0
The Company Men,Movie,2010,R,105 min,United States,105,0,5,603,1
The Competition,Movie,2018,TV-14,103 min,United States,103,0,6,603,1
The Confirmation,Movie,2016,PG-13,101 min,Canada,101,0,4,58,1
The Congress,Movie,2013,TV-MA,123 min,"Israel, Germany, Poland, Luxembourg, Belgium, France, United States",123,0,8,299,2
The Consul's Son,Movie,2011,TV-14,114 min,Egypt,114,0,6,150,1
The Craft,Movie,1996,R,101 min,United States,101,0,5,603,1
The Cravings,TV Show,2016,TV-14,2 Seasons,South Korea,2,1,6,435,0
The Croods,Movie,2013,PG,99 min,United States,99,0,3,603,1
The Crow,Movie,1994,R,102 min,United States,102,0,5,603,1
The Cruise,Movie,1970,TV-PG,66 min,Poland,66,0,9,394,3
The Crying Game,Movie,1992,R,112 min,"United Kingdom, Japan, United States",112,0,5,564,1
The Curse of Oak Island,TV Show,2016,TV-PG,1 Season,United States,1,1,9,603,0
The D Train,Movie,2015,R,101 min,"United Kingdom, United States",101,0,5,589,1
The Damned Rain,Movie,2009,TV-14,99 min,India,99,0,6,251,1
The Dancer,Movie,2011,TV-MA,105 min,Indonesia,105,0,8,272,1
The Dark Crystal,Movie,1982,PG,93 min,"United States, United Kingdom",93,0,3,718,1
The Dark Side of Life: Mumbai City,Movie,2018,TV-MA,121 min,India,121,0,8,251,2
The Darkest Dawn,Movie,2016,TV-MA,75 min,United Kingdom,75,0,8,506,3
The Daughter,Movie,2015,TV-MA,95 min,Australia,95,0,8,15,1
The Dawn Wall,Movie,2017,TV-MA,100 min,"Austria, United States",100,0,8,35,1
The Day My Butt Went Psycho!,TV Show,2015,TV-Y7,2 Seasons,"Canada, Australia",2,1,11,59,0
The Departed,Movie,2006,R,151 min,"United States, Hong Kong",151,0,5,667,2
The Desert Bride,Movie,2017,TV-14,78 min,"Argentina, Chile",78,0,6,4,3
The Detained,Movie,2017,TV-14,85 min,United States,85,0,6,603,1
The Devil and Father Amorth,Movie,2017,TV-PG,69 min,"Italy, United States",69,0,9,316,3
The Devil Inside,Movie,2012,R,84 min,United States,84,0,5,603,3
The Devil Is a Part-Timer!,TV Show,2013,TV-14,1 Season,Japan,1,1,6,319,0
The Devil We Know,Movie,2018,TV-14,88 min,United States,88,0,6,603,1
The Diabolical,Movie,2015,TV-MA,86 min,United States,86,0,8,603,1
The Dreamer,Movie,2009,TV-PG,121 min,Indonesia,121,0,9,272,2
The Drowning,Movie,2016,TV-MA,99 min,"United States, Hong Kong",99,0,8,667,1
The Drunk and on Drugs Happy Funtime Hour,TV Show,2011,TV-MA,1 Season,Canada,1,1,8,58,0
The Duel,Movie,2016,R,110 min,United States,110,0,5,603,1
The Dukes of Hazzard,Movie,2005,PG-13,104 min,United States,104,0,4,603,1
The Dukes of Hazzard: The Beginning,Movie,2007,R,95 min,United States,95,0,5,603,1
The Eichmann Show,Movie,2015,TV-MA,96 min,"United Kingdom, Lithuania",96,0,8,567,1
The Eighties,TV Show,2016,TV-PG,1 Season,United States,1,1,9,603,0
The End of the Tour,Movie,2015,R,106 min,United States,106,0,5,603,1
The Endless,Movie,2017,TV-MA,112 min,United States,112,0,8,603,1
The Evil Dead,Movie,1981,TV-MA,85 min,United States,85,0,8,603,1
The Exception,Movie,2016,R,107 min,"United Kingdom, United States",107,0,5,589,1
The Eyes of My Mother,Movie,2016,R,76 min,United States,76,0,5,603,3
The Fear,TV Show,2012,TV-MA,1 Season,United Kingdom,1,1,8,506,0
The Fear of 13,Movie,2015,TV-MA,95 min,United Kingdom,95,0,8,506,1
The Feels,Movie,2018,TV-MA,88 min,United States,88,0,8,603,1
The Fighter,Movie,2010,R,116 min,United States,116,0,5,603,1
The Figurine (Araromire),Movie,2009,TV-14,121 min,Nigeria,121,0,6,368,2
The Final Destination,Movie,2009,R,82 min,United States,82,0,5,603,3
The First Line,Movie,2014,TV-14,87 min,"United States, Greece, United Kingdom",87,0,6,666,1
The First Temptation of Christ,Movie,2019,TV-MA,46 min,Brazil,46,0,8,45,3
The First Wives Club,Movie,1996,PG,103 min,United States,103,0,3,603,1
The Five,TV Show,2016,TV-MA,1 Season,United Kingdom,1,1,8,506,0
The Five Venoms,Movie,1978,R,97 min,Hong Kong,97,0,5,239,1
The Flintstones,Movie,1994,PG,91 min,United States,91,0,3,603,1
The Flintstones in Viva Rock Vegas,Movie,2000,PG,91 min,United States,91,0,3,603,1
The Flying Guillotine,Movie,1975,TV-MA,101 min,Hong Kong,101,0,8,239,1
The Forbidden Kingdom,Movie,2008,PG-13,104 min,"United States, China",104,0,4,632,1
The Force,Movie,2017,TV-MA,92 min,United States,92,0,8,603,1
The Foreigner,Movie,2017,R,113 min,"United Kingdom, China, United States, India",113,0,5,525,1
The Forgotten,Movie,2014,TV-MA,89 min,United Kingdom,89,0,8,506,1
The Fosters,TV Show,2017,TV-14,5 Seasons,United States,5,1,6,603,0
The Founder,Movie,2016,PG-13,115 min,"United States, Greece",115,0,4,664,1
The Free Man,Movie,2016,TV-PG,84 min,New Zealand,84,0,9,363,3
The Frozen Ground,Movie,2013,R,106 min,United States,106,0,5,603,1
The Furchester Hotel,TV Show,2015,TV-Y,2 Seasons,"United Kingdom, United States",2,1,10,589,0
The Future of Water,TV Show,2007,TV-PG,1 Season,Norway,1,1,9,370,0
The Gathering,Movie,2003,TV-14,124 min,Indonesia,124,0,6,272,2
The Gentleman Driver,Movie,2018,TV-MA,83 min,United States,83,0,8,603,3
The Ghost Who Walks,Movie,2019,TV-MA,107 min,United States,107,0,8,603,1
The Girl with the Dragon Tattoo,Movie,2011,R,158 min,"United States, Sweden, Norway",158,0,5,713,2
The Golden Years with Javed Akhtar,TV Show,2016,TV-G,1 Season,India,1,1,7,251,0
The Golem,Movie,2018,TV-MA,95 min,Israel,95,0,8,296,1
The Good Catholic,Movie,2017,PG-13,97 min,United States,97,0,4,603,1
The Good Neighbor,Movie,2016,TV-MA,97 min,United States,97,0,8,603,1
"The Goods: Live Hard, Sell Hard",Movie,2009,R,89 min,United States,89,0,5,603,1
The Gospel of John,Movie,2014,TV-14,161 min,"United Kingdom, United States, Morocco",161,0,6,600,2
The Gospel of Luke,Movie,2015,TV-14,205 min,"United States, United Kingdom, Morocco",205,0,6,731,2
The Great Battle,Movie,2018,TV-MA,136 min,South Korea,136,0,8,435,2
The Great British Baking Show: Masterclass,TV Show,2018,TV-PG,4 Seasons,United Kingdom,4,1,9,506,0
The Great Gambler,Movie,1979,TV-14,161 min,India,161,0,6,251,2
The Great Raid,Movie,2005,R,133 min,"United States, Australia",133,0,5,606,2
The Great Train Robbery,TV Show,2013,NR,1 Season,United Kingdom,1,1,2,506,0
The Green Hornet,Movie,2011,PG-13,119 min,United States,119,0,4,603,1
The Guild,TV Show,2013,TV-MA,1 Season,United States,1,1,8,603,0
The Hatred,Movie,2017,R,94 min,United States,94,0,5,603,1
The Haunting of Molly Hartley,Movie,2008,PG-13,85 min,United States,85,0,4,603,1
The Healer,Movie,2017,TV-14,108 min,"Spain, Canada, United States",108,0,6,448,1
The Heat: A Kitchen (R)evolution,Movie,2018,TV-MA,71 min,Canada,71,0,8,58,3
The Help,Movie,2011,PG-13,147 min,United States,147,0,4,603,2
The Heretics,Movie,2017,TV-MA,88 min,Canada,88,0,8,58,1
The Heroes of Evil,Movie,2015,TV-MA,99 min,Spain,99,0,8,444,1
The Heyday of the Insensitive Bastards,Movie,2017,TV-MA,96 min,United States,96,0,8,603,1
The Hollow Point,Movie,2016,R,97 min,United States,97,0,5,603,1
The Holy Man,Movie,2005,TV-14,92 min,Thailand,92,0,6,488,1
The House on Coco Road,Movie,2016,TV-14,79 min,United States,79,0,6,603,3
The House That Made Me,TV Show,2015,TV-PG,3 Seasons,India,3,1,9,251,0
The Human Factor: The Untold Story of the Bombay Film Orchestras,Movie,2013,TV-PG,53 min,India,53,0,9,251,3
The Humanity Bureau,Movie,2017,R,94 min,Canada,94,0,5,58,1
The Hundred-Foot Journey,Movie,2014,PG,123 min,"United States, India, United Arab Emirates",123,0,3,675,2
The Hunt,TV Show,2015,TV-PG,1 Season,United Kingdom,1,1,9,506,0
The Hurricane Heist,Movie,2018,PG-13,103 min,"United Kingdom, United States",103,0,4,589,1
The Hurt Business,Movie,2016,PG-13,111 min,United States,111,0,4,603,1
The Imaginarium of Doctor Parnassus,Movie,2009,PG-13,123 min,"United Kingdom, Canada, France, United States",123,0,4,517,2
The Inbetweeners,TV Show,2010,TV-MA,3 Seasons,United Kingdom,3,1,8,506,0
The Incident,Movie,2014,TV-MA,100 min,Mexico,100,0,8,342,1
The Incredible Story of the Giant Pear,Movie,2018,TV-G,75 min,Denmark,75,0,7,134,3
The Incredibles 2,Movie,2018,PG,118 min,United States,118,0,3,603,1
The Indian in the Cupboard,Movie,1995,PG,96 min,United States,96,0,3,603,1
The Informant!,Movie,2009,R,108 min,United States,108,0,5,603,1
The Intent,Movie,2016,TV-MA,99 min,United Kingdom,99,0,8,506,1
The Intent 2: The Come Up,Movie,2018,TV-MA,103 min,United Kingdom,103,0,8,506,1
The Invention of Lying,Movie,2009,PG-13,99 min,United States,99,0,4,603,1
The Investigator: A British Crime Story,TV Show,2018,TV-MA,2 Seasons,United Kingdom,2,1,8,506,0
The Invitation,Movie,2015,TV-MA,100 min,United States,100,0,8,603,1
The Iron Lady,Movie,2011,PG-13,105 min,"United Kingdom, France",105,0,4,531,1
The Jack King Affair,Movie,2015,TV-14,52 min,France,52,0,6,162,3
The Jaime Maussan Show,TV Show,2010,TV-PG,1 Season,United States,1,1,9,603,0
The Jane Austen Book Club,Movie,2007,PG-13,106 min,United States,106,0,4,603,1
The Jungle Book,TV Show,2010,TV-Y7,1 Season,"India, Germany, France",1,1,11,257,0
The Jungle School,Movie,2013,TV-PG,90 min,Indonesia,90,0,9,272,1
The Keeping Hours,Movie,2017,PG-13,95 min,United States,95,0,4,603,1
The King's Speech,Movie,2010,R,118 min,"United Kingdom, United States, Australia",118,0,5,590,1
The L Word,TV Show,2009,TV-MA,6 Seasons,"Canada, United States",6,1,8,86,0
The Lady in Dignity,TV Show,2017,TV-MA,1 Season,South Korea,1,1,8,435,0
The Lake House,Movie,2006,PG,98 min,United States,98,0,3,603,1
The Lamb,Movie,2017,PG,86 min,United States,86,0,3,603,1
The Land of the Enlightened,Movie,2016,TV-MA,84 min,"Belgium, Ireland, Netherlands, Germany, Afghanistan",84,0,8,41,3
The Last Days of Chez Nous,Movie,1992,R,93 min,Australia,93,0,5,15,1
The Last Exorcism,Movie,2010,PG-13,88 min,"France, United States",88,0,4,206,1
The Last Face,Movie,2016,R,131 min,United States,131,0,5,603,2
The Last Hangover,Movie,2018,TV-MA,44 min,Brazil,44,0,8,45,3
The Last Man on the Moon,Movie,2014,TV-PG,96 min,United Kingdom,96,0,9,506,1
The Last Resort,Movie,2018,TV-14,70 min,United States,70,0,6,603,3
The Last Whistle,Movie,2019,PG,88 min,United States,88,0,3,603,1
The Legend of 420,Movie,2017,TV-MA,87 min,United States,87,0,8,603,1
The Legend of Michael Mishra,Movie,2016,TV-14,118 min,India,118,0,6,251,1
The Little Hours,Movie,2017,R,89 min,"Canada, United States",89,0,5,86,1
The Little Mermaid,Movie,2018,PG,85 min,United States,85,0,3,603,1
The Little Prince,Movie,2015,PG,107 min,"France, Canada, Italy, United States, China",107,0,3,176,1
The Lives of Others,Movie,2006,R,138 min,Germany,138,0,5,212,2
The Lizzie Borden Chronicles,TV Show,2015,TV-14,1 Season,United States,1,1,6,603,0
The Lobster,Movie,2015,R,119 min,"Ireland, United Kingdom, Greece, France, Netherlands",119,0,5,290,1
The Lodgers,Movie,2017,R,93 min,Ireland,93,0,5,279,1
The Long Goodbye: The Kara Tippetts Story,Movie,2019,TV-PG,87 min,United States,87,0,9,603,1
The Longest Yard,Movie,1974,R,121 min,United States,121,0,5,603,2
The Longshots,Movie,2008,PG,95 min,United States,95,0,3,603,1
The Look of Silence,Movie,2014,PG-13,103 min,"Denmark, Indonesia, Finland, Norway, United Kingdom, Israel, France, United States, Germany, Netherlands",103,0,4,142,1
The Lord of the Rings: The Return of the King,Movie,2003,PG-13,201 min,"New Zealand, United States",201,0,4,367,2
The Lord of the Rings: The Two Towers,Movie,2002,PG-13,179 min,"New Zealand, United States",179,0,4,367,2
The Love Guru,Movie,2008,PG-13,87 min,"United Kingdom, Germany, United States",87,0,4,551,1
The Lovers and the Despot,Movie,2016,TV-14,98 min,United Kingdom,98,0,6,506,1
The lynx,Movie,1982,TV-14,82 min,Poland,82,0,6,394,3
The Mad Monk,Movie,1993,TV-14,85 min,Hong Kong,85,0,6,239,1
The Magic Pill,Movie,2017,TV-PG,90 min,"United States, Australia, South Africa, United Kingdom",90,0,9,610,1
The Making of Frozen Planet,TV Show,2012,TV-PG,1 Season,"United Kingdom, United States, Spain, Germany, Greece, Canada",1,1,9,601,0
The Man Who Would Be Polka King,Movie,2009,TV-14,68 min,United States,68,0,6,603,3
The Mask of Zorro,Movie,1998,PG-13,138 min,"United States, Germany, Mexico",138,0,4,659,2
The Matrix,Movie,1999,R,136 min,United States,136,0,5,603,2
The Matrix Reloaded,Movie,2003,R,138 min,United States,138,0,5,603,2
The Matrix Revolutions,Movie,2003,R,129 min,United States,129,0,5,603,2
The Mayo Clinic,Movie,2018,TV-14,116 min,United States,116,0,6,603,1
The Mayor,Movie,2017,TV-MA,130 min,South Korea,130,0,8,435,2
"The Memphis Belle: A Story of a
Flying Fortress",Movie,1944,TV-PG,40 min,United States,40,0,9,603,3
The Men Who Stare at Goats,Movie,2009,R,94 min,"United States, United Kingdom",94,0,5,718,1
The Messengers,TV Show,2015,TV-14,1 Season,United States,1,1,6,603,0
The Mind of a Chef,TV Show,2016,TV-PG,5 Seasons,United States,5,1,9,603,0
The Minimighty Kids,TV Show,2012,TV-G,2 Seasons,France,2,1,7,162,0
The Ministry of Time,TV Show,2017,TV-MA,3 Seasons,Spain,3,1,8,444,0
The Model,Movie,2016,TV-MA,104 min,Denmark,104,0,8,134,1
The Monster,Movie,2016,R,91 min,"United States, Canada",91,0,5,621,1
The Monster of Mangatiti,Movie,2015,TV-MA,70 min,New Zealand,70,0,8,363,3
The Mortified Guide,TV Show,2018,TV-MA,1 Season,United States,1,1,8,603,0
The Most Beautiful Hands of Delhi,TV Show,2017,TV-MA,1 Season,Sweden,1,1,8,470,0
The Muppets,Movie,2011,PG,104 min,United States,104,0,3,603,1
The Murder Detectives,TV Show,2015,TV-MA,1 Season,United Kingdom,1,1,8,506,0
The Music of Silence,Movie,2017,TV-PG,115 min,Italy,115,0,9,302,1
The Naked Gun: From the Files of Police Squad!,Movie,1988,PG-13,85 min,United States,85,0,4,603,1
The Natural,Movie,1984,PG,138 min,United States,138,0,3,603,2
The Negro Soldier,Movie,1944,TV-14,40 min,United States,40,0,6,603,3
The Netflix Afterparty,TV Show,2021,TV-MA,1 Season,United States,1,1,8,603,0
The New Romantic,Movie,2018,TV-MA,82 min,Canada,82,0,8,58,3
The Nineties,TV Show,2017,TV-14,1 Season,United States,1,1,6,603,0
The NSU-Complex,Movie,2016,TV-14,90 min,Germany,90,0,6,212,1
The Nutcracker and the Four Realms,Movie,2018,PG,99 min,United States,99,0,3,603,1
The Office (U.S.),TV Show,2012,TV-14,9 Seasons,United States,9,1,6,603,0
The One I Love,Movie,2014,R,91 min,United States,91,0,5,603,1
The Only Mother To You All,Movie,2008,TV-PG,106 min,Philippines,106,0,9,388,1
The Other Guys,Movie,2010,PG-13,108 min,United States,108,0,4,603,1
The Parole Officer,Movie,2001,R,94 min,United Kingdom,94,0,5,506,1
The Pass,Movie,2016,NR,87 min,United Kingdom,87,0,2,506,1
The Peacemaker,Movie,1997,R,124 min,United States,124,0,5,603,2
The Pelican Brief,Movie,1993,PG-13,141 min,United States,141,0,4,603,2
The Perks of Being a Wallflower,Movie,2012,PG-13,103 min,United States,103,0,4,603,1
The Phantom of the Opera,Movie,2004,PG-13,141 min,"United Kingdom, United States",141,0,4,589,2
The Physician,Movie,2013,R,155 min,Germany,155,0,5,212,2
The Pink Panther,Movie,2006,PG,93 min,"United States, Czech Republic",93,0,3,639,1
The Pirate Fairy,Movie,2014,G,78 min,United States,78,0,0,603,3
The Pirates of Somalia,Movie,2017,R,118 min,"Somalia, Kenya, Sudan, South Africa, United States",118,0,5,425,1
The Pirates! Band of Misfits,Movie,2012,PG,88 min,"United Kingdom, United States",88,0,3,589,1
The Place Beyond the Pines,Movie,2012,R,140 min,United States,140,0,5,603,2
The Plan,Movie,2015,TV-MA,124 min,India,124,0,8,251,2
The Player,Movie,2012,TV-MA,110 min,Egypt,110,0,8,150,1
The Polar Express,Movie,2004,G,100 min,United States,100,0,0,603,1
The Power of Grayskull: The Definitive History of He-Man and the Masters of the Universe,Movie,2017,TV-14,96 min,"Canada, United States",96,0,6,86,1
The President's Barber,Movie,2004,TV-MA,116 min,South Korea,116,0,8,435,1
The Prince,Movie,2014,R,91 min,"United States, United Kingdom",91,0,5,718,1
The Prince & Me,Movie,2004,PG,111 min,"United States, Czech Republic",111,0,3,639,1
The Princess and the Frog,Movie,2009,G,98 min,United States,98,0,0,603,1
The Prison,Movie,2017,TV-MA,125 min,South Korea,125,0,8,435,2
The Pursuit,Movie,2019,TV-14,76 min,United States,76,0,6,603,3
The Pursuit of Happyness,Movie,2006,PG-13,117 min,United States,117,0,4,603,1
The Push,Movie,2018,TV-MA,90 min,United States,90,0,8,603,1
The Pyramid Code,TV Show,2009,TV-PG,1 Season,Canada,1,1,9,58,0
The Rainbow Troops,Movie,2008,TV-PG,119 min,Indonesia,119,0,9,272,2
The Rainmaker,Movie,1997,PG-13,136 min,"United States, Germany",136,0,4,656,2
The Rap Game,TV Show,2016,TV-14,1 Season,United States,1,1,6,603,0
The Rat Race,Movie,2010,TV-PG,52 min,India,52,0,9,251,3
The Real Football Factories,TV Show,2006,TV-MA,1 Season,United Kingdom,1,1,8,506,0
The Real Miyagi,Movie,2015,TV-PG,81 min,"United States, Canada, Japan, Panama",81,0,9,628,3
The Rebound,Movie,2016,TV-MA,77 min,United States,77,0,8,603,3
The Redeemed and the Dominant: Fittest on Earth,Movie,2017,TV-14,120 min,United States,120,0,6,603,1
The Rehearsal,Movie,2016,TV-MA,102 min,New Zealand,102,0,8,363,1
The Returned,TV Show,2015,TV-MA,1 Season,France,1,1,8,162,0
The Rezort,Movie,2016,TV-MA,90 min,"United Kingdom, Spain, Belgium",90,0,8,584,1
The Rift: The Dark Side of the Moon,Movie,2016,TV-MA,92 min,"Serbia, South Korea, Slovenia",92,0,8,417,1
The Right One,Movie,2011,TV-14,93 min,Egypt,93,0,6,150,1
The Ring,Movie,2002,PG-13,116 min,United States,116,0,4,603,1
The Riot Club,Movie,2014,R,107 min,United Kingdom,107,0,5,506,1
The River Thief,Movie,2016,NR,87 min,United States,87,0,2,603,1
The River Wild,Movie,1994,PG-13,111 min,United States,111,0,4,603,1
The Road to Calvary,TV Show,2017,TV-14,1 Season,Russia,1,1,6,407,0
The Rolling Stones: Olé Olé Olé! A Trip Across Latin America,Movie,2016,TV-MA,101 min,United Kingdom,101,0,8,506,1
The Roommate,Movie,2011,PG-13,91 min,United States,91,0,4,603,1
The Rover,Movie,2014,R,103 min,"Australia, United States",103,0,5,30,1
THE RUM DIARY,Movie,2011,R,120 min,"United States, United Kingdom",120,0,5,718,2
The Runner,Movie,2015,R,90 min,United States,90,0,5,603,1
The Salvation,Movie,2014,R,92 min,"Denmark, United Kingdom, South Africa, Sweden, Belgium",92,0,5,146,1
The Sapphires,Movie,2012,PG-13,99 min,Australia,99,0,4,15,1
The Score,Movie,2001,R,124 min,"Germany, Canada, United States",124,0,5,216,2
The Sea of Trees,Movie,2015,PG-13,111 min,United States,111,0,4,603,1
The Search for Life in Space,Movie,2016,TV-G,32 min,United States,32,0,7,603,0
The Secret Life of Pets 2,Movie,2019,PG,86 min,"United States, France, Japan",86,0,3,650,1
The Seven Five,Movie,2014,R,104 min,United States,104,0,5,603,1
The Seventies,TV Show,2015,TV-PG,1 Season,United States,1,1,9,603,0
The Shaukeens,Movie,2014,TV-MA,123 min,India,123,0,8,251,2
The Show,Movie,2017,TV-MA,105 min,United States,105,0,8,603,1
The Sign of Venus,Movie,1955,TV-14,97 min,Italy,97,0,6,302,1
The Signal,Movie,2014,PG-13,97 min,United States,97,0,4,603,1
The Similars,Movie,2015,NR,90 min,Mexico,90,0,2,342,1
The Sinking Of Van Der Wijck,Movie,2013,TV-14,163 min,Indonesia,163,0,6,272,2
The Sniffer,TV Show,2017,TV-MA,3 Seasons,Ukraine,3,1,8,498,0
The Social Network,Movie,2010,PG-13,121 min,United States,121,0,4,603,2
The Space Between Us,Movie,2016,PG-13,120 min,United States,120,0,4,603,2
The Spectacular Now,Movie,2013,R,95 min,United States,95,0,5,603,1
The spiral,Movie,1978,TV-MA,84 min,Poland,84,0,8,394,1
The Spy Next Door,Movie,2010,PG,94 min,United States,94,0,3,603,1
The Spy Who Fell to Earth,Movie,2019,TV-MA,94 min,United Kingdom,94,0,8,506,1
The Stanford Prison Experiment,Movie,2015,R,122 min,United States,122,0,5,603,2
The Story of God with Morgan Freeman,TV Show,2017,TV-14,2 Seasons,United States,2,1,6,603,0
The Story of Us with Morgan Freeman,TV Show,2017,TV-14,1 Season,United States,1,1,6,603,0
The Student,Movie,2017,TV-14,90 min,United States,90,0,6,603,1
The Sunshine Makers,Movie,2015,TV-MA,91 min,United Kingdom,91,0,8,506,1
The Super,Movie,2017,R,89 min,United States,89,0,5,603,1
The Super Mario Bros. Super Show!,TV Show,1989,TV-Y7,1 Season,"United States, Canada",1,1,11,621,0
The Surrounding Game,Movie,2018,TV-14,98 min,United States,98,0,6,603,1
The Taking of Pelham 123,Movie,2009,R,106 min,"United States, United Kingdom",106,0,5,718,1
The Talented Mr. Ripley,Movie,1999,R,139 min,United States,139,0,5,603,2
The Texas Chainsaw Massacre,Movie,1974,R,83 min,United States,83,0,5,603,3
The Thief and the Imbecile,Movie,2013,TV-14,96 min,Egypt,96,0,6,150,1
The Tiger Hunter,Movie,2016,TV-14,94 min,United States,94,0,6,603,1
The Tigers of Scotland,Movie,2017,TV-G,58 min,United Kingdom,58,0,7,506,3
The Time Machine,Movie,2002,PG-13,96 min,"United States, United Arab Emirates",96,0,4,717,1
The Time Traveler's Wife,Movie,2009,PG-13,107 min,United States,107,0,4,603,1
The Traffickers,TV Show,2016,TV-MA,1 Season,United States,1,1,8,603,0
The Tribes of Palos Verdes,Movie,2017,R,104 min,United States,104,0,5,603,1
The Trigger Effect,Movie,1996,R,94 min,United States,94,0,5,603,1
The Trip to Spain,Movie,2016,TV-MA,108 min,United Kingdom,108,0,8,506,1
The Trust,Movie,2015,R,91 min,United States,91,0,5,603,1
The Truth About Alcohol,Movie,2016,TV-14,58 min,United Kingdom,58,0,6,506,3
The Tudors,TV Show,2010,TV-MA,4 Seasons,"Ireland, Canada, United States, United Kingdom",4,1,8,283,0
The Tuxedo,Movie,2002,PG-13,99 min,United States,99,0,4,603,1
The Twilight Zone (Original Series),TV Show,1963,TV-14,4 Seasons,United States,4,1,6,603,0
The Ugly Truth,Movie,2009,R,96 min,United States,96,0,5,603,1
The Unborn Child,Movie,2011,TV-MA,93 min,Thailand,93,0,8,488,1
The Universe,TV Show,2009,TV-14,1 Season,United States,1,1,6,603,0
The Unknown Girl,Movie,2016,TV-MA,106 min,"Belgium, France",106,0,8,39,1
The Unknown Known,Movie,2013,PG-13,103 min,United States,103,0,4,603,1
The Vatican Tapes,Movie,2015,PG-13,91 min,United States,91,0,4,603,1
The Vietnam War: A Film by Ken Burns and Lynn Novick,TV Show,2017,TV-MA,1 Season,United States,1,1,8,603,0
The Walls of the Moon,Movie,2015,TV-14,98 min,Egypt,98,0,6,150,1
The War: A Film by Ken Burns and Lynn Novick,TV Show,2007,TV-14,1 Season,United States,1,1,6,603,0
The Water Diviner,Movie,2014,R,111 min,"Australia, United States",111,0,5,30,1
The Water Horse: Legend of the Deep,Movie,2007,PG,112 min,"New Zealand, United Kingdom, Australia",112,0,3,366,1
The Waterboy,Movie,1998,PG-13,90 min,United States,90,0,4,603,1
The Wedding Curse,Movie,2006,TV-PG,101 min,Philippines,101,0,9,388,1
The Wedding Party 2: Destination Dubai,Movie,2017,TV-14,98 min,Nigeria,98,0,6,368,1
The West Wing,TV Show,2005,TV-14,7 Seasons,United States,7,1,6,603,0
The Witch,Movie,2015,R,92 min,"United Kingdom, Canada, United States",92,0,5,520,1
The Witch Files,Movie,2018,TV-14,88 min,United States,88,0,6,603,1
The Womanizer,TV Show,2010,TV-MA,1 Season,China,1,1,8,105,0
The Women Who Kill Lions,Movie,2016,TV-MA,47 min,United Kingdom,47,0,8,506,3
The Women's Balcony,Movie,2016,TV-PG,100 min,Israel,100,0,9,296,1
The Workshop,Movie,2017,TV-MA,114 min,France,114,0,8,162,1
The World Is Not Enough,Movie,1999,PG-13,128 min,"United Kingdom, United States",128,0,4,589,2
The World's Most Wanted Animal,Movie,2018,TV-PG,53 min,United Kingdom,53,0,9,506,3
The Wrong Babysitter,Movie,2017,TV-14,89 min,Canada,89,0,6,58,1
The Year of Happiness and Love,TV Show,2009,TV-PG,1 Season,Taiwan,1,1,9,483,0
The Young Offenders,Movie,2016,TV-MA,83 min,Ireland,83,0,8,279,3
The Young Vagabond,Movie,1985,TV-14,85 min,Hong Kong,85,0,6,239,1
Theater of Life,Movie,2016,TV-PG,94 min,Canada,94,0,9,58,1
Theeram,Movie,2017,TV-14,104 min,India,104,0,6,251,1
"Thelonious Monk: Straight, No Chaser",Movie,1988,PG-13,89 min,United States,89,0,4,603,1
Theo Who Lived,Movie,2016,TV-14,86 min,United States,86,0,6,603,1
ThirTEEN Terrors,TV Show,2014,TV-14,1 Season,Thailand,1,1,6,488,0
This Is My Love,TV Show,2015,TV-14,1 Season,South Korea,1,1,6,435,0
This Is Not What I Expected,Movie,2017,TV-PG,107 min,China,107,0,9,105,1
This Was Tomorrow,Movie,2015,NR,77 min,Belgium,77,0,2,38,3
Thithi,Movie,2015,TV-MA,123 min,"India, United States",123,0,8,271,2
Thong Dee Fun Khao,Movie,2017,TV-MA,122 min,Thailand,122,0,8,488,2
Thor: Ragnarok,Movie,2017,PG-13,131 min,United States,131,0,4,603,2
Thor: Tales of Asgard,Movie,2011,TV-Y7,77 min,"United States, Canada",77,0,11,621,3
Thorne: Scaredy Cat,Movie,2010,NR,125 min,United Kingdom,125,0,2,506,2
Thorne: Sleepyhead,Movie,2010,NR,125 min,"United Kingdom, Australia, Canada, United States",125,0,2,509,2
Three,Movie,2016,TV-MA,88 min,"Hong Kong, China",88,0,8,241,1
Thumper,Movie,2017,TV-MA,93 min,United States,93,0,8,603,1
Thunderbolt,Movie,1947,TV-PG,42 min,United States,42,0,9,603,3
Tientsin Mystic,TV Show,2017,TV-14,1 Season,China,1,1,6,105,0
Tik Tok,Movie,2016,TV-14,108 min,China,108,0,6,105,1
Tikli and Laxmi Bomb,Movie,2017,TV-MA,151 min,India,151,0,8,251,2
Time Please,Movie,2013,TV-14,125 min,India,125,0,6,251,2
Tinker Bell and the Legend of the NeverBeast,Movie,2014,G,78 min,United States,78,0,0,603,3
Tinker',Movie,2018,TV-14,97 min,United States,97,0,6,603,1
Tip the Mouse,TV Show,2014,TV-Y,1 Season,"Germany, United States, Italy",1,1,10,232,0
To Be a Miss,Movie,2016,TV-14,84 min,"United States, Venezuela",84,0,6,735,3
"To Wong Foo, Thanks for Everything! Julie Newmar",Movie,1995,PG-13,108 min,United States,108,0,4,603,1
Toast of London,TV Show,2015,TV-MA,3 Seasons,United Kingdom,3,1,8,506,0
Tobot,TV Show,2018,TV-Y7,2 Seasons,Canada,2,1,11,58,0
Tokyo Idols,Movie,2017,TV-14,89 min,"United Kingdom, Canada, Japan",89,0,6,519,1
Tomorrow Never Dies,Movie,1997,PG-13,119 min,"United Kingdom, United States",119,0,4,589,2
Top 10 Secrets and Mysteries,TV Show,2018,TV-14,1 Season,"United Kingdom, United States, Czech Republic",1,1,6,592,0
Top Grier,TV Show,2018,TV-MA,3 Seasons,United States,3,1,8,603,0
Tope: The Bait,Movie,2016,TV-14,87 min,India,87,0,6,251,1
Tortilla Soup,Movie,2001,PG-13,104 min,United States,104,0,4,603,1
Total Frat Movie,Movie,2016,NR,94 min,United States,94,0,2,603,1
Tracers,Movie,2015,PG-13,94 min,United States,94,0,4,603,1
Traffic Signal,Movie,2007,TV-MA,130 min,India,130,0,8,251,2
Train of the Dead,Movie,2007,TV-MA,88 min,Thailand,88,0,8,488,1
Train to Busan,Movie,2016,TV-MA,118 min,South Korea,118,0,8,435,1
Trainspotting,Movie,1996,R,94 min,United Kingdom,94,0,5,506,1
Traitor,Movie,2008,PG-13,114 min,United States,114,0,4,603,1
Transcendence,Movie,2014,PG-13,119 min,"United Kingdom, China, United States",119,0,4,524,1
Trash,Movie,2014,R,114 min,"United Kingdom, Brazil, Germany",114,0,5,515,1
Trash Fire,Movie,2016,R,94 min,United States,94,0,5,603,1
Treasures from the Wreck of the Unbelievable,Movie,2017,TV-G,82 min,United Kingdom,82,0,7,506,3
Tree Man,Movie,2015,TV-PG,82 min,Canada,82,0,9,58,3
Tremors,Movie,1990,PG-13,96 min,United States,96,0,4,603,1
Tremors 3: Back to Perfection,Movie,2001,PG,104 min,United States,104,0,3,603,1
Tremors 4: The Legend Begins,Movie,2004,PG-13,101 min,United States,101,0,4,603,1
Tremors 5:  Bloodline,Movie,2015,PG-13,99 min,"South Africa, United States",99,0,4,431,1
Tremors 6: A Cold Day in Hell,Movie,2018,PG-13,98 min,"United States, South Africa",98,0,4,706,1
Trespass Against Us,Movie,2016,R,100 min,United Kingdom,100,0,5,506,1
"Trikal (Past, Present, Future)",Movie,1985,TV-14,134 min,India,134,0,6,251,2
Trimurti,Movie,1995,TV-PG,173 min,India,173,0,9,251,2
Trip to Bhangarh: Asia's Most Haunted Place,Movie,2014,TV-MA,113 min,India,113,0,8,251,1
Trixie Mattel: Moving Parts,Movie,2019,TV-MA,91 min,United States,91,0,8,603,1
Trophy,Movie,2017,TV-MA,110 min,"United Kingdom, Namibia, South Africa, Zimbabwe, United States",110,0,8,569,1
Trotsky,TV Show,2017,TV-MA,1 Season,Russia,1,1,8,407,0
Troy: The Odyssey,Movie,2017,TV-MA,90 min,United States,90,0,8,603,1
True Grit,Movie,1969,G,128 min,United States,128,0,0,603,2
True to the Game,Movie,2017,R,108 min,United States,108,0,5,603,1
Trumbo,Movie,2015,R,124 min,United States,124,0,5,603,2
Tucker and Dale vs. Evil,Movie,2010,R,89 min,"Canada, United States, India, United Kingdom",89,0,5,91,1
Tukaram,Movie,2012,TV-PG,162 min,India,162,0,9,251,2
Tunisian Victory,Movie,1944,TV-14,76 min,"United States, United Kingdom",76,0,6,718,3
Turbo,Movie,2013,PG,96 min,United States,96,0,3,603,1
Tusk,Movie,2014,R,102 min,United States,102,0,5,603,1
Twice,Movie,2010,TV-14,53 min,"Japan, United States",53,0,6,322,3
Twin Peaks,TV Show,1990,TV-14,2 Seasons,United States,2,1,6,603,0
Twinsanity,Movie,2018,TV-MA,86 min,United States,86,0,8,603,1
Twirlywoos,TV Show,2018,TV-Y,2 Seasons,United Kingdom,2,1,10,506,0
"Twisted Trunk, Big Fat Body",Movie,2015,TV-14,89 min,India,89,0,6,251,1
Two Graves,Movie,2018,TV-MA,80 min,United Kingdom,80,0,8,506,3
Two Lovers and a Bear,Movie,2016,R,95 min,Canada,95,0,5,58,1
Tyke Elephant Outlaw,Movie,2015,TV-14,78 min,Australia,78,0,6,15,3
Tyson,Movie,2008,R,90 min,"United States, France",90,0,5,643,1
Ugly,Movie,2013,NR,125 min,India,125,0,2,251,2
Ugly Duckling,TV Show,2015,TV-14,4 Seasons,Thailand,4,1,6,488,0
Una,Movie,2016,R,94 min,"United Kingdom, Canada, United States",94,0,5,520,1
Unaccompanied Minors,Movie,2006,PG,90 min,United States,90,0,3,603,1
Unacknowledged,Movie,2017,TV-MA,104 min,United States,104,0,8,603,1
Under an Arctic Sky,Movie,2017,TV-14,40 min,United States,40,0,6,603,3
Under The Skin,Movie,2013,R,108 min,"Switzerland, United Kingdom, United States",108,0,5,479,1
Undercover Grandpa,Movie,2016,PG-13,94 min,Canada,94,0,4,58,1
Undercover: How to Operate Behind Enemy Lines,Movie,1943,TV-PG,61 min,United States,61,0,9,603,3
Unfinished Song,Movie,2012,PG-13,94 min,"United Kingdom, Germany",94,0,4,545,1
Union Leader,Movie,2017,TV-14,105 min,"Canada, India",105,0,6,69,1
Unruly Friends,Movie,2011,TV-14,83 min,Egypt,83,0,6,150,3
Up in the Air,Movie,2009,R,110 min,United States,110,0,5,603,1
Urvi,Movie,2017,TV-MA,121 min,India,121,0,8,251,2
Used Goods,Movie,2018,TV-14,95 min,Egypt,95,0,6,150,1
USS Indianapolis: Men of Courage,Movie,2016,R,130 min,United States,130,0,5,603,2
V for Vendetta,Movie,2005,R,132 min,"United States, United Kingdom, Germany",132,0,5,726,2
V.R. Troopers,TV Show,1995,TV-G,2 Seasons,United States,2,1,7,603,0
Vantage Point,Movie,2008,PG-13,90 min,United States,90,0,4,603,1
Veerappan,Movie,2016,TV-14,117 min,India,117,0,6,251,1
Veerey Ki Wedding,Movie,2018,TV-14,130 min,India,130,0,6,251,2
Vegas Baby,Movie,2016,TV-14,78 min,United States,78,0,6,603,3
Viceroy's House,Movie,2017,NR,106 min,"United Kingdom, India, Sweden",106,0,2,556,1
Victor,Movie,2015,PG-13,110 min,United States,110,0,4,603,1
Viking Destiny,Movie,2018,R,91 min,"United Kingdom, Belgium",91,0,5,513,1
Vikings Unearthed,Movie,2016,TV-PG,113 min,United States,113,0,9,603,1
Vincent N Roxxy,Movie,2016,R,101 min,United States,101,0,5,603,1
Viswasapoorvam Mansoor,Movie,2017,TV-14,125 min,India,125,0,6,251,2
Vitti Dandu,Movie,2014,TV-14,116 min,India,116,0,6,251,1
Vizontele Tuuba,Movie,2004,NR,106 min,Turkey,106,0,2,492,1
Vodka Diaries,Movie,2018,TV-14,113 min,India,113,0,6,251,1
Vroomiz,TV Show,2016,TV-Y,3 Seasons,South Korea,3,1,10,435,0
VS.,Movie,2018,TV-MA,99 min,United Kingdom,99,0,8,506,1
Waar,Movie,2013,TV-MA,130 min,Pakistan,130,0,8,380,2
Waarrior Savitri,Movie,2016,TV-14,120 min,India,120,0,6,251,2
Waiting,Movie,2015,TV-MA,94 min,India,94,0,8,251,1
Waiting...,Movie,2005,R,94 min,United States,94,0,5,603,1
Wakefield,Movie,2016,R,109 min,United States,109,0,5,603,1
Walk with Me,Movie,2017,TV-PG,94 min,United Kingdom,94,0,9,506,1
Walking Out,Movie,2017,PG-13,96 min,United States,96,0,4,603,1
War,Movie,2007,R,103 min,"United States, Canada",103,0,5,621,1
War Chhod Na Yaar,Movie,2013,TV-14,109 min,India,109,0,6,251,1
War Horse,Movie,2011,PG-13,147 min,"United States, India",147,0,4,671,2
War on Everyone,Movie,2016,R,98 min,United Kingdom,98,0,5,506,1
Warda,Movie,2014,TV-14,73 min,Egypt,73,0,6,150,3
Warehoused,Movie,2015,TV-14,92 min,Mexico,92,0,6,342,1
Wartime Portraits,TV Show,2014,TV-MA,1 Season,Poland,1,1,8,394,0
Water & Power: A California Heist,Movie,2017,PG,78 min,United States,78,0,3,603,3
Waterschool,Movie,2018,TV-G,68 min,"United States, Brazil, India, Uganda, China",68,0,7,615,3
We Are Your Friends,Movie,2015,R,96 min,"United Kingdom, France, United States",96,0,5,542,1
We Belong Together,Movie,2018,TV-14,83 min,United States,83,0,6,603,3
We Need to Talk,Movie,2016,TV-MA,91 min,Spain,91,0,8,444,1
We the Animals,Movie,2018,R,93 min,United States,93,0,5,603,1
"We, the Marines",Movie,2017,TV-PG,38 min,United States,38,0,9,603,3
We're No Animals,Movie,2015,TV-MA,94 min,"United States, Argentina",94,0,8,605,1
Weather forecast,Movie,1983,TV-MA,91 min,Poland,91,0,8,394,1
Weeds,TV Show,2012,TV-MA,8 Seasons,United States,8,1,8,603,0
Weeds on Fire,Movie,2016,TV-MA,95 min,Hong Kong,95,0,8,239,1
Weird Wonders of the World,TV Show,2016,TV-PG,2 Seasons,United Kingdom,2,1,9,506,0
Welcome 2 Karachi,Movie,2015,TV-MA,124 min,India,124,0,8,251,2
Welcome to Monster High: The Origin Story,Movie,2016,TV-Y7,73 min,United States,73,0,11,603,3
Welcome to New York,Movie,2014,R,108 min,"United States, France",108,0,5,643,1
Welcome to Willits,Movie,2017,TV-MA,84 min,United States,84,0,8,603,3
Westerplatte Resists,Movie,1967,TV-MA,93 min,Poland,93,0,8,394,1
What a Wonderful Family!,Movie,2017,TV-14,102 min,China,102,0,6,105,1
What Happens to My Family,TV Show,2016,TV-14,1 Season,Turkey,1,1,6,492,0
What Is Love?,TV Show,2012,TV-14,1 Season,Taiwan,1,1,6,483,0
What Lies Beneath,Movie,2000,PG-13,130 min,United States,130,0,4,603,2
What Makes a Psychopath?,Movie,2017,TV-14,52 min,United Kingdom,52,0,6,506,3
What Still Remains,Movie,2018,TV-14,91 min,United States,91,0,6,603,1
What's Up With Love?,Movie,2002,R,110 min,Indonesia,110,0,5,272,1
When Calls the Heart,TV Show,2017,TV-PG,5 Seasons,United States,5,1,9,603,0
When Hari Got Married,Movie,2013,NR,75 min,"United Kingdom, India, United States",75,0,2,557,3
When Two Worlds Collide,Movie,2016,TV-14,103 min,"Peru, United States, United Kingdom",103,0,6,387,1
Where the Money Is,Movie,2000,PG-13,89 min,"Germany, United States, United Kingdom, Canada",89,0,4,234,1
Where's the Money,Movie,2017,R,86 min,United States,86,0,5,603,1
While We're Young,Movie,2015,R,97 min,United States,97,0,5,603,1
White Chamber,Movie,2018,TV-MA,89 min,United Kingdom,89,0,8,506,1
White Island,Movie,2016,TV-MA,91 min,United Kingdom,91,0,8,506,1
Who the F**k Is That Guy?,Movie,2017,TV-MA,78 min,United States,78,0,8,603,3
Who's That Knocking at My Door?,Movie,1967,R,90 min,United States,90,0,5,603,1
Who's the One,TV Show,2011,TV-14,1 Season,Taiwan,1,1,6,483,0
Why Are We Getting So Fat?,Movie,2016,TV-14,50 min,United Kingdom,50,0,6,506,3
Why Knot,Movie,2016,TV-MA,84 min,"Canada, India, Thailand, United States, United Arab Emirates",84,0,8,70,3
Why We Fight: The Battle of Russia,Movie,1943,TV-PG,82 min,United States,82,0,9,603,3
Wild Alaska,TV Show,2015,TV-PG,1 Season,United Kingdom,1,1,9,506,0
Wild Arabia,TV Show,2013,TV-PG,1 Season,United Kingdom,1,1,9,506,0
Wild Wild West,Movie,1999,PG-13,106 min,United States,106,0,4,603,1
Wildlife,Movie,2018,PG-13,105 min,United States,105,0,4,603,1
Williams,Movie,2017,TV-MA,105 min,United Kingdom,105,0,8,506,1
Willy Wonka & the Chocolate Factory,Movie,1971,G,100 min,"United States, East Germany, West Germany",100,0,0,642,1
Winnie,Movie,2017,TV-14,85 min,"France, Netherlands, South Africa, Finland",85,0,6,195,1
Winsanity,TV Show,2016,TV-G,1 Season,United States,1,1,7,603,0
Winter of Our Dreams,Movie,1981,NR,86 min,Australia,86,0,2,15,1
Winter Sun,TV Show,2014,TV-MA,1 Season,Turkey,1,1,8,492,0
Winter's Bone,Movie,2010,R,100 min,United States,100,0,5,603,1
Wish I Was Here,Movie,2014,R,106 min,United States,106,0,5,603,1
Wish Man,Movie,2019,TV-14,108 min,United States,108,0,6,603,1
Withdrawn,Movie,2017,TV-MA,74 min,Canada,74,0,8,58,3
Wolves,Movie,2016,R,109 min,United States,109,0,5,603,1
Women Behind Bars,TV Show,2010,TV-14,3 Seasons,United States,3,1,6,603,0
Woodstock,Movie,2019,TV-MA,97 min,United States,97,0,8,603,1
World Trade Center,Movie,2006,PG-13,129 min,United States,129,0,4,603,2
World's Busiest Cities,TV Show,2017,TV-PG,1 Season,United Kingdom,1,1,9,506,0
Would You Rather,Movie,2013,TV-MA,93 min,United States,93,0,8,603,1
Wrong No.,Movie,2015,TV-14,133 min,Pakistan,133,0,6,380,2
Wrong Side Raju,Movie,2016,TV-MA,140 min,India,140,0,8,251,2
WWII: Report from the Aleutians,Movie,1943,TV-PG,45 min,United States,45,0,9,603,3
Wyatt Earp,Movie,1994,PG-13,191 min,United States,191,0,4,603,2
XX,Movie,2017,R,81 min,"Canada, United States",81,0,5,86,3
XXx,Movie,2002,PG-13,124 min,United States,124,0,4,603,2
XXX: State of the Union,Movie,2005,PG-13,101 min,United States,101,0,4,603,1
Y Tu Mamá También,Movie,2001,R,106 min,Mexico,106,0,5,342,1
Y.M.I.: Yeh Mera India,Movie,2008,TV-MA,137 min,India,137,0,8,251,2
Yaadein,Movie,2001,TV-14,171 min,India,171,0,6,251,2
Yaara O Dildaara,Movie,2011,TV-14,132 min,India,132,0,6,251,2
Yamla Pagla Deewana 2,Movie,2013,TV-14,147 min,India,147,0,6,251,2
Yanda Kartavya Aahe,Movie,2006,TV-PG,151 min,India,151,0,9,251,2
يوم الدين,Movie,2018,TV-14,97 min,"Egypt, Austria, United States",97,0,6,152,1
Yeh Meri Family,TV Show,2018,TV-PG,1 Season,India,1,1,9,251,0
Yellowbird,Movie,2014,PG,90 min,"France, Belgium",90,0,3,165,1
Yes or No,Movie,2010,TV-PG,111 min,Thailand,111,0,9,488,1
Yes or No 2,Movie,2012,TV-PG,112 min,Thailand,112,0,9,488,1
Yes or No 2.5,Movie,2015,TV-PG,107 min,Thailand,107,0,9,488,1
Yo-Kai Watch,TV Show,2015,TV-Y7,1 Season,United States,1,1,11,603,0
Yo-Kai Watch: The Movie,Movie,2016,TV-Y7,96 min,"Japan, United States",96,0,11,322,1
Yoga Hosers,Movie,2016,PG-13,88 min,United States,88,0,4,603,1
Yoko and His Friends,Movie,2015,TV-Y,78 min,"Russia, Spain",78,0,10,409,3
You Can Tutu,Movie,2017,TV-G,87 min,United Kingdom,87,0,7,506,1
You Can’t Fight Christmas,Movie,2017,TV-PG,85 min,United States,85,0,9,603,1
You Carry Me,Movie,2015,TV-MA,157 min,"Croatia, Slovenia, Serbia, Montenegro",157,0,8,127,2
You Changed My Life,Movie,2009,TV-PG,116 min,Philippines,116,0,9,388,1
You Don't Mess with the Zohan,Movie,2008,UR,113 min,United States,113,0,13,603,1
Young Adult,Movie,2011,R,94 min,United States,94,0,5,603,1
Young Tiger,Movie,1973,NR,81 min,Hong Kong,81,0,2,239,3
"Yours, Mine and Ours",Movie,2005,PG,88 min,United States,88,0,3,603,1
اشتباك,Movie,2016,TV-14,98 min,"Egypt, France",98,0,6,154,1
Yu-Gi-Oh! Arc-V,TV Show,2015,TV-Y7,2 Seasons,"Japan, Canada",2,1,11,320,0
Yunus Emre,TV Show,2016,TV-PG,2 Seasons,Turkey,2,1,9,492,0
Zak Storm,TV Show,2016,TV-Y7,3 Seasons,"United States, France, South Korea, Indonesia",3,1,11,653,0
Zed Plus,Movie,2014,TV-MA,131 min,India,131,0,8,251,2
Zenda,Movie,2009,TV-14,120 min,India,120,0,6,251,2
Zindagi Gulzar Hai,TV Show,2012,TV-PG,1 Season,Pakistan,1,1,9,380,0
Zinzana,Movie,2015,TV-MA,96 min,"United Arab Emirates, Jordan",96,0,8,500,1
Zodiac,Movie,2007,R,158 min,United States,158,0,5,603,2
Zombieland,Movie,2009,R,88 min,United States,88,0,5,603,1
Zoom,Movie,2006,PG,88 min,United States,88,0,3,603,1
Zubaan,Movie,2015,TV-14,111 min,India,111,0,6,251,1
